ISO-10303-21;
HEADER;
FILE_DESCRIPTION (( 'STEP AP214' ),
    '1' );
FILE_NAME ('px0675-pc.STEP',
    '2024-02-23T02:46:08',
    ( '' ),
    ( '' ),
    'SwSTEP 2.0',
    'SolidWorks 2024',
    '' );
FILE_SCHEMA (( 'AUTOMOTIVE_DESIGN' ));
ENDSEC;

DATA;
#1 = LINE ( 'NONE', #10778, #3314 ) ;
#2 = DIRECTION ( 'NONE',  ( 0.000000000000000000, 0.000000000000000000, 1.000000000000000000 ) ) ;
#3 = DIRECTION ( 'NONE',  ( 0.4775043600801200938, -0.8786293792632220434, 0.000000000000000000 ) ) ;
#4 = CARTESIAN_POINT ( 'NONE',  ( 0.5100000000000000089, -3.313815743959999782, -4.320000000000000284 ) ) ;
#5 = VERTEX_POINT ( 'NONE', #2516 ) ;
#6 = UNCERTAINTY_MEASURE_WITH_UNIT (LENGTH_MEASURE( 1.000000000000000082E-05 ), #7482, 'distance_accuracy_value', 'NONE');
#7 = AXIS2_PLACEMENT_3D ( 'NONE', #9343, #13672, #814 ) ;
#8 = EDGE_CURVE ( 'NONE', #11352, #1668, #6924, .T. ) ;
#9 = ORIENTED_EDGE ( 'NONE', *, *, #5095, .F. ) ;
#10 = SURFACE_STYLE_USAGE ( .BOTH. , #1058 ) ;
#11 = ORIENTED_EDGE ( 'NONE', *, *, #6049, .T. ) ;
#12 = ORIENTED_EDGE ( 'NONE', *, *, #11248, .T. ) ;
#13 = CARTESIAN_POINT ( 'NONE',  ( -7.919999999999999929, -15.22000000000000064, 4.325000000000000178 ) ) ;
#14 = ORIENTED_EDGE ( 'NONE', *, *, #12315, .F. ) ;
#15 = EDGE_CURVE ( 'NONE', #10680, #2347, #11770, .T. ) ;
#16 = ORIENTED_EDGE ( 'NONE', *, *, #3138, .T. ) ;
#17 = CYLINDRICAL_SURFACE ( 'NONE', #3041, 0.1999999999999996503 ) ;
#18 = CARTESIAN_POINT ( 'NONE',  ( 5.724999999999999645, -15.34650000000000070, 3.640000000000000124 ) ) ;
#19 = CARTESIAN_POINT ( 'NONE',  ( -7.000000000000000000, -21.56650000000000134, 3.840000000000000302 ) ) ;
#20 = ORIENTED_EDGE ( 'NONE', *, *, #10784, .T. ) ;
#21 = CARTESIAN_POINT ( 'NONE',  ( -8.394999999999999574, -22.58650000000000091, 4.650000000000000355 ) ) ;
#22 = LINE ( 'NONE', #2185, #13543 ) ;
#23 = CARTESIAN_POINT ( 'NONE',  ( -9.414999999999999147, -22.96649999999999991, 3.509999999999999787 ) ) ;
#24 = AXIS2_PLACEMENT_3D ( 'NONE', #11878, #6596, #1307 ) ;
#25 = ORIENTED_EDGE ( 'NONE', *, *, #13062, .F. ) ;
#26 = DIRECTION ( 'NONE',  ( 0.000000000000000000, 0.000000000000000000, 1.000000000000000000 ) ) ;
#27 = ORIENTED_EDGE ( 'NONE', *, *, #2145, .F. ) ;
#28 = ORIENTED_EDGE ( 'NONE', *, *, #1945, .T. ) ;
#29 = PLANE ( 'NONE',  #5259 ) ;
#30 = STYLED_ITEM ( 'NONE', ( #9058 ), #1385 ) ;
#31 = LINE ( 'NONE', #12842, #736 ) ;
#32 = LINE ( 'NONE', #8527, #763 ) ;
#33 = EDGE_LOOP ( 'NONE', ( #1798, #11502, #6723, #12590 ) ) ;
#34 = AXIS2_PLACEMENT_3D ( 'NONE', #110, #5204, #6285 ) ;
#35 = CARTESIAN_POINT ( 'NONE',  ( -9.285000000000000142, -13.31649999999999956, 4.650000000000000355 ) ) ;
#36 = ORIENTED_EDGE ( 'NONE', *, *, #9257, .F. ) ;
#37 = ORIENTED_EDGE ( 'NONE', *, *, #13377, .T. ) ;
#38 = EDGE_CURVE ( 'NONE', #3687, #4313, #5583, .T. ) ;
#39 = VECTOR ( 'NONE', #1903, 1000.000000000000000 ) ;
#40 = VERTEX_POINT ( 'NONE', #290 ) ;
#41 = DIRECTION ( 'NONE',  ( -0.000000000000000000, 0.000000000000000000, -1.000000000000000000 ) ) ;
#42 = EDGE_LOOP ( 'NONE', ( #12171, #12295, #7988, #6670 ) ) ;
#43 = CARTESIAN_POINT ( 'NONE',  ( 4.584999999999999964, -20.17650000000000077, 4.500000000000000888 ) ) ;
#44 = FACE_OUTER_BOUND ( 'NONE', #13483, .T. ) ;
#45 = LINE ( 'NONE', #12857, #9838 ) ;
#46 = CARTESIAN_POINT ( 'NONE',  ( -1.475000000000000089, -13.31649999999999956, 0.4299999999999998268 ) ) ;
#47 = EDGE_CURVE ( 'NONE', #5262, #3863, #4532, .T. ) ;
#48 = DIRECTION ( 'NONE',  ( -1.000000000000000000, -0.000000000000000000, -0.000000000000000000 ) ) ;
#49 = CIRCLE ( 'NONE', #7821, 3.000000000000000000 ) ;
#50 = FILL_AREA_STYLE_COLOUR ( '', #6113 ) ;
#51 = DIRECTION ( 'NONE',  ( 1.000000000000000000, 0.000000000000000000, -0.000000000000000000 ) ) ;
#52 = EDGE_CURVE ( 'NONE', #11732, #10676, #5501, .T. ) ;
#53 = EDGE_LOOP ( 'NONE', ( #11769, #6460, #1324, #5540 ) ) ;
#54 = AXIS2_PLACEMENT_3D ( 'NONE', #10228, #7260, #12543 ) ;
#55 = VECTOR ( 'NONE', #13607, 1000.000000000000000 ) ;
#56 = ADVANCED_FACE ( 'NONE', ( #6623 ), #1409, .T. ) ;
#57 = VECTOR ( 'NONE', #10417, 1000.000000000000000 ) ;
#58 = EDGE_CURVE ( 'NONE', #5324, #3858, #9804, .T. ) ;
#59 = LINE ( 'NONE', #3535, #10295 ) ;
#60 = ORIENTED_EDGE ( 'NONE', *, *, #7006, .F. ) ;
#61 = ORIENTED_EDGE ( 'NONE', *, *, #10887, .T. ) ;
#62 = DIRECTION ( 'NONE',  ( 0.000000000000000000, -1.000000000000000000, 0.000000000000000000 ) ) ;
#63 = FACE_OUTER_BOUND ( 'NONE', #5518, .T. ) ;
#64 = CARTESIAN_POINT ( 'NONE',  ( 24.89999999999999858, 0.000000000000000000, 15.80886698680999913 ) ) ;
#65 = AXIS2_PLACEMENT_3D ( 'NONE', #7446, #6256, #2082 ) ;
#66 = VECTOR ( 'NONE', #13028, 1000.000000000000000 ) ;
#67 = VECTOR ( 'NONE', #7168, 1000.000000000000000 ) ;
#68 = DIRECTION ( 'NONE',  ( -1.000000000000000000, -0.000000000000000000, -0.000000000000000000 ) ) ;
#69 = AXIS2_PLACEMENT_3D ( 'NONE', #8950, #7921, #9026 ) ;
#70 = DIRECTION ( 'NONE',  ( -0.000000000000000000, -1.000000000000000000, -0.000000000000000000 ) ) ;
#71 = DIRECTION ( 'NONE',  ( 1.000000000000000000, 0.000000000000000000, 0.000000000000000000 ) ) ;
#72 = EDGE_LOOP ( 'NONE', ( #2406, #3256, #895, #4508, #7633, #8975, #11542, #1501, #11591, #1797, #13109, #5554 ) ) ;
#73 = UNCERTAINTY_MEASURE_WITH_UNIT (LENGTH_MEASURE( 1.000000000000000082E-05 ), #4645, 'distance_accuracy_value', 'NONE');
#74 = VECTOR ( 'NONE', #11099, 1000.000000000000000 ) ;
#75 = AXIS2_PLACEMENT_3D ( 'NONE', #4491, #1100, #9571 ) ;
#76 = VECTOR ( 'NONE', #11815, 1000.000000000000000 ) ;
#77 = EDGE_CURVE ( 'NONE', #1020, #2578, #5653, .T. ) ;
#78 = AXIS2_PLACEMENT_3D ( 'NONE', #6165, #6291, #9408 ) ;
#79 = ORIENTED_EDGE ( 'NONE', *, *, #12246, .T. ) ;
#80 = VERTEX_POINT ( 'NONE', #12885 ) ;
#81 =( LENGTH_UNIT ( ) NAMED_UNIT ( * ) SI_UNIT ( .MILLI., .METRE. ) );
#82 = ORIENTED_EDGE ( 'NONE', *, *, #2888, .T. ) ;
#83 = ORIENTED_EDGE ( 'NONE', *, *, #8411, .T. ) ;
#84 = VECTOR ( 'NONE', #6348, 1000.000000000000000 ) ;
#85 = CARTESIAN_POINT ( 'NONE',  ( -5.181072524102905419, -13.31650000000000134, 4.500000000000000888 ) ) ;
#86 =( NAMED_UNIT ( * ) PLANE_ANGLE_UNIT ( ) SI_UNIT ( $, .RADIAN. ) );
#87 = LINE ( 'NONE', #6422, #12325 ) ;
#88 = ORIENTED_EDGE ( 'NONE', *, *, #159, .F. ) ;
#89 = LINE ( 'NONE', #10930, #5412 ) ;
#90 = VECTOR ( 'NONE', #9083, 1000.000000000000000 ) ;
#91 = EDGE_CURVE ( 'NONE', #5283, #10586, #367, .T. ) ;
#92 = LINE ( 'NONE', #12770, #8861 ) ;
#93 = VECTOR ( 'NONE', #7736, 1000.000000000000000 ) ;
#94 = DIRECTION ( 'NONE',  ( 0.000000000000000000, 0.000000000000000000, 1.000000000000000000 ) ) ;
#95 = ADVANCED_FACE ( 'NONE', ( #4603, #1341 ), #10156, .T. ) ;
#96 = EDGE_CURVE ( 'NONE', #1474, #624, #5924, .T. ) ;
#97 = VECTOR ( 'NONE', #8001, 1000.000000000000000 ) ;
#98 = ORIENTED_EDGE ( 'NONE', *, *, #11520, .T. ) ;
#99 = AXIS2_PLACEMENT_3D ( 'NONE', #3049, #3185, #9559 ) ;
#100 = CARTESIAN_POINT ( 'NONE',  ( 0.000000000000000000, -17.94999999999999929, -4.500000000000000888 ) ) ;
#101 = EDGE_LOOP ( 'NONE', ( #2710, #4567, #1227, #8173 ) ) ;
#102 = VECTOR ( 'NONE', #1983, 1000.000000000000000 ) ;
#103 = ORIENTED_EDGE ( 'NONE', *, *, #6652, .F. ) ;
#104 = DIRECTION ( 'NONE',  ( 0.000000000000000000, 0.000000000000000000, 1.000000000000000000 ) ) ;
#105 = LINE ( 'NONE', #12980, #8710 ) ;
#106 = FACE_OUTER_BOUND ( 'NONE', #10874, .T. ) ;
#107 = ORIENTED_EDGE ( 'NONE', *, *, #7073, .F. ) ;
#108 = EDGE_CURVE ( 'NONE', #5133, #7864, #4949, .T. ) ;
#109 = CARTESIAN_POINT ( 'NONE',  ( -7.000000000000000000, -17.37650000000000006, 4.650000000000000355 ) ) ;
#110 = CARTESIAN_POINT ( 'NONE',  ( -7.000000000000000000, -17.37650000000000006, 15.50000000000000000 ) ) ;
#111 = ORIENTED_EDGE ( 'NONE', *, *, #1702, .T. ) ;
#112 = EDGE_LOOP ( 'NONE', ( #12775, #679, #5775, #2150 ) ) ;
#113 = VECTOR ( 'NONE', #9324, 1000.000000000000000 ) ;
#114 = ORIENTED_EDGE ( 'NONE', *, *, #9911, .F. ) ;
#115 = LINE ( 'NONE', #7630, #5649 ) ;
#116 = ORIENTED_EDGE ( 'NONE', *, *, #7782, .T. ) ;
#117 = CARTESIAN_POINT ( 'NONE',  ( -1.395000000000000018, -22.78650000000000020, -4.320000000000000284 ) ) ;
#118 = DIRECTION ( 'NONE',  ( 0.000000000000000000, 0.000000000000000000, -1.000000000000000000 ) ) ;
#119 = DIRECTION ( 'NONE',  ( 0.000000000000000000, -0.000000000000000000, -1.000000000000000000 ) ) ;
#120 = CARTESIAN_POINT ( 'NONE',  ( -1.320799999999999974, -2.337200000000000166, -4.500000000000000888 ) ) ;
#121 = ORIENTED_EDGE ( 'NONE', *, *, #1702, .F. ) ;
#122 =( NAMED_UNIT ( * ) PLANE_ANGLE_UNIT ( ) SI_UNIT ( $, .RADIAN. ) );
#123 = LINE ( 'NONE', #2218, #8981 ) ;
#124 = VERTEX_POINT ( 'NONE', #6771 ) ;
#125 = CARTESIAN_POINT ( 'NONE',  ( 0.000000000000000000, -22.96649999999999991, -4.650000000000000355 ) ) ;
#126 = SURFACE_STYLE_FILL_AREA ( #344 ) ;
#127 = ORIENTED_EDGE ( 'NONE', *, *, #12839, .T. ) ;
#128 = VECTOR ( 'NONE', #4057, 1000.000000000000000 ) ;
#129 = EDGE_CURVE ( 'NONE', #10031, #13097, #5994, .T. ) ;
#130 = LINE ( 'NONE', #10696, #11190 ) ;
#131 = ORIENTED_EDGE ( 'NONE', *, *, #5800, .F. ) ;
#132 = ORIENTED_EDGE ( 'NONE', *, *, #13005, .T. ) ;
#133 = DIRECTION ( 'NONE',  ( 0.000000000000000000, -1.000000000000000000, -0.000000000000000000 ) ) ;
#134 = FACE_OUTER_BOUND ( 'NONE', #7750, .T. ) ;
#135 = ADVANCED_FACE ( 'NONE', ( #6901 ), #1690, .T. ) ;
#137 = VECTOR ( 'NONE', #7878, 999.9999999999998863 ) ;
#136 = FACE_OUTER_BOUND ( 'NONE', #4600, .T. ) ;
#138 = CARTESIAN_POINT ( 'NONE',  ( 0.000000000000000000, -22.96649999999999991, -7.519999999999999574 ) ) ;
#139 = DIRECTION ( 'NONE',  ( -1.000000000000000000, -0.000000000000000000, 0.000000000000000000 ) ) ;
#140 = DIRECTION ( 'NONE',  ( -0.000000000000000000, 1.000000000000000000, 0.000000000000000000 ) ) ;
#141 = ORIENTED_EDGE ( 'NONE', *, *, #5953, .F. ) ;
#142 = EDGE_CURVE ( 'NONE', #9272, #8369, #8901, .T. ) ;
#143 = DIRECTION ( 'NONE',  ( 1.000000000000000000, -0.000000000000000000, 0.000000000000000000 ) ) ;
#144 = ORIENTED_EDGE ( 'NONE', *, *, #2030, .F. ) ;
#145 =( NAMED_UNIT ( * ) PLANE_ANGLE_UNIT ( ) SI_UNIT ( $, .RADIAN. ) );
#146 = DIRECTION ( 'NONE',  ( 0.000000000000000000, 0.000000000000000000, 1.000000000000000000 ) ) ;
#147 = EDGE_CURVE ( 'NONE', #3165, #5367, #2809, .T. ) ;
#148 = DIRECTION ( 'NONE',  ( 1.000000000000000000, 0.000000000000000000, 0.000000000000000000 ) ) ;
#149 = EDGE_LOOP ( 'NONE', ( #13387, #11324, #6993, #181, #6683, #10269 ) ) ;
#151 = VERTEX_POINT ( 'NONE', #2594 ) ;
#150 = LINE ( 'NONE', #2519, #11620 ) ;
#152 = DIRECTION ( 'NONE',  ( -1.000000000000000000, 0.000000000000000000, 0.000000000000000000 ) ) ;
#153 = SURFACE_SIDE_STYLE ('',( #11717 ) ) ;
#154 = DIRECTION ( 'NONE',  ( 1.000000000000000000, 0.000000000000000000, 0.000000000000000000 ) ) ;
#155 = DIRECTION ( 'NONE',  ( 0.000000000000000000, -1.000000000000000000, -0.000000000000000000 ) ) ;
#156 = EDGE_CURVE ( 'NONE', #2890, #11785, #1981, .T. ) ;
#157 = DIRECTION ( 'NONE',  ( 1.000000000000000000, 0.000000000000000000, -0.000000000000000000 ) ) ;
#158 = DIRECTION ( 'NONE',  ( -0.000000000000000000, -1.000000000000000000, 0.000000000000000000 ) ) ;
#159 = EDGE_CURVE ( 'NONE', #8111, #5241, #13359, .T. ) ;
#160 = DIRECTION ( 'NONE',  ( 0.000000000000000000, 0.000000000000000000, -1.000000000000000000 ) ) ;
#161 = AXIS2_PLACEMENT_3D ( 'NONE', #13229, #7872, #11007 ) ;
#162 = EDGE_CURVE ( 'NONE', #12009, #5827, #8419, .T. ) ;
#163 = ORIENTED_EDGE ( 'NONE', *, *, #2189, .F. ) ;
#164 = VERTEX_POINT ( 'NONE', #3912 ) ;
#165 = SURFACE_SIDE_STYLE ('',( #2131 ) ) ;
#166 = ORIENTED_EDGE ( 'NONE', *, *, #9911, .T. ) ;
#167 = VERTEX_POINT ( 'NONE', #1549 ) ;
#168 = DIRECTION ( 'NONE',  ( 0.000000000000000000, 0.000000000000000000, 1.000000000000000000 ) ) ;
#169 = DIRECTION ( 'NONE',  ( -0.09602825923645796902, 0.9953786080823796567, 0.000000000000000000 ) ) ;
#170 = EDGE_CURVE ( 'NONE', #151, #6765, #9121, .T. ) ;
#171 = CARTESIAN_POINT ( 'NONE',  ( 0.000000000000000000, -15.22000000000000064, 0.000000000000000000 ) ) ;
#172 = EDGE_LOOP ( 'NONE', ( #7243, #12053, #11243, #4130 ) ) ;
#173 = EDGE_CURVE ( 'NONE', #266, #10589, #5571, .T. ) ;
#174 = DIRECTION ( 'NONE',  ( 0.000000000000000000, 0.000000000000000000, -1.000000000000000000 ) ) ;
#175 = VERTEX_POINT ( 'NONE', #8087 ) ;
#176 = ORIENTED_EDGE ( 'NONE', *, *, #7935, .T. ) ;
#177 = EDGE_CURVE ( 'NONE', #10323, #9021, #1754, .T. ) ;
#178 = EDGE_CURVE ( 'NONE', #3908, #4972, #10848, .T. ) ;
#179 = ORIENTED_EDGE ( 'NONE', *, *, #7782, .F. ) ;
#180 = CARTESIAN_POINT ( 'NONE',  ( -5.605000000000000426, -23.77649999999999864, 4.940000000000000391 ) ) ;
#181 = ORIENTED_EDGE ( 'NONE', *, *, #11737, .F. ) ;
#182 = DIRECTION ( 'NONE',  ( -1.000000000000000000, 0.000000000000000000, -0.000000000000000000 ) ) ;
#183 = DIRECTION ( 'NONE',  ( 0.000000000000000000, 0.000000000000000000, -1.000000000000000000 ) ) ;
#184 = CARTESIAN_POINT ( 'NONE',  ( -20.30000000000000071, 0.000000000000000000, -4.400000000000000355 ) ) ;
#185 = LINE ( 'NONE', #4427, #13584 ) ;
#186 = VECTOR ( 'NONE', #12476, 1000.000000000000000 ) ;
#187 = ORIENTED_EDGE ( 'NONE', *, *, #8002, .F. ) ;
#188 = ADVANCED_FACE ( 'NONE', ( #1485 ), #9949, .T. ) ;
#189 = VECTOR ( 'NONE', #2220, 1000.000000000000000 ) ;
#190 = DIRECTION ( 'NONE',  ( -0.8786293792632253741, 0.4775043600801140986, 0.000000000000000000 ) ) ;
#191 = VECTOR ( 'NONE', #5786, 1000.000000000000000 ) ;
#192 = DIRECTION ( 'NONE',  ( 0.000000000000000000, -1.000000000000000000, 0.000000000000000000 ) ) ;
#193 = VECTOR ( 'NONE', #11176, 1000.000000000000000 ) ;
#194 = CARTESIAN_POINT ( 'NONE',  ( 5.605000000000000426, -23.77649999999999864, 4.650000000000000355 ) ) ;
#195 = ORIENTED_EDGE ( 'NONE', *, *, #2317, .T. ) ;
#196 = DIRECTION ( 'NONE',  ( 1.000000000000000000, 0.000000000000000000, 0.000000000000000000 ) ) ;
#197 = DIRECTION ( 'NONE',  ( -0.000000000000000000, -1.000000000000000000, 0.000000000000000000 ) ) ;
#198 = ORIENTED_EDGE ( 'NONE', *, *, #3329, .T. ) ;
#199 = EDGE_CURVE ( 'NONE', #3271, #9933, #10187, .T. ) ;
#200 = AXIS2_PLACEMENT_3D ( 'NONE', #5492, #4445, #5291 ) ;
#201 = EDGE_CURVE ( 'NONE', #12125, #2462, #3624, .T. ) ;
#202 = DIRECTION ( 'NONE',  ( 0.000000000000000000, 1.000000000000000000, 0.000000000000000000 ) ) ;
#203 = ADVANCED_FACE ( 'NONE', ( #4818 ), #2731, .T. ) ;
#204 = ORIENTED_EDGE ( 'NONE', *, *, #4571, .F. ) ;
#205 = ORIENTED_EDGE ( 'NONE', *, *, #8250, .F. ) ;
#206 = EDGE_CURVE ( 'NONE', #10238, #8655, #1047, .T. ) ;
#207 = CARTESIAN_POINT ( 'NONE',  ( -9.285000000000000142, -13.31649999999999956, 3.629999999999999893 ) ) ;
#208 = DIRECTION ( 'NONE',  ( 0.000000000000000000, 0.000000000000000000, 1.000000000000000000 ) ) ;
#209 = CARTESIAN_POINT ( 'NONE',  ( 0.000000000000000000, -2.399999999999999911, 14.30000000000000071 ) ) ;
#210 = CARTESIAN_POINT ( 'NONE',  ( 4.714999999999999858, -19.40650000000000119, 7.189999999999999503 ) ) ;
#211 = CARTESIAN_POINT ( 'NONE',  ( -1.295000000000000151, -24.26650000000000063, 1.145000000000000240 ) ) ;
#212 = LINE ( 'NONE', #7522, #7551 ) ;
#213 = DIRECTION ( 'NONE',  ( -0.000000000000000000, -1.000000000000000000, -0.000000000000000000 ) ) ;
#214 = ORIENTED_EDGE ( 'NONE', *, *, #2744, .T. ) ;
#215 = LINE ( 'NONE', #3346, #7737 ) ;
#216 = VECTOR ( 'NONE', #10706, 1000.000000000000000 ) ;
#217 = ORIENTED_EDGE ( 'NONE', *, *, #2205, .F. ) ;
#218 = DIRECTION ( 'NONE',  ( -1.000000000000000000, 0.000000000000000000, 0.000000000000000000 ) ) ;
#219 = DIRECTION ( 'NONE',  ( -0.000000000000000000, 1.000000000000000000, 0.000000000000000000 ) ) ;
#220 = CARTESIAN_POINT ( 'NONE',  ( -4.843171106557181638, -12.04650000000001953, 4.500000000000000888 ) ) ;
#221 = EDGE_CURVE ( 'NONE', #3504, #2001, #9453, .T. ) ;
#223 = ORIENTED_EDGE ( 'NONE', *, *, #3760, .F. ) ;
#222 = CARTESIAN_POINT ( 'NONE',  ( -10.15000000000000036, -21.56650000000000134, 0.000000000000000000 ) ) ;
#224 = CARTESIAN_POINT ( 'NONE',  ( -8.394999999999999574, -22.96649999999999991, 15.50000000000000000 ) ) ;
#225 = CARTESIAN_POINT ( 'NONE',  ( 9.285000000000000142, -17.37650000000000006, 4.650000000000000355 ) ) ;
#226 = CARTESIAN_POINT ( 'NONE',  ( 10.36500000000000021, -21.56650000000000134, 3.509999999999999787 ) ) ;
#227 = FACE_OUTER_BOUND ( 'NONE', #1653, .T. ) ;
#228 = FACE_OUTER_BOUND ( 'NONE', #2918, .T. ) ;
#229 = DIRECTION ( 'NONE',  ( -1.000000000000000000, 0.000000000000000000, 0.000000000000000000 ) ) ;
#230 = AXIS2_PLACEMENT_3D ( 'NONE', #6335, #3134, #196 ) ;
#231 = PLANE ( 'NONE',  #12495 ) ;
#232 = EDGE_CURVE ( 'NONE', #931, #9197, #8286, .T. ) ;
#233 = EDGE_CURVE ( 'NONE', #1274, #13267, #783, .T. ) ;
#234 = ORIENTED_EDGE ( 'NONE', *, *, #9564, .T. ) ;
#235 = VERTEX_POINT ( 'NONE', #7114 ) ;
#236 = LINE ( 'NONE', #5385, #8933 ) ;
#237 = ADVANCED_FACE ( 'NONE', ( #9317 ), #11426, .T. ) ;
#238 = VERTEX_POINT ( 'NONE', #13768 ) ;
#239 = ORIENTED_EDGE ( 'NONE', *, *, #3391, .F. ) ;
#240 = LINE ( 'NONE', #4473, #3037 ) ;
#241 = LINE ( 'NONE', #10674, #1161 ) ;
#242 = CARTESIAN_POINT ( 'NONE',  ( 8.275000000000000355, -17.37650000000000006, 3.840000000000000302 ) ) ;
#243 = ORIENTED_EDGE ( 'NONE', *, *, #11969, .T. ) ;
#244 = DIRECTION ( 'NONE',  ( 0.4775043600801140986, -0.8786293792632253741, -0.000000000000000000 ) ) ;
#245 = VERTEX_POINT ( 'NONE', #9518 ) ;
#246 = ORIENTED_EDGE ( 'NONE', *, *, #6022, .T. ) ;
#247 = ADVANCED_FACE ( 'NONE', ( #3142 ), #5287, .F. ) ;
#248 = ORIENTED_EDGE ( 'NONE', *, *, #12106, .F. ) ;
#249 = DIRECTION ( 'NONE',  ( 0.000000000000000000, 0.000000000000000000, 1.000000000000000000 ) ) ;
#250 = VECTOR ( 'NONE', #8193, 1000.000000000000227 ) ;
#251 = ORIENTED_EDGE ( 'NONE', *, *, #12156, .T. ) ;
#252 = CARTESIAN_POINT ( 'NONE',  ( -0.4949999999999999956, -23.77649999999999864, -1.830000000000000071 ) ) ;
#253 =( NAMED_UNIT ( * ) SI_UNIT ( $, .STERADIAN. ) SOLID_ANGLE_UNIT ( ) );
#254 = LINE ( 'NONE', #10819, #10293 ) ;
#255 = CARTESIAN_POINT ( 'NONE',  ( 3.935000000000000053, -20.17650000000000077, -12.90000000000000036 ) ) ;
#256 = ORIENTED_EDGE ( 'NONE', *, *, #8925, .T. ) ;
#257 = ORIENTED_EDGE ( 'NONE', *, *, #4666, .T. ) ;
#258 = SURFACE_STYLE_USAGE ( .BOTH. , #12861 ) ;
#259 = CARTESIAN_POINT ( 'NONE',  ( -8.474999999999999645, -19.40650000000000119, 7.190000000000000391 ) ) ;
#260 =( NAMED_UNIT ( * ) SI_UNIT ( $, .STERADIAN. ) SOLID_ANGLE_UNIT ( ) );
#261 = ORIENTED_EDGE ( 'NONE', *, *, #3136, .T. ) ;
#262 = PRESENTATION_STYLE_ASSIGNMENT (( #7987 ) ) ;
#263 = EDGE_CURVE ( 'NONE', #6222, #11328, #7384, .T. ) ;
#264 = CARTESIAN_POINT ( 'NONE',  ( -8.269999999999999574, -21.18649999999999878, 4.650000000000000355 ) ) ;
#265 = VECTOR ( 'NONE', #11982, 1000.000000000000000 ) ;
#266 = VERTEX_POINT ( 'NONE', #13570 ) ;
#267 = ADVANCED_FACE ( 'NONE', ( #11622 ), #982, .F. ) ;
#268 = CIRCLE ( 'NONE', #12931, 3.000000000000000000 ) ;
#269 = EDGE_CURVE ( 'NONE', #10404, #3664, #2098, .T. ) ;
#270 = ADVANCED_FACE ( 'NONE', ( #12610 ), #4239, .T. ) ;
#271 = EDGE_CURVE ( 'NONE', #345, #13720, #2871, .T. ) ;
#272 = CARTESIAN_POINT ( 'NONE',  ( 3.850000000000000089, -21.18649999999999878, 4.650000000000000355 ) ) ;
#273 = ORIENTED_EDGE ( 'NONE', *, *, #1624, .F. ) ;
#274 = EDGE_LOOP ( 'NONE', ( #1732, #12826, #4190, #10550, #12317 ) ) ;
#275 = DIRECTION ( 'NONE',  ( -1.000000000000000000, -0.000000000000000000, -0.000000000000000000 ) ) ;
#276 = LINE ( 'NONE', #13015, #12967 ) ;
#277 = DIRECTION ( 'NONE',  ( 0.000000000000000000, 0.000000000000000000, -1.000000000000000000 ) ) ;
#278 = VECTOR ( 'NONE', #4657, 1000.000000000000000 ) ;
#279 = DIRECTION ( 'NONE',  ( 0.000000000000000000, 0.000000000000000000, 1.000000000000000000 ) ) ;
#280 = DIRECTION ( 'NONE',  ( 0.000000000000000000, -1.000000000000000000, 0.000000000000000000 ) ) ;
#281 = AXIS2_PLACEMENT_3D ( 'NONE', #2264, #8657, #7492 ) ;
#282 = LINE ( 'NONE', #4245, #7115 ) ;
#283 = LINE ( 'NONE', #4523, #8955 ) ;
#284 = VERTEX_POINT ( 'NONE', #6060 ) ;
#285 = VECTOR ( 'NONE', #11940, 1000.000000000000000 ) ;
#286 = LINE ( 'NONE', #12045, #6630 ) ;
#287 = ORIENTED_EDGE ( 'NONE', *, *, #3409, .F. ) ;
#288 = LINE ( 'NONE', #1407, #3623 ) ;
#289 = AXIS2_PLACEMENT_3D ( 'NONE', #10012, #9189, #1689 ) ;
#290 = CARTESIAN_POINT ( 'NONE',  ( 1.474999999999999867, -17.57000000000000384, -6.860000000000000320 ) ) ;
#291 = DIRECTION ( 'NONE',  ( 0.000000000000000000, 0.000000000000000000, 1.000000000000000000 ) ) ;
#292 = CIRCLE ( 'NONE', #9834, 0.2000000000000000944 ) ;
#294 = EDGE_LOOP ( 'NONE', ( #657, #1964, #6144, #2624 ) ) ;
#293 = DIRECTION ( 'NONE',  ( 0.000000000000000000, 0.000000000000000000, 1.000000000000000000 ) ) ;
#295 = CARTESIAN_POINT ( 'NONE',  ( -5.525000000000000355, -13.31649999999999956, 4.650000000000000355 ) ) ;
#296 = CARTESIAN_POINT ( 'NONE',  ( 9.414999999999999147, -2.337200000000000166, -0.5000000000000000000 ) ) ;
#297 = PLANE ( 'NONE',  #13644 ) ;
#298 = DIRECTION ( 'NONE',  ( -1.000000000000000000, -0.000000000000000000, 0.000000000000000000 ) ) ;
#299 = LINE ( 'NONE', #8095, #1999 ) ;
#300 = VECTOR ( 'NONE', #1572, 1000.000000000000000 ) ;
#301 = VECTOR ( 'NONE', #119, 1000.000000000000000 ) ;
#302 = CIRCLE ( 'NONE', #3202, 0.1999999999999996503 ) ;
#303 = LINE ( 'NONE', #13171, #11814 ) ;
#304 = VECTOR ( 'NONE', #2367, 1000.000000000000000 ) ;
#305 = VECTOR ( 'NONE', #7390, 1000.000000000000000 ) ;
#306 = EDGE_CURVE ( 'NONE', #5612, #9609, #10298, .T. ) ;
#307 = VECTOR ( 'NONE', #4446, 1000.000000000000000 ) ;
#308 = VERTEX_POINT ( 'NONE', #9260 ) ;
#309 = VERTEX_POINT ( 'NONE', #7323 ) ;
#310 = VERTEX_POINT ( 'NONE', #13502 ) ;
#311 = CIRCLE ( 'NONE', #980, 8.000000000000000000 ) ;
#312 = ORIENTED_EDGE ( 'NONE', *, *, #7758, .F. ) ;
#313 = CARTESIAN_POINT ( 'NONE',  ( 1.475000000000000089, -19.40650000000000119, -4.320000000000000284 ) ) ;
#314 = CARTESIAN_POINT ( 'NONE',  ( 4.584999999999999964, -22.96649999999999991, 3.509999999999999787 ) ) ;
#315 = CIRCLE ( 'NONE', #8100, 0.1999999999999996503 ) ;
#316 = EDGE_CURVE ( 'NONE', #12080, #10940, #12542, .T. ) ;
#317 = LINE ( 'NONE', #10743, #3641 ) ;
#318 = ORIENTED_EDGE ( 'NONE', *, *, #12335, .T. ) ;
#319 = DIRECTION ( 'NONE',  ( 0.000000000000000000, -1.000000000000000000, 0.000000000000000000 ) ) ;
#320 = CARTESIAN_POINT ( 'NONE',  ( -8.779999999999988702, -2.673278531664994517, -0.1000000000000001998 ) ) ;
#321 = ORIENTED_EDGE ( 'NONE', *, *, #6644, .F. ) ;
#322 = VECTOR ( 'NONE', #4643, 1000.000000000000000 ) ;
#323 = EDGE_LOOP ( 'NONE', ( #2727, #5308, #8755, #12820 ) ) ;
#324 = ADVANCED_FACE ( 'NONE', ( #6138 ), #13642, .F. ) ;
#325 =( GEOMETRIC_REPRESENTATION_CONTEXT ( 3 ) GLOBAL_UNCERTAINTY_ASSIGNED_CONTEXT ( ( #10412 ) ) GLOBAL_UNIT_ASSIGNED_CONTEXT ( ( #791, #8362, #10437 ) ) REPRESENTATION_CONTEXT ( 'NONE', 'WORKASPACE' ) );
#326 = VECTOR ( 'NONE', #8175, 1000.000000000000227 ) ;
#327 = ORIENTED_EDGE ( 'NONE', *, *, #9402, .F. ) ;
#328 = DIRECTION ( 'NONE',  ( 0.000000000000000000, -1.000000000000000000, -0.000000000000000000 ) ) ;
#329 = ORIENTED_EDGE ( 'NONE', *, *, #10700, .F. ) ;
#330 = AXIS2_PLACEMENT_3D ( 'NONE', #11394, #755, #5004 ) ;
#331 = DIRECTION ( 'NONE',  ( 0.000000000000000000, 0.000000000000000000, 1.000000000000000000 ) ) ;
#332 = CARTESIAN_POINT ( 'NONE',  ( 8.275000000000000355, -13.31649999999999956, 3.840000000000000302 ) ) ;
#333 = CARTESIAN_POINT ( 'NONE',  ( -4.584999999999999964, -21.18649999999999878, 4.500000000000000888 ) ) ;
#334 = FACE_OUTER_BOUND ( 'NONE', #2174, .T. ) ;
#335 = ORIENTED_EDGE ( 'NONE', *, *, #2660, .F. ) ;
#336 = ORIENTED_EDGE ( 'NONE', *, *, #13616, .T. ) ;
#337 = FILL_AREA_STYLE ('',( #10972 ) ) ;
#338 = CARTESIAN_POINT ( 'NONE',  ( -2.284999999999999698, -13.31649999999999956, -3.330000000000000071 ) ) ;
#339 = VECTOR ( 'NONE', #8859, 1000.000000000000000 ) ;
#340 = DIRECTION ( 'NONE',  ( -1.000000000000000000, -0.000000000000000000, 0.000000000000000000 ) ) ;
#341 = ORIENTED_EDGE ( 'NONE', *, *, #9414, .F. ) ;
#342 = AXIS2_PLACEMENT_3D ( 'NONE', #8672, #4641, #1377 ) ;
#343 = DIRECTION ( 'NONE',  ( 0.000000000000000000, -0.000000000000000000, -1.000000000000000000 ) ) ;
#344 = FILL_AREA_STYLE ('',( #10903 ) ) ;
#345 = VERTEX_POINT ( 'NONE', #6207 ) ;
#346 = CARTESIAN_POINT ( 'NONE',  ( -7.000000000000000000, -17.57000000000000384, 7.190000000000000391 ) ) ;
#347 = ORIENTED_EDGE ( 'NONE', *, *, #3167, .T. ) ;
#348 = EDGE_LOOP ( 'NONE', ( #6263, #6343, #12074, #12902, #8837, #3816 ) ) ;
#349 = CARTESIAN_POINT ( 'NONE',  ( 8.500000000000000000, -17.57000000000000384, 13.40000000000000036 ) ) ;
#350 = EDGE_CURVE ( 'NONE', #1243, #245, #908, .T. ) ;
#351 = CARTESIAN_POINT ( 'NONE',  ( 3.850000000000000089, -21.56650000000000134, 4.650000000000000355 ) ) ;
#352 = CARTESIAN_POINT ( 'NONE',  ( 8.800000000000000711, 0.000000000000000000, 4.900000000000000355 ) ) ;
#353 = DIRECTION ( 'NONE',  ( 0.000000000000000000, 0.000000000000000000, 1.000000000000000000 ) ) ;
#355 = EDGE_LOOP ( 'NONE', ( #9092, #5459, #7255 ) ) ;
#354 = EDGE_CURVE ( 'NONE', #11676, #12925, #12873, .T. ) ;
#356 = LINE ( 'NONE', #2505, #4105 ) ;
#357 = EDGE_CURVE ( 'NONE', #1027, #1009, #10638, .T. ) ;
#358 = CARTESIAN_POINT ( 'NONE',  ( 2.284999999999999698, -19.40650000000000119, -4.500000000000000888 ) ) ;
#359 = CARTESIAN_POINT ( 'NONE',  ( -6.733679656439999661, 3.589199999999999946, -6.956320343559999841 ) ) ;
#360 = ORIENTED_EDGE ( 'NONE', *, *, #2838, .F. ) ;
#361 = DIRECTION ( 'NONE',  ( -0.000000000000000000, -1.000000000000000000, -0.000000000000000000 ) ) ;
#362 = EDGE_CURVE ( 'NONE', #5770, #5283, #4376, .T. ) ;
#363 = ORIENTED_EDGE ( 'NONE', *, *, #8927, .T. ) ;
#364 = VECTOR ( 'NONE', #1146, 1000.000000000000000 ) ;
#365 = CARTESIAN_POINT ( 'NONE',  ( -8.275000000000000355, -16.36152659300000067, 3.640000000000000124 ) ) ;
#366 = ADVANCED_FACE ( 'NONE', ( #4441 ), #2433, .T. ) ;
#367 = LINE ( 'NONE', #4453, #7943 ) ;
#368 = LINE ( 'NONE', #10924, #12957 ) ;
#369 = VERTEX_POINT ( 'NONE', #9659 ) ;
#370 = DIRECTION ( 'NONE',  ( 1.000000000000000000, 0.000000000000000000, -0.000000000000000000 ) ) ;
#371 = DIRECTION ( 'NONE',  ( -0.000000000000000000, 1.000000000000000000, 0.000000000000000000 ) ) ;
#372 = CARTESIAN_POINT ( 'NONE',  ( 6.733679656439999661, -15.22000000000000774, -6.956320343559999841 ) ) ;
#373 = DIRECTION ( 'NONE',  ( -0.000000000000000000, 1.000000000000000000, 0.000000000000000000 ) ) ;
#374 = DIRECTION ( 'NONE',  ( 0.000000000000000000, -0.000000000000000000, 1.000000000000000000 ) ) ;
#375 = AXIS2_PLACEMENT_3D ( 'NONE', #5340, #118, #4296 ) ;
#376 = LINE ( 'NONE', #13105, #1189 ) ;
#377 = EDGE_CURVE ( 'NONE', #12248, #5808, #7517, .T. ) ;
#378 = ORIENTED_EDGE ( 'NONE', *, *, #1348, .F. ) ;
#379 = ORIENTED_EDGE ( 'NONE', *, *, #5420, .F. ) ;
#380 = ORIENTED_EDGE ( 'NONE', *, *, #11063, .T. ) ;
#381 = LINE ( 'NONE', #4317, #9167 ) ;
#382 = EDGE_LOOP ( 'NONE', ( #13205, #1131, #2976, #6828, #7663, #1156 ) ) ;
#383 = CARTESIAN_POINT ( 'NONE',  ( -5.500000000000000000, -17.94999999999999929, 13.40000000000000036 ) ) ;
#384 = FACE_OUTER_BOUND ( 'NONE', #5679, .T. ) ;
#385 = DIRECTION ( 'NONE',  ( 1.000000000000000000, 0.000000000000000000, -0.000000000000000000 ) ) ;
#386 = VERTEX_POINT ( 'NONE', #10775 ) ;
#387 = DIRECTION ( 'NONE',  ( -0.000000000000000000, 0.000000000000000000, 1.000000000000000000 ) ) ;
#388 = DIRECTION ( 'NONE',  ( 0.09602825923638344530, 0.9953786080823867621, 0.000000000000000000 ) ) ;
#389 = ORIENTED_EDGE ( 'NONE', *, *, #3257, .F. ) ;
#390 = ORIENTED_EDGE ( 'NONE', *, *, #4157, .F. ) ;
#391 = EDGE_CURVE ( 'NONE', #1088, #13765, #11895, .T. ) ;
#392 = ORIENTED_EDGE ( 'NONE', *, *, #12986, .T. ) ;
#393 = PLANE ( 'NONE',  #4312 ) ;
#394 = ORIENTED_EDGE ( 'NONE', *, *, #1847, .F. ) ;
#395 = LINE ( 'NONE', #12997, #2291 ) ;
#396 = FACE_OUTER_BOUND ( 'NONE', #4127, .T. ) ;
#397 = DIRECTION ( 'NONE',  ( 0.000000000000000000, 0.000000000000000000, -1.000000000000000000 ) ) ;
#398 = LINE ( 'NONE', #12797, #6033 ) ;
#399 = VERTEX_POINT ( 'NONE', #7653 ) ;
#400 = EDGE_CURVE ( 'NONE', #2609, #7340, #2163, .T. ) ;
#401 = ORIENTED_EDGE ( 'NONE', *, *, #11124, .T. ) ;
#402 = CARTESIAN_POINT ( 'NONE',  ( 8.394999999999999574, -22.66649999999999920, 4.650000000000000355 ) ) ;
#403 = CARTESIAN_POINT ( 'NONE',  ( 20.30000000000000071, -2.399999999999999911, -6.500000000000001776 ) ) ;
#404 = CARTESIAN_POINT ( 'NONE',  ( 0.000000000000000000, -22.96649999999999991, 0.000000000000000000 ) ) ;
#405 = EDGE_LOOP ( 'NONE', ( #6505, #4330, #5780, #10955, #6245, #673, #9922, #9485 ) ) ;
#406 = DIRECTION ( 'NONE',  ( -0.000000000000000000, 0.000000000000000000, -1.000000000000000000 ) ) ;
#407 = CARTESIAN_POINT ( 'NONE',  ( 0.000000000000000000, -17.37650000000000006, -4.320000000000000284 ) ) ;
#408 = ORIENTED_EDGE ( 'NONE', *, *, #3970, .T. ) ;
#409 = EDGE_CURVE ( 'NONE', #8996, #11386, #6609, .T. ) ;
#410 = ADVANCED_FACE ( 'NONE', ( #8621 ), #4587, .T. ) ;
#411 = CIRCLE ( 'NONE', #9957, 6.500000000000000888 ) ;
#412 = LINE ( 'NONE', #4651, #2299 ) ;
#413 = ORIENTED_EDGE ( 'NONE', *, *, #3552, .T. ) ;
#414 = ORIENTED_EDGE ( 'NONE', *, *, #9224, .T. ) ;
#415 = FACE_OUTER_BOUND ( 'NONE', #4768, .T. ) ;
#416 = DIRECTION ( 'NONE',  ( -1.000000000000000000, 0.000000000000000000, -0.000000000000000000 ) ) ;
#417 = PLANE ( 'NONE',  #7394 ) ;
#418 = DIRECTION ( 'NONE',  ( -0.000000000000000000, -0.000000000000000000, -1.000000000000000000 ) ) ;
#419 = EDGE_LOOP ( 'NONE', ( #1231, #4535, #9979, #13678 ) ) ;
#420 = CARTESIAN_POINT ( 'NONE',  ( 0.000000000000000000, 3.589199999999999946, 7.834999999999999964 ) ) ;
#421 = DIRECTION ( 'NONE',  ( -1.000000000000000000, 0.000000000000000000, -0.000000000000000000 ) ) ;
#422 = AXIS2_PLACEMENT_3D ( 'NONE', #2371, #6612, #11760 ) ;
#423 = CARTESIAN_POINT ( 'NONE',  ( -1.294999999999999929, -23.77649999999999864, -1.655000000000000249 ) ) ;
#424 = ORIENTED_EDGE ( 'NONE', *, *, #600, .F. ) ;
#425 = VECTOR ( 'NONE', #8217, 1000.000000000000000 ) ;
#426 = PRESENTATION_LAYER_ASSIGNMENT (  '', '', ( #6417 ) ) ;
#427 = CARTESIAN_POINT ( 'NONE',  ( -1.274999999999999911, -13.31649999999999956, -3.310000000000000053 ) ) ;
#428 = EDGE_CURVE ( 'NONE', #2842, #7340, #8687, .T. ) ;
#429 = ORIENTED_EDGE ( 'NONE', *, *, #8630, .F. ) ;
#430 = CARTESIAN_POINT ( 'NONE',  ( -8.474999999999999645, -17.37650000000000006, -0.1000000000000000056 ) ) ;
#431 = VECTOR ( 'NONE', #10882, 1000.000000000000000 ) ;
#432 = CARTESIAN_POINT ( 'NONE',  ( -5.205000000000000071, -22.96649999999999991, -1.879999999999999893 ) ) ;
#433 = AXIS2_PLACEMENT_3D ( 'NONE', #12202, #1558, #9130 ) ;
#434 = LINE ( 'NONE', #2596, #5627 ) ;
#435 = ORIENTED_EDGE ( 'NONE', *, *, #12174, .F. ) ;
#436 = CARTESIAN_POINT ( 'NONE',  ( -5.724999999999999645, -17.57000000000000384, 4.850000000000000533 ) ) ;
#437 = SURFACE_STYLE_FILL_AREA ( #574 ) ;
#438 = LINE ( 'NONE', #3495, #4542 ) ;
#439 = CARTESIAN_POINT ( 'NONE',  ( 7.000000000000000000, -15.34650000000000070, -0.1000000000000000056 ) ) ;
#440 = CARTESIAN_POINT ( 'NONE',  ( -10.15000000000000036, -17.37650000000000006, 3.840000000000000302 ) ) ;
#441 = CARTESIAN_POINT ( 'NONE',  ( 2.284999999999999698, -17.94999999999999929, -4.500000000000000888 ) ) ;
#442 = CARTESIAN_POINT ( 'NONE',  ( 5.730000000000000426, -15.34650000000000070, 4.500000000000000888 ) ) ;
#443 = EDGE_CURVE ( 'NONE', #10445, #10802, #1113, .T. ) ;
#444 = MECHANICAL_DESIGN_GEOMETRIC_PRESENTATION_REPRESENTATION (  '', ( #6893 ), #7763 ) ;
#445 = EDGE_CURVE ( 'NONE', #7687, #11028, #5353, .T. ) ;
#446 = VERTEX_POINT ( 'NONE', #1256 ) ;
#447 = ORIENTED_EDGE ( 'NONE', *, *, #7310, .T. ) ;
#448 = ORIENTED_EDGE ( 'NONE', *, *, #1480, .F. ) ;
#449 = ORIENTED_EDGE ( 'NONE', *, *, #9045, .T. ) ;
#450 = CARTESIAN_POINT ( 'NONE',  ( -4.584999999999999964, -21.56650000000000134, 3.840000000000000302 ) ) ;
#451 = CARTESIAN_POINT ( 'NONE',  ( -7.919999999999999929, -15.22000000000000064, 7.834999999999999964 ) ) ;
#452 = VECTOR ( 'NONE', #3105, 1000.000000000000000 ) ;
#453 = DIRECTION ( 'NONE',  ( -0.000000000000000000, -1.000000000000000000, -0.000000000000000000 ) ) ;
#454 = ORIENTED_EDGE ( 'NONE', *, *, #12531, .T. ) ;
#455 = DIRECTION ( 'NONE',  ( 0.000000000000000000, 1.000000000000000000, 0.000000000000000000 ) ) ;
#456 = PLANE ( 'NONE',  #3236 ) ;
#457 = VERTEX_POINT ( 'NONE', #5488 ) ;
#458 = ORIENTED_EDGE ( 'NONE', *, *, #11706, .F. ) ;
#459 = VERTEX_POINT ( 'NONE', #2228 ) ;
#460 = DIRECTION ( 'NONE',  ( -0.4775043600801200938, -0.8786293792632220434, 0.000000000000000000 ) ) ;
#461 = VERTEX_POINT ( 'NONE', #9720 ) ;
#462 = LINE ( 'NONE', #13200, #10718 ) ;
#463 = CARTESIAN_POINT ( 'NONE',  ( -3.365000000000000213, -22.96649999999999991, -4.650000000000000355 ) ) ;
#464 = FACE_OUTER_BOUND ( 'NONE', #11756, .T. ) ;
#465 = CARTESIAN_POINT ( 'NONE',  ( -9.156828893442819250, -12.04650000000001953, 4.500000000000000888 ) ) ;
#466 = ORIENTED_EDGE ( 'NONE', *, *, #12529, .T. ) ;
#467 = ORIENTED_EDGE ( 'NONE', *, *, #10825, .T. ) ;
#468 = DIRECTION ( 'NONE',  ( -1.000000000000000000, -0.000000000000000000, -0.000000000000000000 ) ) ;
#469 = PLANE ( 'NONE',  #12776 ) ;
#470 = ADVANCED_FACE ( 'NONE', ( #3402 ), #1326, .T. ) ;
#471 = DIRECTION ( 'NONE',  ( 0.000000000000000000, 0.000000000000000000, -1.000000000000000000 ) ) ;
#472 = ORIENTED_EDGE ( 'NONE', *, *, #485, .T. ) ;
#473 = DIRECTION ( 'NONE',  ( 1.000000000000000000, 0.000000000000000000, 0.000000000000000000 ) ) ;
#474 = FACE_OUTER_BOUND ( 'NONE', #11232, .T. ) ;
#475 = ORIENTED_EDGE ( 'NONE', *, *, #170, .F. ) ;
#476 = VECTOR ( 'NONE', #13331, 1000.000000000000000 ) ;
#477 = DIRECTION ( 'NONE',  ( 1.000000000000000000, 0.000000000000000000, -0.000000000000000000 ) ) ;
#478 = EDGE_CURVE ( 'NONE', #13259, #9510, #13014, .T. ) ;
#479 = ORIENTED_EDGE ( 'NONE', *, *, #5547, .T. ) ;
#480 = LINE ( 'NONE', #8066, #13750 ) ;
#481 = LINE ( 'NONE', #4728, #6076 ) ;
#482 = CARTESIAN_POINT ( 'NONE',  ( -4.714999999999999858, -15.34650000000000070, 4.650000000000000355 ) ) ;
#483 = DIRECTION ( 'NONE',  ( 0.000000000000000000, -0.000000000000000000, -1.000000000000000000 ) ) ;
#484 = VERTEX_POINT ( 'NONE', #7717 ) ;
#485 = EDGE_CURVE ( 'NONE', #11302, #6604, #11316, .T. ) ;
#486 = VECTOR ( 'NONE', #953, 1000.000000000000000 ) ;
#487 = CARTESIAN_POINT ( 'NONE',  ( -0.4949999999999999956, -23.77649999999999864, 1.145000000000000018 ) ) ;
#488 = DIRECTION ( 'NONE',  ( -1.000000000000000000, 0.000000000000000000, 0.000000000000000000 ) ) ;
#489 = LINE ( 'NONE', #4737, #8090 ) ;
#490 = ORIENTED_EDGE ( 'NONE', *, *, #11588, .T. ) ;
#491 = DIRECTION ( 'NONE',  ( -0.000000000000000000, 1.000000000000000000, -0.000000000000000000 ) ) ;
#492 = AXIS2_PLACEMENT_3D ( 'NONE', #6495, #9165, #5189 ) ;
#493 = EDGE_CURVE ( 'NONE', #3316, #235, #3277, .T. ) ;
#494 = ORIENTED_EDGE ( 'NONE', *, *, #2309, .T. ) ;
#495 = LINE ( 'NONE', #13356, #6298 ) ;
#496 = VECTOR ( 'NONE', #10002, 1000.000000000000000 ) ;
#497 = CARTESIAN_POINT ( 'NONE',  ( -2.284999999999999698, -19.44971900955000166, -4.500000000000000888 ) ) ;
#498 = CARTESIAN_POINT ( 'NONE',  ( 10.36500000000000021, -22.96649999999999991, 3.509999999999999787 ) ) ;
#500 = ORIENTED_EDGE ( 'NONE', *, *, #13514, .T. ) ;
#499 = FACE_OUTER_BOUND ( 'NONE', #7815, .T. ) ;
#501 =( NAMED_UNIT ( * ) SI_UNIT ( $, .STERADIAN. ) SOLID_ANGLE_UNIT ( ) );
#502 = FACE_BOUND ( 'NONE', #9073, .T. ) ;
#503 = CARTESIAN_POINT ( 'NONE',  ( -0.4949999999999999956, -31.28604151461000171, -1.093199999999999950 ) ) ;
#504 = CARTESIAN_POINT ( 'NONE',  ( -9.414999999999999147, -17.94999999999999929, 4.500000000000000888 ) ) ;
#505 = CARTESIAN_POINT ( 'NONE',  ( 1.779999999999978044, -2.673278531664987856, -4.320000000000000284 ) ) ;
#506 = DIRECTION ( 'NONE',  ( 0.000000000000000000, 0.000000000000000000, -1.000000000000000000 ) ) ;
#507 = DIRECTION ( 'NONE',  ( -0.000000000000000000, 1.000000000000000000, 0.000000000000000000 ) ) ;
#508 = EDGE_CURVE ( 'NONE', #8058, #2953, #1181, .T. ) ;
#509 = AXIS2_PLACEMENT_3D ( 'NONE', #11492, #6345, #10639 ) ;
#510 = VECTOR ( 'NONE', #4213, 1000.000000000000000 ) ;
#511 = CARTESIAN_POINT ( 'NONE',  ( -1.274999999999999911, -15.34650000000000070, -3.509999999999999787 ) ) ;
#512 = EDGE_LOOP ( 'NONE', ( #88, #9856, #2823, #7567, #7084, #12357 ) ) ;
#513 = ORIENTED_EDGE ( 'NONE', *, *, #8784, .T. ) ;
#514 = EDGE_LOOP ( 'NONE', ( #3292, #6447, #4906, #11298, #3554, #127, #13594, #11047, #10185, #11949, #13723, #13534, #4236, #8980, #5007, #8789, #12676, #12157, #13667, #4489, #4644, #829, #923, #7733, #11396, #10822, #7149, #3694, #11113, #1457 ) ) ;
#515 = ORIENTED_EDGE ( 'NONE', *, *, #3016, .F. ) ;
#516 = EDGE_CURVE ( 'NONE', #4593, #4287, #1742, .T. ) ;
#517 = LINE ( 'NONE', #4771, #9455 ) ;
#518 = DIRECTION ( 'NONE',  ( 0.000000000000000000, -0.000000000000000000, 1.000000000000000000 ) ) ;
#519 = ORIENTED_EDGE ( 'NONE', *, *, #7163, .F. ) ;
#520 = AXIS2_PLACEMENT_3D ( 'NONE', #3339, #6466, #9868 ) ;
#521 = CARTESIAN_POINT ( 'NONE',  ( 9.285000000000000142, -13.31649999999999956, 3.629999999999999449 ) ) ;
#522 = VECTOR ( 'NONE', #13276, 1000.000000000000000 ) ;
#524 = ORIENTED_EDGE ( 'NONE', *, *, #13030, .F. ) ;
#523 = EDGE_CURVE ( 'NONE', #8078, #6081, #1532, .T. ) ;
#525 = AXIS2_PLACEMENT_3D ( 'NONE', #1213, #7741, #11990 ) ;
#526 = AXIS2_PLACEMENT_3D ( 'NONE', #6686, #8828, #8766 ) ;
#527 = ORIENTED_EDGE ( 'NONE', *, *, #8480, .F. ) ;
#528 = VECTOR ( 'NONE', #298, 1000.000000000000000 ) ;
#529 = VECTOR ( 'NONE', #8802, 1000.000000000000000 ) ;
#530 = ORIENTED_EDGE ( 'NONE', *, *, #6655, .T. ) ;
#531 =( GEOMETRIC_REPRESENTATION_CONTEXT ( 3 ) GLOBAL_UNCERTAINTY_ASSIGNED_CONTEXT ( ( #3054 ) ) GLOBAL_UNIT_ASSIGNED_CONTEXT ( ( #3100, #1984, #6226 ) ) REPRESENTATION_CONTEXT ( 'NONE', 'WORKASPACE' ) );
#532 = LINE ( 'NONE', #4786, #6985 ) ;
#533 = ORIENTED_EDGE ( 'NONE', *, *, #3765, .F. ) ;
#534 = EDGE_CURVE ( 'NONE', #8183, #1364, #480, .T. ) ;
#535 = FACE_OUTER_BOUND ( 'NONE', #12388, .T. ) ;
#536 = CARTESIAN_POINT ( 'NONE',  ( 0.000000000000000000, -20.17650000000000077, -4.500000000000000888 ) ) ;
#537 = LINE ( 'NONE', #7015, #10735 ) ;
#538 = CARTESIAN_POINT ( 'NONE',  ( 0.000000000000000000, -22.96649999999999991, 3.509999999999999787 ) ) ;
#539 = VERTEX_POINT ( 'NONE', #13217 ) ;
#540 = ORIENTED_EDGE ( 'NONE', *, *, #7576, .T. ) ;
#541 = CARTESIAN_POINT ( 'NONE',  ( 5.705000000000000071, -19.40650000000000119, 3.840000000000000302 ) ) ;
#543 = VECTOR ( 'NONE', #5096, 1000.000000000000000 ) ;
#542 = LINE ( 'NONE', #1734, #8334 ) ;
#544 = PLANE ( 'NONE',  #10551 ) ;
#545 = ORIENTED_EDGE ( 'NONE', *, *, #7998, .F. ) ;
#546 = CARTESIAN_POINT ( 'NONE',  ( -10.36500000000000021, -21.56650000000000134, 4.650000000000000355 ) ) ;
#547 = SURFACE_SIDE_STYLE ('',( #10204 ) ) ;
#548 = VECTOR ( 'NONE', #8506, 1000.000000000000000 ) ;
#549 = VERTEX_POINT ( 'NONE', #6953 ) ;
#550 = VECTOR ( 'NONE', #11612, 1000.000000000000000 ) ;
#551 = CARTESIAN_POINT ( 'NONE',  ( -1.270000000000000018, -19.40650000000000119, -4.320000000000000284 ) ) ;
#552 = ORIENTED_EDGE ( 'NONE', *, *, #2030, .T. ) ;
#553 = DIRECTION ( 'NONE',  ( 1.000000000000000000, 0.000000000000000000, -0.000000000000000000 ) ) ;
#554 = DIRECTION ( 'NONE',  ( 0.000000000000000000, 0.000000000000000000, 1.000000000000000000 ) ) ;
#555 = VECTOR ( 'NONE', #6585, 1000.000000000000000 ) ;
#556 = CARTESIAN_POINT ( 'NONE',  ( 24.89999999999999858, -2.399999999999999911, 0.000000000000000000 ) ) ;
#557 = ADVANCED_FACE ( 'NONE', ( #2498 ), #2579, .T. ) ;
#558 = CIRCLE ( 'NONE', #11454, 0.2000000000000000944 ) ;
#559 = LINE ( 'NONE', #2720, #1992 ) ;
#560 = ORIENTED_EDGE ( 'NONE', *, *, #11408, .F. ) ;
#561 = CARTESIAN_POINT ( 'NONE',  ( 9.285000000000000142, -13.31649999999999956, -0.1000000000000022815 ) ) ;
#562 = LINE ( 'NONE', #3761, #1107 ) ;
#563 = DIRECTION ( 'NONE',  ( -1.000000000000000000, -0.000000000000000000, -0.000000000000000000 ) ) ;
#564 = ORIENTED_EDGE ( 'NONE', *, *, #2904, .T. ) ;
#565 = CARTESIAN_POINT ( 'NONE',  ( -12.95619407771155984, 3.200000000000000178, -6.903805922288558605 ) ) ;
#566 = AXIS2_PLACEMENT_3D ( 'NONE', #7119, #11687, #12471 ) ;
#567 = EDGE_CURVE ( 'NONE', #3516, #9287, #10145, .T. ) ;
#568 = FACE_OUTER_BOUND ( 'NONE', #5426, .T. ) ;
#569 = DIRECTION ( 'NONE',  ( 0.000000000000000000, 1.000000000000000000, 0.000000000000000000 ) ) ;
#570 = PLANE ( 'NONE',  #12063 ) ;
#572 = ORIENTED_EDGE ( 'NONE', *, *, #7500, .T. ) ;
#571 = DIRECTION ( 'NONE',  ( 1.000000000000000000, 0.000000000000000000, 0.000000000000000000 ) ) ;
#573 = CARTESIAN_POINT ( 'NONE',  ( -5.205000000000000071, -22.96649999999999991, -1.879999999999999893 ) ) ;
#574 = FILL_AREA_STYLE ('',( #5860 ) ) ;
#575 = LINE ( 'NONE', #6699, #12107 ) ;
#576 = EDGE_CURVE ( 'NONE', #1009, #10141, #649, .T. ) ;
#577 = CARTESIAN_POINT ( 'NONE',  ( -10.93500000000000050, -17.94999999999999929, 7.519999999999999574 ) ) ;
#578 = CARTESIAN_POINT ( 'NONE',  ( -20.00000000000000000, 0.000000000000000000, 0.000000000000000000 ) ) ;
#579 = FACE_OUTER_BOUND ( 'NONE', #7675, .T. ) ;
#580 = DIRECTION ( 'NONE',  ( 0.000000000000000000, -1.000000000000000000, -0.000000000000000000 ) ) ;
#581 = VECTOR ( 'NONE', #7064, 1000.000000000000000 ) ;
#582 = EDGE_CURVE ( 'NONE', #10737, #6708, #9034, .T. ) ;
#583 = SURFACE_STYLE_FILL_AREA ( #800 ) ;
#584 = ORIENTED_EDGE ( 'NONE', *, *, #2511, .F. ) ;
#585 = ORIENTED_EDGE ( 'NONE', *, *, #4352, .T. ) ;
#586 = EDGE_CURVE ( 'NONE', #9287, #1488, #3751, .T. ) ;
#587 = ORIENTED_EDGE ( 'NONE', *, *, #508, .F. ) ;
#588 = ORIENTED_EDGE ( 'NONE', *, *, #13744, .T. ) ;
#589 = CARTESIAN_POINT ( 'NONE',  ( 0.000000000000000000, -2.337200000000000166, -4.500000000000000888 ) ) ;
#590 = DIRECTION ( 'NONE',  ( 0.000000000000000000, 1.000000000000000000, -0.000000000000000000 ) ) ;
#591 = LINE ( 'NONE', #1712, #4764 ) ;
#592 = AXIS2_PLACEMENT_3D ( 'NONE', #1134, #6627, #9606 ) ;
#593 = VERTEX_POINT ( 'NONE', #8821 ) ;
#594 = ADVANCED_FACE ( 'NONE', ( #12243 ), #13076, .F. ) ;
#595 = CARTESIAN_POINT ( 'NONE',  ( -7.919999999999999929, 3.589199999999999946, 4.325000000000000178 ) ) ;
#596 = LINE ( 'NONE', #8035, #9226 ) ;
#597 = ORIENTED_EDGE ( 'NONE', *, *, #10438, .T. ) ;
#598 = VERTEX_POINT ( 'NONE', #12114 ) ;
#599 = EDGE_CURVE ( 'NONE', #7694, #10885, #2716, .T. ) ;
#600 = EDGE_CURVE ( 'NONE', #1675, #8654, #4654, .T. ) ;
#601 = EDGE_LOOP ( 'NONE', ( #1632, #8434, #11119, #1930, #13023, #545, #5804, #5404, #12880, #12448, #6449, #11880, #10684, #5962, #204, #1059, #10388, #3543 ) ) ;
#602 = CARTESIAN_POINT ( 'NONE',  ( 4.362680000000000113, -23.77650000000000219, 4.940000000000000391 ) ) ;
#603 = ORIENTED_EDGE ( 'NONE', *, *, #3633, .T. ) ;
#604 = PLANE ( 'NONE',  #8711 ) ;
#605 = DIRECTION ( 'NONE',  ( -0.000000000000000000, -1.000000000000000000, -0.000000000000000000 ) ) ;
#606 = CYLINDRICAL_SURFACE ( 'NONE', #10044, 6.500000000000000888 ) ;
#607 = CARTESIAN_POINT ( 'NONE',  ( 9.156828893442636286, -12.04650000000002485, 3.629999999999999449 ) ) ;
#608 = ORIENTED_EDGE ( 'NONE', *, *, #9329, .F. ) ;
#609 = EDGE_LOOP ( 'NONE', ( #12280, #3178, #9845, #13332 ) ) ;
#610 = CARTESIAN_POINT ( 'NONE',  ( -10.47035354437000088, -2.399999999999999467, -14.30000000000000071 ) ) ;
#611 = DIRECTION ( 'NONE',  ( 1.000000000000000000, 0.000000000000000000, 0.000000000000000000 ) ) ;
#612 = EDGE_LOOP ( 'NONE', ( #2357, #3437, #12951, #2210, #1383, #1284, #1830, #3399 ) ) ;
#613 = CARTESIAN_POINT ( 'NONE',  ( -6.490000000000000213, -3.313815743959999782, 4.650000000000000355 ) ) ;
#614 = EDGE_LOOP ( 'NONE', ( #3715, #10304, #11489, #962, #11666, #7684, #12134, #5885 ) ) ;
#615 = EDGE_CURVE ( 'NONE', #737, #13113, #6751, .T. ) ;
#616 = EDGE_CURVE ( 'NONE', #3076, #3305, #10990, .T. ) ;
#617 = CARTESIAN_POINT ( 'NONE',  ( -4.715000000000000746, -13.31649999999999956, 3.660000000000000142 ) ) ;
#618 = EDGE_CURVE ( 'NONE', #10149, #6608, #2794, .T. ) ;
#619 = ORIENTED_EDGE ( 'NONE', *, *, #1643, .T. ) ;
#620 = CARTESIAN_POINT ( 'NONE',  ( 10.15000000000000036, -17.37650000000000006, 3.840000000000000302 ) ) ;
#621 = DIRECTION ( 'NONE',  ( -1.000000000000000000, -0.000000000000000000, 0.000000000000000000 ) ) ;
#622 = DIRECTION ( 'NONE',  ( 1.000000000000000000, 0.000000000000000000, 0.000000000000000000 ) ) ;
#623 = CARTESIAN_POINT ( 'NONE',  ( -5.605000000000000426, -22.58650000000000091, 4.650000000000000355 ) ) ;
#624 = VERTEX_POINT ( 'NONE', #10213 ) ;
#625 = FACE_OUTER_BOUND ( 'NONE', #10918, .T. ) ;
#626 = CARTESIAN_POINT ( 'NONE',  ( -1.352477888071951684, -12.04650000000000709, -3.299999999999999378 ) ) ;
#627 = CARTESIAN_POINT ( 'NONE',  ( -1.300000000000025135, -3.556499999999998884, 0.4300000000000004929 ) ) ;
#628 = VERTEX_POINT ( 'NONE', #11127 ) ;
#629 = LINE ( 'NONE', #5919, #5972 ) ;
#630 = VECTOR ( 'NONE', #12685, 1000.000000000000000 ) ;
#631 = EDGE_CURVE ( 'NONE', #1236, #6042, #3539, .T. ) ;
#632 = CARTESIAN_POINT ( 'NONE',  ( -1.395000000000000018, -22.58650000000000091, -4.320000000000000284 ) ) ;
#633 = DIRECTION ( 'NONE',  ( -0.000000000000000000, 1.000000000000000000, -0.000000000000000000 ) ) ;
#634 = DIRECTION ( 'NONE',  ( 0.000000000000000000, 0.000000000000000000, 1.000000000000000000 ) ) ;
#635 = DIRECTION ( 'NONE',  ( 0.000000000000000000, 0.000000000000000000, 1.000000000000000000 ) ) ;
#637 = ORIENTED_EDGE ( 'NONE', *, *, #12912, .F. ) ;
#636 = PLANE ( 'NONE',  #4034 ) ;
#638 = DIRECTION ( 'NONE',  ( 0.000000000000000000, 1.000000000000000000, -0.000000000000000000 ) ) ;
#639 =( GEOMETRIC_REPRESENTATION_CONTEXT ( 3 ) GLOBAL_UNCERTAINTY_ASSIGNED_CONTEXT ( ( #2108 ) ) GLOBAL_UNIT_ASSIGNED_CONTEXT ( ( #13233, #1618, #501 ) ) REPRESENTATION_CONTEXT ( 'NONE', 'WORKASPACE' ) );
#640 = CARTESIAN_POINT ( 'NONE',  ( 8.394999999999999574, -22.67650000000000077, 4.940000000000000391 ) ) ;
#641 = CARTESIAN_POINT ( 'NONE',  ( 2.415000000000000036, -17.37650000000000006, -4.320000000000000284 ) ) ;
#642 = LINE ( 'NONE', #504, #7642 ) ;
#643 = VECTOR ( 'NONE', #3962, 1000.000000000000000 ) ;
#644 = DIRECTION ( 'NONE',  ( 0.000000000000000000, 0.000000000000000000, 1.000000000000000000 ) ) ;
#645 = AXIS2_PLACEMENT_3D ( 'NONE', #11277, #633, #6837 ) ;
#646 = DIRECTION ( 'NONE',  ( 0.000000000000000000, 0.000000000000000000, -1.000000000000000000 ) ) ;
#647 = PRESENTATION_LAYER_ASSIGNMENT (  '', '', ( #5980 ) ) ;
#648 = LINE ( 'NONE', #4895, #3740 ) ;
#649 = CIRCLE ( 'NONE', #8427, 8.000000000000000000 ) ;
#650 = VECTOR ( 'NONE', #1118, 1000.000000000000000 ) ;
#651 = EDGE_CURVE ( 'NONE', #8437, #3643, #7783, .T. ) ;
#652 = LINE ( 'NONE', #10317, #9994 ) ;
#653 = ORIENTED_EDGE ( 'NONE', *, *, #2892, .T. ) ;
#654 = ORIENTED_EDGE ( 'NONE', *, *, #1028, .F. ) ;
#655 = ADVANCED_FACE ( 'NONE', ( #415 ), #3605, .T. ) ;
#656 = VERTEX_POINT ( 'NONE', #12454 ) ;
#657 = ORIENTED_EDGE ( 'NONE', *, *, #2576, .F. ) ;
#658 = CARTESIAN_POINT ( 'NONE',  ( -10.36500000000000021, -22.96649999999999991, 4.650000000000000355 ) ) ;
#659 = CYLINDRICAL_SURFACE ( 'NONE', #3660, 3.000000000000000000 ) ;
#660 = CARTESIAN_POINT ( 'NONE',  ( -21.69999999999999929, -15.40000000000000036, 13.40886698681000055 ) ) ;
#661 = ORIENTED_EDGE ( 'NONE', *, *, #12587, .F. ) ;
#662 = CARTESIAN_POINT ( 'NONE',  ( -3.064999999999999947, -20.17650000000000077, 4.500000000000000888 ) ) ;
#663 = CARTESIAN_POINT ( 'NONE',  ( 1.274999999999999911, -19.40650000000000119, -4.320000000000000284 ) ) ;
#664 = CIRCLE ( 'NONE', #11101, 1.750000000000000000 ) ;
#665 = EDGE_CURVE ( 'NONE', #7337, #7186, #11311, .T. ) ;
#666 = EDGE_LOOP ( 'NONE', ( #13497, #8103, #533, #10466 ) ) ;
#667 = EDGE_CURVE ( 'NONE', #12014, #1584, #897, .T. ) ;
#668 = ORIENTED_EDGE ( 'NONE', *, *, #4319, .T. ) ;
#669 = ADVANCED_FACE ( 'NONE', ( #1950 ), #7169, .F. ) ;
#670 = AXIS2_PLACEMENT_3D ( 'NONE', #2586, #488, #9876 ) ;
#671 = ORIENTED_EDGE ( 'NONE', *, *, #10625, .T. ) ;
#672 = DIRECTION ( 'NONE',  ( 0.000000000000000000, -0.000000000000000000, 1.000000000000000000 ) ) ;
#673 = ORIENTED_EDGE ( 'NONE', *, *, #7867, .T. ) ;
#674 = EDGE_LOOP ( 'NONE', ( #2343, #1553, #6284, #6382, #4258, #4881, #12595, #8534 ) ) ;
#675 = LINE ( 'NONE', #11175, #8501 ) ;
#676 = LINE ( 'NONE', #4261, #12656 ) ;
#677 = CARTESIAN_POINT ( 'NONE',  ( -20.00000000000000000, 0.000000000000000000, 1.750000000000000000 ) ) ;
#678 = DIRECTION ( 'NONE',  ( 0.000000000000000000, 0.000000000000000000, -1.000000000000000000 ) ) ;
#679 = ORIENTED_EDGE ( 'NONE', *, *, #9745, .T. ) ;
#680 = ORIENTED_EDGE ( 'NONE', *, *, #2052, .T. ) ;
#681 = DIRECTION ( 'NONE',  ( 0.000000000000000000, -0.000000000000000000, -1.000000000000000000 ) ) ;
#682 = DIRECTION ( 'NONE',  ( -0.4775043600801141541, 0.8786293792632253741, -0.000000000000000000 ) ) ;
#683 = UNCERTAINTY_MEASURE_WITH_UNIT (LENGTH_MEASURE( 1.000000000000000082E-05 ), #2514, 'distance_accuracy_value', 'NONE');
#684 = FACE_OUTER_BOUND ( 'NONE', #5590, .T. ) ;
#685 = ORIENTED_EDGE ( 'NONE', *, *, #6762, .T. ) ;
#686 = CARTESIAN_POINT ( 'NONE',  ( 9.414999999999999147, -21.56650000000000134, 3.509999999999999787 ) ) ;
#687 = CIRCLE ( 'NONE', #8454, 0.2000000000000000944 ) ;
#688 = ORIENTED_EDGE ( 'NONE', *, *, #178, .T. ) ;
#689 = EDGE_CURVE ( 'NONE', #2775, #8109, #3128, .T. ) ;
#690 = DIRECTION ( 'NONE',  ( -1.000000000000000000, 0.000000000000000000, 0.000000000000000000 ) ) ;
#691 = ORIENTED_EDGE ( 'NONE', *, *, #1338, .T. ) ;
#692 = PLANE ( 'NONE',  #5847 ) ;
#693 = DIRECTION ( 'NONE',  ( -0.000000000000000000, 0.000000000000000000, -1.000000000000000000 ) ) ;
#694 = DIRECTION ( 'NONE',  ( 0.000000000000000000, -0.000000000000000000, -1.000000000000000000 ) ) ;
#695 = DIRECTION ( 'NONE',  ( 0.000000000000000000, 0.000000000000000000, -1.000000000000000000 ) ) ;
#696 = ADVANCED_FACE ( 'NONE', ( #1811 ), #2012, .F. ) ;
#697 = CARTESIAN_POINT ( 'NONE',  ( 1.274999999999999911, -17.37650000000000006, -3.509999999999999787 ) ) ;
#698 = ORIENTED_EDGE ( 'NONE', *, *, #13623, .F. ) ;
#699 = EDGE_CURVE ( 'NONE', #12191, #6676, #5142, .T. ) ;
#700 = CARTESIAN_POINT ( 'NONE',  ( 1.270000000000000018, -17.37650000000000006, -4.320000000000000284 ) ) ;
#701 = ADVANCED_FACE ( 'NONE', ( #13626 ), #12665, .F. ) ;
#702 = DIRECTION ( 'NONE',  ( -1.000000000000000000, -0.000000000000000000, -0.000000000000000000 ) ) ;
#703 = DIRECTION ( 'NONE',  ( -1.000000000000000000, -0.000000000000000000, -0.000000000000000000 ) ) ;
#704 = ORIENTED_EDGE ( 'NONE', *, *, #8680, .F. ) ;
#705 = EDGE_CURVE ( 'NONE', #6351, #5612, #2860, .T. ) ;
#706 = SURFACE_STYLE_USAGE ( .BOTH. , #6966 ) ;
#707 = DIRECTION ( 'NONE',  ( 0.000000000000000000, 0.000000000000000000, -1.000000000000000000 ) ) ;
#708 = AXIS2_PLACEMENT_3D ( 'NONE', #8091, #571, #4820 ) ;
#709 = DIRECTION ( 'NONE',  ( 0.000000000000000000, 0.000000000000000000, 1.000000000000000000 ) ) ;
#710 = FACE_OUTER_BOUND ( 'NONE', #12087, .T. ) ;
#711 = DIRECTION ( 'NONE',  ( -0.000000000000000000, -0.000000000000000000, 1.000000000000000000 ) ) ;
#712 = VECTOR ( 'NONE', #6378, 1000.000000000000000 ) ;
#714 = ORIENTED_EDGE ( 'NONE', *, *, #8808, .F. ) ;
#713 = DIRECTION ( 'NONE',  ( -0.000000000000000000, 1.000000000000000000, 0.000000000000000000 ) ) ;
#715 = LINE ( 'NONE', #4956, #4121 ) ;
#716 = FILL_AREA_STYLE ('',( #11284 ) ) ;
#717 = LINE ( 'NONE', #11356, #4527 ) ;
#718 = LINE ( 'NONE', #3148, #7349 ) ;
#719 = DIRECTION ( 'NONE',  ( 1.000000000000000000, 0.000000000000000000, 0.000000000000000000 ) ) ;
#720 = DIRECTION ( 'NONE',  ( 0.000000000000000000, 0.000000000000000000, -1.000000000000000000 ) ) ;
#721 =( GEOMETRIC_REPRESENTATION_CONTEXT ( 3 ) GLOBAL_UNCERTAINTY_ASSIGNED_CONTEXT ( ( #7241 ) ) GLOBAL_UNIT_ASSIGNED_CONTEXT ( ( #6510, #12846, #5467 ) ) REPRESENTATION_CONTEXT ( 'NONE', 'WORKASPACE' ) );
#722 = VERTEX_POINT ( 'NONE', #7370 ) ;
#723 = ORIENTED_EDGE ( 'NONE', *, *, #12473, .T. ) ;
#724 = ORIENTED_EDGE ( 'NONE', *, *, #10625, .F. ) ;
#725 = DIRECTION ( 'NONE',  ( 1.000000000000000000, 0.000000000000000000, 0.000000000000000000 ) ) ;
#726 = VERTEX_POINT ( 'NONE', #2925 ) ;
#727 = ORIENTED_EDGE ( 'NONE', *, *, #10513, .F. ) ;
#728 = CARTESIAN_POINT ( 'NONE',  ( 8.474999999999999645, -17.37650000000000006, 7.190000000000000391 ) ) ;
#729 = CARTESIAN_POINT ( 'NONE',  ( 15.94999999999999929, -17.94999999999999929, -3.472485578728000011 ) ) ;
#730 = DIRECTION ( 'NONE',  ( -0.09602825923645796902, -0.9953786080823796567, -0.000000000000000000 ) ) ;
#731 = ORIENTED_EDGE ( 'NONE', *, *, #12587, .T. ) ;
#732 = CARTESIAN_POINT ( 'NONE',  ( 5.524999999999999467, -17.57000000000000384, 7.189999999999999503 ) ) ;
#733 =( LENGTH_UNIT ( ) NAMED_UNIT ( * ) SI_UNIT ( .MILLI., .METRE. ) );
#734 = AXIS2_PLACEMENT_3D ( 'NONE', #3306, #1017, #5263 ) ;
#735 = ORIENTED_EDGE ( 'NONE', *, *, #6536, .T. ) ;
#736 = VECTOR ( 'NONE', #4348, 1000.000000000000000 ) ;
#737 = VERTEX_POINT ( 'NONE', #13693 ) ;
#738 = AXIS2_PLACEMENT_3D ( 'NONE', #7634, #10755, #182 ) ;
#739 = EDGE_CURVE ( 'NONE', #8619, #4615, #3060, .T. ) ;
#740 = AXIS2_PLACEMENT_3D ( 'NONE', #6108, #10528, #13724 ) ;
#741 = ORIENTED_EDGE ( 'NONE', *, *, #1547, .T. ) ;
#742 = EDGE_CURVE ( 'NONE', #13124, #11185, #3899, .T. ) ;
#744 = LINE ( 'NONE', #10398, #7868 ) ;
#743 = AXIS2_PLACEMENT_3D ( 'NONE', #1812, #13218, #2580 ) ;
#745 = ORIENTED_EDGE ( 'NONE', *, *, #2242, .F. ) ;
#746 = MECHANICAL_DESIGN_GEOMETRIC_PRESENTATION_REPRESENTATION (  '', ( #2075 ), #4735 ) ;
#747 = VERTEX_POINT ( 'NONE', #12523 ) ;
#748 = LINE ( 'NONE', #13262, #1177 ) ;
#749 = CARTESIAN_POINT ( 'NONE',  ( 2.415000000000000036, -20.17650000000000077, -7.519999999999999574 ) ) ;
#750 = CARTESIAN_POINT ( 'NONE',  ( -16.80000000000000071, 3.200000000000000178, -4.900000000000000355 ) ) ;
#751 = ORIENTED_EDGE ( 'NONE', *, *, #12531, .F. ) ;
#752 = VERTEX_POINT ( 'NONE', #6255 ) ;
#753 = CARTESIAN_POINT ( 'NONE',  ( -8.474999999999999645, -17.57000000000000384, 7.189999999999999503 ) ) ;
#754 = EDGE_CURVE ( 'NONE', #6454, #10669, #10486, .T. ) ;
#755 = DIRECTION ( 'NONE',  ( 0.000000000000000000, 1.000000000000000000, 0.000000000000000000 ) ) ;
#756 = ORIENTED_EDGE ( 'NONE', *, *, #12603, .T. ) ;
#757 = VECTOR ( 'NONE', #6016, 1000.000000000000000 ) ;
#758 = EDGE_CURVE ( 'NONE', #7764, #11254, #8420, .T. ) ;
#759 = VERTEX_POINT ( 'NONE', #11336 ) ;
#760 = VECTOR ( 'NONE', #397, 1000.000000000000000 ) ;
#761 = VECTOR ( 'NONE', #2993, 1000.000000000000000 ) ;
#762 = VECTOR ( 'NONE', #10500, 1000.000000000000000 ) ;
#763 = VECTOR ( 'NONE', #4412, 1000.000000000000227 ) ;
#764 = AXIS2_PLACEMENT_3D ( 'NONE', #12328, #7936, #2656 ) ;
#765 = PLANE ( 'NONE',  #1196 ) ;
#766 = ORIENTED_EDGE ( 'NONE', *, *, #8831, .F. ) ;
#767 = AXIS2_PLACEMENT_3D ( 'NONE', #792, #9326, #12618 ) ;
#768 = DIRECTION ( 'NONE',  ( 0.000000000000000000, -1.000000000000000000, -0.000000000000000000 ) ) ;
#769 = SURFACE_STYLE_FILL_AREA ( #9440 ) ;
#770 = CARTESIAN_POINT ( 'NONE',  ( -11.42999999999999972, 3.589199999999999946, -1.017359312880999900 ) ) ;
#771 = CARTESIAN_POINT ( 'NONE',  ( 10.80380592228999959, 3.200000000000000178, -9.056194077713001889 ) ) ;
#772 = VECTOR ( 'NONE', #13055, 1000.000000000000227 ) ;
#773 = DIRECTION ( 'NONE',  ( -1.000000000000000000, 0.000000000000000000, -0.000000000000000000 ) ) ;
#774 = CARTESIAN_POINT ( 'NONE',  ( -10.93500000000000050, -20.17650000000000077, 7.519999999999999574 ) ) ;
#775 = DIRECTION ( 'NONE',  ( -1.000000000000000000, 0.000000000000000000, -0.000000000000000000 ) ) ;
#776 = CARTESIAN_POINT ( 'NONE',  ( -13.50000000000000000, -2.399999999999999911, 13.40886698681000055 ) ) ;
#777 = VERTEX_POINT ( 'NONE', #1885 ) ;
#778 = DIRECTION ( 'NONE',  ( 0.000000000000000000, -1.000000000000000000, 0.000000000000000000 ) ) ;
#779 = VECTOR ( 'NONE', #3824, 1000.000000000000227 ) ;
#780 = ADVANCED_FACE ( 'NONE', ( #4094 ), #8343, .F. ) ;
#781 = AXIS2_PLACEMENT_3D ( 'NONE', #11467, #12713, #8331 ) ;
#782 = CYLINDRICAL_SURFACE ( 'NONE', #4980, 0.9899999999999999911 ) ;
#783 = LINE ( 'NONE', #1825, #12653 ) ;
#784 = EDGE_CURVE ( 'NONE', #13472, #9741, #2280, .T. ) ;
#785 = CARTESIAN_POINT ( 'NONE',  ( 2.415000000000000036, -2.337200000000000166, -3.509999999999999787 ) ) ;
#786 = CYLINDRICAL_SURFACE ( 'NONE', #13604, 0.8381999999999998341 ) ;
#788 = ORIENTED_EDGE ( 'NONE', *, *, #2746, .F. ) ;
#787 = DIRECTION ( 'NONE',  ( -0.000000000000000000, 0.000000000000000000, 1.000000000000000000 ) ) ;
#789 = EDGE_CURVE ( 'NONE', #4344, #399, #12722, .T. ) ;
#790 = FACE_OUTER_BOUND ( 'NONE', #3480, .T. ) ;
#791 =( LENGTH_UNIT ( ) NAMED_UNIT ( * ) SI_UNIT ( .MILLI., .METRE. ) );
#792 = CARTESIAN_POINT ( 'NONE',  ( -9.285000000000000142, -19.40650000000000119, 4.650000000000000355 ) ) ;
#793 = DIRECTION ( 'NONE',  ( 1.051676107310941194E-13, 0.000000000000000000, 1.000000000000000000 ) ) ;
#794 = FACE_OUTER_BOUND ( 'NONE', #8072, .T. ) ;
#795 = CIRCLE ( 'NONE', #8551, 4.900000000000000355 ) ;
#796 = CARTESIAN_POINT ( 'NONE',  ( 3.634999999999999787, -21.56650000000000134, 4.650000000000000355 ) ) ;
#797 = ADVANCED_FACE ( 'NONE', ( #1305 ), #9570, .F. ) ;
#798 = EDGE_CURVE ( 'NONE', #722, #1918, #8605, .T. ) ;
#799 = ORIENTED_EDGE ( 'NONE', *, *, #6852, .T. ) ;
#800 = FILL_AREA_STYLE ('',( #10109 ) ) ;
#801 = ORIENTED_EDGE ( 'NONE', *, *, #11379, .T. ) ;
#802 = EDGE_LOOP ( 'NONE', ( #8853, #13467, #12043, #7780 ) ) ;
#803 = DIRECTION ( 'NONE',  ( -0.000000000000000000, -1.000000000000000000, 0.000000000000000000 ) ) ;
#804 = ORIENTED_EDGE ( 'NONE', *, *, #6370, .T. ) ;
#805 = ADVANCED_FACE ( 'NONE', ( #44 ), #6451, .T. ) ;
#806 = ORIENTED_EDGE ( 'NONE', *, *, #12557, .T. ) ;
#807 = DIRECTION ( 'NONE',  ( -0.000000000000000000, 1.000000000000000000, 0.000000000000000000 ) ) ;
#808 = DIRECTION ( 'NONE',  ( 0.000000000000000000, -1.000000000000000000, 0.000000000000000000 ) ) ;
#809 = DIRECTION ( 'NONE',  ( 0.000000000000000000, 0.000000000000000000, 1.000000000000000000 ) ) ;
#810 = ORIENTED_EDGE ( 'NONE', *, *, #4065, .F. ) ;
#811 = LINE ( 'NONE', #5314, #2755 ) ;
#812 = CYLINDRICAL_SURFACE ( 'NONE', #5537, 3.000000000000000000 ) ;
#813 = VECTOR ( 'NONE', #3572, 1000.000000000000000 ) ;
#814 = DIRECTION ( 'NONE',  ( 0.000000000000000000, 0.000000000000000000, -1.000000000000000000 ) ) ;
#815 = EDGE_CURVE ( 'NONE', #1542, #4482, #7445, .T. ) ;
#816 = EDGE_LOOP ( 'NONE', ( #6769, #4001, #13012, #7192, #10873 ) ) ;
#817 = EDGE_CURVE ( 'NONE', #7017, #11373, #10686, .T. ) ;
#818 = EDGE_LOOP ( 'NONE', ( #1247, #8592, #1355, #10203 ) ) ;
#819 = AXIS2_PLACEMENT_3D ( 'NONE', #8574, #4457, #10793 ) ;
#820 = DIRECTION ( 'NONE',  ( -0.000000000000000000, -0.000000000000000000, 1.000000000000000000 ) ) ;
#821 = ORIENTED_EDGE ( 'NONE', *, *, #13198, .F. ) ;
#822 = ORIENTED_EDGE ( 'NONE', *, *, #2621, .T. ) ;
#823 = CARTESIAN_POINT ( 'NONE',  ( 8.269999999999999574, -19.40650000000000119, 4.650000000000000355 ) ) ;
#824 = DIRECTION ( 'NONE',  ( 0.000000000000000000, 1.000000000000000000, 0.000000000000000000 ) ) ;
#825 = CARTESIAN_POINT ( 'NONE',  ( 16.80000000000000071, 0.000000000000000000, 4.900000000000000355 ) ) ;
#826 = ORIENTED_EDGE ( 'NONE', *, *, #7607, .F. ) ;
#827 = CARTESIAN_POINT ( 'NONE',  ( 4.584999999999999964, -20.17650000000000077, 13.40000000000000036 ) ) ;
#828 = FACE_OUTER_BOUND ( 'NONE', #8651, .T. ) ;
#829 = ORIENTED_EDGE ( 'NONE', *, *, #6397, .T. ) ;
#830 = ADVANCED_FACE ( 'NONE', ( #3323 ), #9502, .T. ) ;
#831 = ORIENTED_EDGE ( 'NONE', *, *, #11081, .F. ) ;
#832 = VECTOR ( 'NONE', #3455, 1000.000000000000000 ) ;
#833 = EDGE_CURVE ( 'NONE', #4387, #13537, #2412, .T. ) ;
#834 = CARTESIAN_POINT ( 'NONE',  ( 9.414999999999999147, -22.96649999999999991, 0.000000000000000000 ) ) ;
#835 = ORIENTED_EDGE ( 'NONE', *, *, #15, .T. ) ;
#836 = LINE ( 'NONE', #7369, #7622 ) ;
#837 = CARTESIAN_POINT ( 'NONE',  ( 20.00000000000000000, 0.000000000000000000, 0.000000000000000000 ) ) ;
#838 = CARTESIAN_POINT ( 'NONE',  ( -1.294999999999999929, -15.34650000000000070, -3.330000000000000071 ) ) ;
#839 = DIRECTION ( 'NONE',  ( 0.000000000000000000, -0.000000000000000000, 1.000000000000000000 ) ) ;
#840 = DIRECTION ( 'NONE',  ( 0.1004120643277483932, 0.9949459368917690227, 0.000000000000000000 ) ) ;
#841 = DIRECTION ( 'NONE',  ( -0.000000000000000000, 1.000000000000000000, 0.000000000000000000 ) ) ;
#842 = DIRECTION ( 'NONE',  ( -0.000000000000000000, -1.000000000000000000, 0.000000000000000000 ) ) ;
#843 = CARTESIAN_POINT ( 'NONE',  ( -24.89999999999999503, -2.399999999999999911, 13.40886698681000055 ) ) ;
#844 = EDGE_CURVE ( 'NONE', #13525, #13585, #11802, .T. ) ;
#845 = ORIENTED_EDGE ( 'NONE', *, *, #10714, .F. ) ;
#846 = ADVANCED_FACE ( 'NONE', ( #396 ), #9917, .F. ) ;
#847 = PLANE ( 'NONE',  #2530 ) ;
#848 = ORIENTED_EDGE ( 'NONE', *, *, #2191, .F. ) ;
#849 = DIRECTION ( 'NONE',  ( 0.000000000000000000, 1.000000000000000000, 0.000000000000000000 ) ) ;
#850 = DIRECTION ( 'NONE',  ( 0.000000000000000000, 0.000000000000000000, 1.000000000000000000 ) ) ;
#851 = DIRECTION ( 'NONE',  ( -1.000000000000000000, 0.000000000000000000, 0.000000000000000000 ) ) ;
#853 = EDGE_LOOP ( 'NONE', ( #7876, #3287, #2832, #3304, #8597, #11159, #8785, #9373, #9452, #9690, #5275, #363, #12835, #10942, #12284, #9333 ) ) ;
#852 = DIRECTION ( 'NONE',  ( 0.000000000000000000, 0.000000000000000000, -1.000000000000000000 ) ) ;
#854 = CARTESIAN_POINT ( 'NONE',  ( 1.294999999999999929, -15.34650000000000070, -3.330000000000000071 ) ) ;
#855 = CARTESIAN_POINT ( 'NONE',  ( 1.294999999999999929, -13.31649999999999956, -3.330000000000000071 ) ) ;
#856 = DIRECTION ( 'NONE',  ( 0.09602825923645796902, 0.9953786080823796567, 0.000000000000000000 ) ) ;
#857 = LINE ( 'NONE', #3022, #3412 ) ;
#858 = LINE ( 'NONE', #11439, #630 ) ;
#859 = EDGE_CURVE ( 'NONE', #9906, #6501, #5053, .T. ) ;
#860 = ORIENTED_EDGE ( 'NONE', *, *, #1112, .T. ) ;
#861 = SURFACE_STYLE_FILL_AREA ( #1127 ) ;
#862 = VERTEX_POINT ( 'NONE', #6935 ) ;
#863 = VERTEX_POINT ( 'NONE', #2481 ) ;
#864 = FACE_OUTER_BOUND ( 'NONE', #12570, .T. ) ;
#865 = VECTOR ( 'NONE', #7125, 1000.000000000000000 ) ;
#866 = ORIENTED_EDGE ( 'NONE', *, *, #3252, .T. ) ;
#867 = ORIENTED_EDGE ( 'NONE', *, *, #754, .T. ) ;
#868 = LINE ( 'NONE', #13726, #11027 ) ;
#869 = DIRECTION ( 'NONE',  ( 0.000000000000000000, -1.000000000000000000, 0.000000000000000000 ) ) ;
#870 = SURFACE_STYLE_USAGE ( .BOTH. , #8378 ) ;
#871 = ORIENTED_EDGE ( 'NONE', *, *, #9463, .T. ) ;
#872 = STYLED_ITEM ( 'NONE', ( #1866 ), #1074 ) ;
#873 = DIRECTION ( 'NONE',  ( -0.000000000000000000, 1.000000000000000000, 0.000000000000000000 ) ) ;
#874 = EDGE_CURVE ( 'NONE', #3458, #11523, #4634, .T. ) ;
#875 = LINE ( 'NONE', #13596, #2664 ) ;
#876 = EDGE_CURVE ( 'NONE', #8183, #386, #1581, .T. ) ;
#877 = DIRECTION ( 'NONE',  ( -0.4775043600801353039, 0.8786293792632138278, 0.000000000000000000 ) ) ;
#878 = VECTOR ( 'NONE', #7520, 1000.000000000000000 ) ;
#879 = EDGE_CURVE ( 'NONE', #4992, #5241, #10411, .T. ) ;
#880 = ORIENTED_EDGE ( 'NONE', *, *, #8238, .T. ) ;
#881 = DIRECTION ( 'NONE',  ( 0.000000000000000000, 0.000000000000000000, -1.000000000000000000 ) ) ;
#882 = ORIENTED_EDGE ( 'NONE', *, *, #7489, .T. ) ;
#883 = ORIENTED_EDGE ( 'NONE', *, *, #11459, .T. ) ;
#884 = FACE_OUTER_BOUND ( 'NONE', #1303, .T. ) ;
#885 = CARTESIAN_POINT ( 'NONE',  ( 15.94999999999999929, -17.94999999999999929, -3.472485578728000011 ) ) ;
#886 = CIRCLE ( 'NONE', #2438, 1.400000000000000133 ) ;
#887 = DIRECTION ( 'NONE',  ( 1.000000000000000000, 0.000000000000000000, -0.000000000000000000 ) ) ;
#888 = VERTEX_POINT ( 'NONE', #332 ) ;
#889 = DIRECTION ( 'NONE',  ( 0.000000000000000000, 1.000000000000000000, -0.000000000000000000 ) ) ;
#890 = LINE ( 'NONE', #1874, #7004 ) ;
#891 = ORIENTED_EDGE ( 'NONE', *, *, #10462, .T. ) ;
#892 = EDGE_LOOP ( 'NONE', ( #11126, #61, #4809, #7797, #1367, #8640 ) ) ;
#893 = VERTEX_POINT ( 'NONE', #10967 ) ;
#894 = CYLINDRICAL_SURFACE ( 'NONE', #5208, 0.9899999999999999911 ) ;
#895 = ORIENTED_EDGE ( 'NONE', *, *, #3272, .F. ) ;
#896 = CARTESIAN_POINT ( 'NONE',  ( -21.75000000000000355, -8.699999999999999289, 15.80886698680999913 ) ) ;
#897 = LINE ( 'NONE', #12597, #7101 ) ;
#898 = FACE_OUTER_BOUND ( 'NONE', #7831, .T. ) ;
#899 = CARTESIAN_POINT ( 'NONE',  ( -5.205000000000000071, -22.96649999999999991, -7.519999999999999574 ) ) ;
#900 = DIRECTION ( 'NONE',  ( 0.000000000000000000, -0.000000000000000000, 1.000000000000000000 ) ) ;
#901 = FACE_OUTER_BOUND ( 'NONE', #4664, .T. ) ;
#902 = DIRECTION ( 'NONE',  ( 0.000000000000000000, -0.000000000000000000, -1.000000000000000000 ) ) ;
#903 = CARTESIAN_POINT ( 'NONE',  ( 0.000000000000000000, -22.96649999999999991, 7.519999999999999574 ) ) ;
#904 = ORIENTED_EDGE ( 'NONE', *, *, #10960, .F. ) ;
#905 = EDGE_CURVE ( 'NONE', #1718, #8713, #9088, .T. ) ;
#906 = CARTESIAN_POINT ( 'NONE',  ( -1.270000000000000018, -17.37650000000000006, -3.509999999999999787 ) ) ;
#907 = ORIENTED_EDGE ( 'NONE', *, *, #2922, .T. ) ;
#908 = LINE ( 'NONE', #9378, #12313 ) ;
#909 = LINE ( 'NONE', #2099, #4063 ) ;
#910 = EDGE_CURVE ( 'NONE', #11676, #6696, #7769, .T. ) ;
#911 = DIRECTION ( 'NONE',  ( 0.000000000000000000, -1.000000000000000000, 0.000000000000000000 ) ) ;
#912 = ORIENTED_EDGE ( 'NONE', *, *, #3725, .F. ) ;
#913 = DIRECTION ( 'NONE',  ( 0.000000000000000000, -0.000000000000000000, 1.000000000000000000 ) ) ;
#914 = CARTESIAN_POINT ( 'NONE',  ( -1.500000000000000000, -17.37650000000000006, -6.860000000000000320 ) ) ;
#915 = FACE_OUTER_BOUND ( 'NONE', #8584, .T. ) ;
#916 = DIRECTION ( 'NONE',  ( 0.000000000000000000, -1.000000000000000000, 0.000000000000000000 ) ) ;
#917 = LINE ( 'NONE', #4, #12269 ) ;
#918 = EDGE_CURVE ( 'NONE', #539, #5471, #13302, .T. ) ;
#919 = DIRECTION ( 'NONE',  ( 0.000000000000000000, 1.000000000000000000, 0.000000000000000000 ) ) ;
#920 = ORIENTED_EDGE ( 'NONE', *, *, #6358, .T. ) ;
#921 = FACE_OUTER_BOUND ( 'NONE', #13767, .T. ) ;
#922 = AXIS2_PLACEMENT_3D ( 'NONE', #5690, #4492, #8607 ) ;
#923 = ORIENTED_EDGE ( 'NONE', *, *, #1119, .T. ) ;
#924 = VERTEX_POINT ( 'NONE', #5819 ) ;
#925 = DIRECTION ( 'NONE',  ( -0.000000000000000000, -1.000000000000000000, -0.000000000000000000 ) ) ;
#926 = ORIENTED_EDGE ( 'NONE', *, *, #6302, .F. ) ;
#927 = EDGE_LOOP ( 'NONE', ( #11462, #9761, #10385, #10519 ) ) ;
#928 = DIRECTION ( 'NONE',  ( -0.000000000000000000, 0.000000000000000000, -1.000000000000000000 ) ) ;
#929 = CARTESIAN_POINT ( 'NONE',  ( -5.647522111928000577, -12.04650000000000176, 4.500000000000000888 ) ) ;
#930 = CARTESIAN_POINT ( 'NONE',  ( -9.414999999999999147, -2.337200000000000166, 4.500000000000000888 ) ) ;
#931 = VERTEX_POINT ( 'NONE', #4569 ) ;
#932 = CARTESIAN_POINT ( 'NONE',  ( 2.415000000000000036, -22.96649999999999991, -7.519999999999999574 ) ) ;
#933 = EDGE_CURVE ( 'NONE', #4582, #8936, #3590, .T. ) ;
#934 = FILL_AREA_STYLE_COLOUR ( '', #10871 ) ;
#935 = VECTOR ( 'NONE', #13231, 1000.000000000000000 ) ;
#937 = STYLED_ITEM ( 'NONE', ( #9123 ), #6864 ) ;
#936 = CARTESIAN_POINT ( 'NONE',  ( 9.414999999999999147, -13.31650000000000134, 4.500000000000000888 ) ) ;
#938 = LINE ( 'NONE', #7485, #11419 ) ;
#939 = EDGE_CURVE ( 'NONE', #4586, #11644, #6806, .T. ) ;
#940 = ORIENTED_EDGE ( 'NONE', *, *, #12184, .F. ) ;
#941 = CARTESIAN_POINT ( 'NONE',  ( 7.000000000000000000, -17.37650000000000006, -0.1000000000000000056 ) ) ;
#942 = ORIENTED_EDGE ( 'NONE', *, *, #10297, .T. ) ;
#943 = VECTOR ( 'NONE', #6681, 1000.000000000000000 ) ;
#944 = ORIENTED_EDGE ( 'NONE', *, *, #2409, .F. ) ;
#945 = DIRECTION ( 'NONE',  ( 0.8786293792632253741, -0.4775043600801141541, 0.000000000000000000 ) ) ;
#946 = CYLINDRICAL_SURFACE ( 'NONE', #11391, 0.1999999999999996503 ) ;
#947 = DIRECTION ( 'NONE',  ( 0.000000000000000000, 0.000000000000000000, 1.000000000000000000 ) ) ;
#948 = ORIENTED_EDGE ( 'NONE', *, *, #8019, .T. ) ;
#949 = EDGE_CURVE ( 'NONE', #5, #4273, #1372, .T. ) ;
#950 = VECTOR ( 'NONE', #9068, 1000.000000000000000 ) ;
#951 = CARTESIAN_POINT ( 'NONE',  ( 1.475000000000000089, -13.31649999999999956, -4.320000000000000284 ) ) ;
#952 = CIRCLE ( 'NONE', #13390, 6.000000000000000888 ) ;
#953 = DIRECTION ( 'NONE',  ( -0.000000000000000000, -1.000000000000000000, -0.000000000000000000 ) ) ;
#954 = ORIENTED_EDGE ( 'NONE', *, *, #7258, .F. ) ;
#955 = VERTEX_POINT ( 'NONE', #11040 ) ;
#956 = UNCERTAINTY_MEASURE_WITH_UNIT (LENGTH_MEASURE( 1.000000000000000082E-05 ), #966, 'distance_accuracy_value', 'NONE');
#957 = AXIS2_PLACEMENT_3D ( 'NONE', #2027, #8484, #12874 ) ;
#958 = EDGE_CURVE ( 'NONE', #4703, #10753, #6729, .T. ) ;
#959 = VERTEX_POINT ( 'NONE', #5688 ) ;
#960 = VECTOR ( 'NONE', #3424, 1000.000000000000227 ) ;
#961 = DIRECTION ( 'NONE',  ( 1.000000000000000000, 0.000000000000000000, -0.000000000000000000 ) ) ;
#962 = ORIENTED_EDGE ( 'NONE', *, *, #1235, .F. ) ;
#963 = LINE ( 'NONE', #10563, #6286 ) ;
#964 = DIRECTION ( 'NONE',  ( -0.000000000000000000, -1.000000000000000000, -0.000000000000000000 ) ) ;
#965 = LINE ( 'NONE', #10279, #9612 ) ;
#966 =( LENGTH_UNIT ( ) NAMED_UNIT ( * ) SI_UNIT ( .MILLI., .METRE. ) );
#967 = FACE_OUTER_BOUND ( 'NONE', #7515, .T. ) ;
#968 = VECTOR ( 'NONE', #8179, 1000.000000000000114 ) ;
#969 =( GEOMETRIC_REPRESENTATION_CONTEXT ( 3 ) GLOBAL_UNCERTAINTY_ASSIGNED_CONTEXT ( ( #13480 ) ) GLOBAL_UNIT_ASSIGNED_CONTEXT ( ( #4570, #10893, #11942 ) ) REPRESENTATION_CONTEXT ( 'NONE', 'WORKASPACE' ) );
#970 = DIRECTION ( 'NONE',  ( -0.000000000000000000, -0.000000000000000000, -1.000000000000000000 ) ) ;
#971 = VECTOR ( 'NONE', #4864, 1000.000000000000000 ) ;
#972 = LINE ( 'NONE', #3961, #6437 ) ;
#973 = CARTESIAN_POINT ( 'NONE',  ( -14.55875721063900130, -2.399999999999999467, -6.831242789364999624 ) ) ;
#974 = VERTEX_POINT ( 'NONE', #12016 ) ;
#975 = AXIS2_PLACEMENT_3D ( 'NONE', #2129, #6368, #12385 ) ;
#976 = VECTOR ( 'NONE', #6896, 1000.000000000000000 ) ;
#977 = EDGE_CURVE ( 'NONE', #4498, #10333, #5608, .T. ) ;
#978 = AXIS2_PLACEMENT_3D ( 'NONE', #3079, #9458, #2945 ) ;
#979 = CARTESIAN_POINT ( 'NONE',  ( -1.270000000000000018, -19.40650000000000119, -4.320000000000000284 ) ) ;
#980 = AXIS2_PLACEMENT_3D ( 'NONE', #6448, #10683, #1160 ) ;
#981 = ORIENTED_EDGE ( 'NONE', *, *, #8347, .F. ) ;
#982 = CYLINDRICAL_SURFACE ( 'NONE', #6309, 0.2000000000000000944 ) ;
#983 = CARTESIAN_POINT ( 'NONE',  ( 13.50000000000000000, 0.000000000000000000, 15.80886698680999913 ) ) ;
#984 = PRESENTATION_LAYER_ASSIGNMENT (  '', '', ( #1198 ) ) ;
#985 = PLANE ( 'NONE',  #6948 ) ;
#986 = CARTESIAN_POINT ( 'NONE',  ( -9.881242789364000245, -17.94999999999999929, -11.50875721064000246 ) ) ;
#987 = FACE_OUTER_BOUND ( 'NONE', #8965, .T. ) ;
#988 = CARTESIAN_POINT ( 'NONE',  ( -4.584999999999999964, 3.589199999999999946, -0.5000000000000000000 ) ) ;
#989 = DIRECTION ( 'NONE',  ( 1.000000000000000000, 0.000000000000000000, -0.000000000000000000 ) ) ;
#990 = CARTESIAN_POINT ( 'NONE',  ( -15.94999999999999929, -17.94999999999999929, 13.40000000000000036 ) ) ;
#991 = ORIENTED_EDGE ( 'NONE', *, *, #2743, .F. ) ;
#992 = SURFACE_SIDE_STYLE ('',( #9330 ) ) ;
#993 = EDGE_CURVE ( 'NONE', #9290, #2344, #12093, .T. ) ;
#994 = VECTOR ( 'NONE', #11986, 1000.000000000000000 ) ;
#995 = ORIENTED_EDGE ( 'NONE', *, *, #9937, .F. ) ;
#996 = DIRECTION ( 'NONE',  ( 0.000000000000000000, 0.000000000000000000, 1.000000000000000000 ) ) ;
#997 = VECTOR ( 'NONE', #2984, 1000.000000000000000 ) ;
#998 = ORIENTED_EDGE ( 'NONE', *, *, #586, .F. ) ;
#999 = VERTEX_POINT ( 'NONE', #7977 ) ;
#1000 = CARTESIAN_POINT ( 'NONE',  ( 2.285000000000000142, -13.31649999999999956, -4.320000000000000284 ) ) ;
#1001 = ADVANCED_FACE ( 'NONE', ( #4849 ), #1516, .F. ) ;
#1002 = ORIENTED_EDGE ( 'NONE', *, *, #3139, .T. ) ;
#1004 = ORIENTED_EDGE ( 'NONE', *, *, #4157, .T. ) ;
#1003 = DIRECTION ( 'NONE',  ( -0.000000000000000000, -1.000000000000000000, 0.000000000000000000 ) ) ;
#1005 = CARTESIAN_POINT ( 'NONE',  ( -1.779999999999992699, -2.673278531664995850, -4.320000000000000284 ) ) ;
#1006 = CARTESIAN_POINT ( 'NONE',  ( -3.634999999999999787, -22.96649999999999991, 3.509999999999999787 ) ) ;
#1007 = VECTOR ( 'NONE', #9160, 1000.000000000000000 ) ;
#1008 = PLANE ( 'NONE',  #12088 ) ;
#1009 = VERTEX_POINT ( 'NONE', #5895 ) ;
#1010 = CARTESIAN_POINT ( 'NONE',  ( -9.285000000000000142, -13.31649999999999956, 4.650000000000000355 ) ) ;
#1011 = PLANE ( 'NONE',  #2766 ) ;
#1012 = EDGE_CURVE ( 'NONE', #6939, #5550, #8046, .T. ) ;
#1013 = EDGE_CURVE ( 'NONE', #284, #4969, #3754, .T. ) ;
#1014 = VECTOR ( 'NONE', #8610, 1000.000000000000000 ) ;
#1015 = EDGE_CURVE ( 'NONE', #5734, #13259, #2911, .T. ) ;
#1016 = ORIENTED_EDGE ( 'NONE', *, *, #2109, .F. ) ;
#1017 = DIRECTION ( 'NONE',  ( 0.000000000000000000, -1.000000000000000000, -0.000000000000000000 ) ) ;
#1018 = EDGE_CURVE ( 'NONE', #2288, #10323, #7081, .T. ) ;
#1019 = ORIENTED_EDGE ( 'NONE', *, *, #5970, .F. ) ;
#1020 = VERTEX_POINT ( 'NONE', #1132 ) ;
#1021 = CARTESIAN_POINT ( 'NONE',  ( -8.275000000000000355, -13.31649999999999956, 3.640000000000000124 ) ) ;
#1022 = CARTESIAN_POINT ( 'NONE',  ( 16.80000000000000071, 3.200000000000000178, -4.900000000000001243 ) ) ;
#1023 = CARTESIAN_POINT ( 'NONE',  ( -1.500000000000000000, -17.57000000000000384, -12.90000000000000036 ) ) ;
#1024 = EDGE_LOOP ( 'NONE', ( #4052, #745, #948, #1201 ) ) ;
#1025 =( NAMED_UNIT ( * ) SI_UNIT ( $, .STERADIAN. ) SOLID_ANGLE_UNIT ( ) );
#1026 = ORIENTED_EDGE ( 'NONE', *, *, #3746, .T. ) ;
#1027 = VERTEX_POINT ( 'NONE', #2846 ) ;
#1028 = EDGE_CURVE ( 'NONE', #3473, #12274, #6028, .T. ) ;
#1029 = VECTOR ( 'NONE', #2686, 1000.000000000000000 ) ;
#1030 = ORIENTED_EDGE ( 'NONE', *, *, #3549, .F. ) ;
#1031 = CARTESIAN_POINT ( 'NONE',  ( 5.647522111928000577, -12.04650000000000176, 4.500000000000000888 ) ) ;
#1032 = ORIENTED_EDGE ( 'NONE', *, *, #7637, .T. ) ;
#1033 = CARTESIAN_POINT ( 'NONE',  ( 9.228380951166123225, -17.94999999999999929, 4.500000000000000888 ) ) ;
#1034 = DIRECTION ( 'NONE',  ( 0.4775043600801356924, -0.8786293792632137167, 0.000000000000000000 ) ) ;
#1035 = CARTESIAN_POINT ( 'NONE',  ( 5.931689797203047121, -2.286500000000086352, -0.1000000000000001998 ) ) ;
#1036 = CARTESIAN_POINT ( 'NONE',  ( -5.181072524102905419, -15.34650000000000247, 4.500000000000000888 ) ) ;
#1037 = FILL_AREA_STYLE ('',( #3200 ) ) ;
#1038 = DIRECTION ( 'NONE',  ( 0.000000000000000000, 0.000000000000000000, 1.000000000000000000 ) ) ;
#1039 = PRESENTATION_LAYER_ASSIGNMENT (  '', '', ( #1495 ) ) ;
#1040 = CARTESIAN_POINT ( 'NONE',  ( -2.284999999999999698, -17.37650000000000006, -4.500000000000000888 ) ) ;
#1041 = ADVANCED_FACE ( 'NONE', ( #7152 ), #10259, .T. ) ;
#1042 = PLANE ( 'NONE',  #3979 ) ;
#1043 = ORIENTED_EDGE ( 'NONE', *, *, #599, .F. ) ;
#1044 = EDGE_CURVE ( 'NONE', #1175, #2172, #10194, .T. ) ;
#1045 = LINE ( 'NONE', #979, #8084 ) ;
#1046 = ORIENTED_EDGE ( 'NONE', *, *, #11398, .F. ) ;
#1047 = LINE ( 'NONE', #3968, #9078 ) ;
#1048 = CARTESIAN_POINT ( 'NONE',  ( -10.93500000000000050, -20.17650000000000077, 13.40000000000000036 ) ) ;
#1049 = DIRECTION ( 'NONE',  ( 0.000000000000000000, 0.000000000000000000, 1.000000000000000000 ) ) ;
#1050 = CARTESIAN_POINT ( 'NONE',  ( 24.89999999999999858, 0.000000000000000000, -1.500192328955507931E-16 ) ) ;
#1051 = DIRECTION ( 'NONE',  ( 0.000000000000000000, -1.000000000000000000, 0.000000000000000000 ) ) ;
#1052 = CARTESIAN_POINT ( 'NONE',  ( 1.270000000000000018, -17.37650000000000006, -4.320000000000000284 ) ) ;
#1053 = CARTESIAN_POINT ( 'NONE',  ( 20.30000000000000071, -2.399999999999999911, 0.000000000000000000 ) ) ;
#1054 = ORIENTED_EDGE ( 'NONE', *, *, #6470, .F. ) ;
#1055 = UNCERTAINTY_MEASURE_WITH_UNIT (LENGTH_MEASURE( 1.000000000000000082E-05 ), #5243, 'distance_accuracy_value', 'NONE');
#1056 = DIRECTION ( 'NONE',  ( 0.000000000000000000, 0.000000000000000000, 1.000000000000000000 ) ) ;
#1057 = ORIENTED_EDGE ( 'NONE', *, *, #362, .T. ) ;
#1058 = SURFACE_SIDE_STYLE ('',( #10587 ) ) ;
#1059 = ORIENTED_EDGE ( 'NONE', *, *, #12734, .F. ) ;
#1060 = ORIENTED_EDGE ( 'NONE', *, *, #9898, .F. ) ;
#1061 = DIRECTION ( 'NONE',  ( 1.000000000000000000, 0.000000000000000000, -0.000000000000000000 ) ) ;
#1062 = EDGE_LOOP ( 'NONE', ( #11740, #6413, #3718, #4276, #1387, #9038 ) ) ;
#1064 = ORIENTED_EDGE ( 'NONE', *, *, #12006, .F. ) ;
#1063 = CARTESIAN_POINT ( 'NONE',  ( 1.395000000000000018, -22.96649999999999991, -3.509999999999999787 ) ) ;
#1065 = DIRECTION ( 'NONE',  ( 0.000000000000000000, 0.000000000000000000, -1.000000000000000000 ) ) ;
#1066 = DIRECTION ( 'NONE',  ( 0.000000000000000000, -1.000000000000000000, 0.000000000000000000 ) ) ;
#1067 = CARTESIAN_POINT ( 'NONE',  ( -3.850000000000000089, -21.56650000000000134, 0.000000000000000000 ) ) ;
#1068 = ORIENTED_EDGE ( 'NONE', *, *, #11359, .T. ) ;
#1069 = EDGE_CURVE ( 'NONE', #5940, #1162, #676, .T. ) ;
#1070 = CARTESIAN_POINT ( 'NONE',  ( 7.000000000000000000, -21.18649999999999878, 4.650000000000000355 ) ) ;
#1071 = DIRECTION ( 'NONE',  ( 0.8786293792632253741, -0.4775043600801141541, 0.000000000000000000 ) ) ;
#1072 = CARTESIAN_POINT ( 'NONE',  ( 5.724999999999999645, -17.57000000000000384, 4.850000000000000533 ) ) ;
#1073 = VECTOR ( 'NONE', #10089, 1000.000000000000000 ) ;
#1074 = ADVANCED_FACE ( 'NONE', ( #11714 ), #4995, .F. ) ;
#1075 = ORIENTED_EDGE ( 'NONE', *, *, #5002, .T. ) ;
#1076 = DIRECTION ( 'NONE',  ( 0.000000000000000000, 0.000000000000000000, 1.000000000000000000 ) ) ;
#1077 = ORIENTED_EDGE ( 'NONE', *, *, #4829, .T. ) ;
#1078 = ORIENTED_EDGE ( 'NONE', *, *, #12649, .F. ) ;
#1079 = LINE ( 'NONE', #11595, #12803 ) ;
#1080 = CARTESIAN_POINT ( 'NONE',  ( -11.19999999999999929, -2.399999999999999467, -3.472485578728000011 ) ) ;
#1081 = EDGE_CURVE ( 'NONE', #11817, #1662, #3943, .T. ) ;
#1082 = CYLINDRICAL_SURFACE ( 'NONE', #4243, 0.9900000000000004352 ) ;
#1083 = ORIENTED_EDGE ( 'NONE', *, *, #9785, .T. ) ;
#1084 = CARTESIAN_POINT ( 'NONE',  ( 8.474999999999974776, -13.31650000000000489, 3.629999999999999449 ) ) ;
#1085 = AXIS2_PLACEMENT_3D ( 'NONE', #4808, #6891, #9037 ) ;
#1086 = ADVANCED_FACE ( 'NONE', ( #8191 ), #9541, .T. ) ;
#1087 =( GEOMETRIC_REPRESENTATION_CONTEXT ( 3 ) GLOBAL_UNCERTAINTY_ASSIGNED_CONTEXT ( ( #9532 ) ) GLOBAL_UNIT_ASSIGNED_CONTEXT ( ( #9185, #11207, #8971 ) ) REPRESENTATION_CONTEXT ( 'NONE', 'WORKASPACE' ) );
#1088 = VERTEX_POINT ( 'NONE', #3232 ) ;
#1089 = STYLED_ITEM ( 'NONE', ( #10140 ), #2221 ) ;
#1090 = VECTOR ( 'NONE', #693, 1000.000000000000000 ) ;
#1091 = ORIENTED_EDGE ( 'NONE', *, *, #3725, .T. ) ;
#1092 = ADVANCED_FACE ( 'NONE', ( #3881 ), #12376, .T. ) ;
#1093 = VECTOR ( 'NONE', #4511, 1000.000000000000000 ) ;
#1094 =( GEOMETRIC_REPRESENTATION_CONTEXT ( 3 ) GLOBAL_UNCERTAINTY_ASSIGNED_CONTEXT ( ( #5296 ) ) GLOBAL_UNIT_ASSIGNED_CONTEXT ( ( #2400, #2470, #13761 ) ) REPRESENTATION_CONTEXT ( 'NONE', 'WORKASPACE' ) );
#1095 = COLOUR_RGB ( '',1.000000000000000000, 1.000000000000000000, 1.000000000000000000 ) ;
#1096 = EDGE_LOOP ( 'NONE', ( #3745, #9562, #882, #2651 ) ) ;
#1097 = CARTESIAN_POINT ( 'NONE',  ( -1.475000000000000089, -17.37650000000000006, -4.519999999999999574 ) ) ;
#1098 = EDGE_LOOP ( 'NONE', ( #2813, #4779, #1078, #8307, #12024, #9146, #13554, #10484 ) ) ;
#1099 = CARTESIAN_POINT ( 'NONE',  ( -2.285000000000000142, -17.94999999999999929, -6.860000000000000320 ) ) ;
#1100 = DIRECTION ( 'NONE',  ( 0.000000000000000000, 1.000000000000000000, 0.000000000000000000 ) ) ;
#1101 = LINE ( 'NONE', #46, #12916 ) ;
#1102 = DIRECTION ( 'NONE',  ( 0.000000000000000000, 0.000000000000000000, -1.000000000000000000 ) ) ;
#1103 = FACE_OUTER_BOUND ( 'NONE', #1958, .T. ) ;
#1104 = EDGE_CURVE ( 'NONE', #9821, #4560, #11647, .T. ) ;
#1105 = LINE ( 'NONE', #5347, #6014 ) ;
#1106 = DIRECTION ( 'NONE',  ( 0.000000000000000000, 0.000000000000000000, 1.000000000000000000 ) ) ;
#1107 = VECTOR ( 'NONE', #4812, 1000.000000000000000 ) ;
#1108 = ORIENTED_EDGE ( 'NONE', *, *, #9447, .T. ) ;
#1109 = CARTESIAN_POINT ( 'NONE',  ( 9.285000000000000142, -19.40650000000000119, 7.190000000000000391 ) ) ;
#1110 = ORIENTED_EDGE ( 'NONE', *, *, #2146, .F. ) ;
#1111 = ORIENTED_EDGE ( 'NONE', *, *, #2458, .F. ) ;
#1112 = EDGE_CURVE ( 'NONE', #10319, #3682, #12052, .T. ) ;
#1113 = LINE ( 'NONE', #6401, #1093 ) ;
#1115 = VECTOR ( 'NONE', #8248, 1000.000000000000000 ) ;
#1114 = DIRECTION ( 'NONE',  ( -1.000000000000000000, 0.000000000000000000, -0.000000000000000000 ) ) ;
#1116 = PLANE ( 'NONE',  #8493 ) ;
#1117 = ADVANCED_FACE ( 'NONE', ( #13096 ), #7532, .T. ) ;
#1118 = DIRECTION ( 'NONE',  ( -0.000000000000000000, -0.000000000000000000, -1.000000000000000000 ) ) ;
#1119 = EDGE_CURVE ( 'NONE', #6479, #9510, #8836, .T. ) ;
#1120 = DIRECTION ( 'NONE',  ( 0.000000000000000000, 0.000000000000000000, 1.000000000000000000 ) ) ;
#1121 = CARTESIAN_POINT ( 'NONE',  ( -1.068310202796999953, -2.286500000000000199, 0.4299999999999999933 ) ) ;
#1122 = DIRECTION ( 'NONE',  ( -0.000000000000000000, -1.000000000000000000, 0.000000000000000000 ) ) ;
#1123 = VERTEX_POINT ( 'NONE', #5722 ) ;
#1124 = LINE ( 'NONE', #8565, #10830 ) ;
#1125 = VECTOR ( 'NONE', #5938, 1000.000000000000000 ) ;
#1126 = EDGE_LOOP ( 'NONE', ( #9632, #3308, #2689, #2392 ) ) ;
#1127 = FILL_AREA_STYLE ('',( #13718 ) ) ;
#1128 = EDGE_CURVE ( 'NONE', #1788, #3473, #5574, .T. ) ;
#1129 = DIRECTION ( 'NONE',  ( 0.000000000000000000, 0.000000000000000000, -1.000000000000000000 ) ) ;
#1130 = LINE ( 'NONE', #5371, #11417 ) ;
#1131 = ORIENTED_EDGE ( 'NONE', *, *, #4352, .F. ) ;
#1133 = ORIENTED_EDGE ( 'NONE', *, *, #1195, .T. ) ;
#1132 = CARTESIAN_POINT ( 'NONE',  ( 1.270000000000000018, -17.37650000000000006, -3.509999999999999787 ) ) ;
#1134 = CARTESIAN_POINT ( 'NONE',  ( 20.00000000000000000, 0.000000000000000000, 0.000000000000000000 ) ) ;
#1135 = CARTESIAN_POINT ( 'NONE',  ( -5.724999999999999645, -19.40650000000000119, 4.850000000000000533 ) ) ;
#1136 = DIRECTION ( 'NONE',  ( -0.000000000000000000, 1.000000000000000000, 0.000000000000000000 ) ) ;
#1137 = ORIENTED_EDGE ( 'NONE', *, *, #12060, .T. ) ;
#1138 = CARTESIAN_POINT ( 'NONE',  ( -9.414999999999999147, -21.18649999999999878, 4.650000000000000355 ) ) ;
#1139 = PLANE ( 'NONE',  #12441 ) ;
#1140 = LINE ( 'NONE', #10667, #13636 ) ;
#1141 = AXIS2_PLACEMENT_3D ( 'NONE', #2563, #3735, #12231 ) ;
#1142 = EDGE_LOOP ( 'NONE', ( #2366, #11593, #13333, #7597 ) ) ;
#1143 = CARTESIAN_POINT ( 'NONE',  ( 0.000000000000000000, -15.40000000000000036, 0.000000000000000000 ) ) ;
#1144 = ORIENTED_EDGE ( 'NONE', *, *, #3249, .T. ) ;
#1145 = VERTEX_POINT ( 'NONE', #9952 ) ;
#1146 = DIRECTION ( 'NONE',  ( 1.000000000000000000, 0.000000000000000000, 0.000000000000000000 ) ) ;
#1147 = AXIS2_PLACEMENT_3D ( 'NONE', #11075, #7116, #11141 ) ;
#1148 = CARTESIAN_POINT ( 'NONE',  ( 5.730000000000000426, -21.18649999999999878, 4.650000000000000355 ) ) ;
#1149 = CARTESIAN_POINT ( 'NONE',  ( -15.94999999999999929, -2.399999999999999467, 13.40000000000000036 ) ) ;
#1150 = ORIENTED_EDGE ( 'NONE', *, *, #5100, .T. ) ;
#1151 = CIRCLE ( 'NONE', #6050, 1.400000000000000133 ) ;
#1152 = CARTESIAN_POINT ( 'NONE',  ( 2.285000000000000142, -15.34650000000000070, 0.4299999999999998268 ) ) ;
#1153 = EDGE_CURVE ( 'NONE', #7516, #4579, #150, .T. ) ;
#1154 =( NAMED_UNIT ( * ) PLANE_ANGLE_UNIT ( ) SI_UNIT ( $, .RADIAN. ) );
#1155 = ORIENTED_EDGE ( 'NONE', *, *, #10863, .F. ) ;
#1156 = ORIENTED_EDGE ( 'NONE', *, *, #6047, .T. ) ;
#1157 = ADVANCED_FACE ( 'NONE', ( #8904 ), #4391, .T. ) ;
#1158 = AXIS2_PLACEMENT_3D ( 'NONE', #13708, #10502, #7386 ) ;
#1159 = EDGE_LOOP ( 'NONE', ( #3382, #6423 ) ) ;
#1160 = DIRECTION ( 'NONE',  ( 0.000000000000000000, 0.000000000000000000, 1.000000000000000000 ) ) ;
#1161 = VECTOR ( 'NONE', #2397, 1000.000000000000000 ) ;
#1162 = VERTEX_POINT ( 'NONE', #8639 ) ;
#1163 = PLANE ( 'NONE',  #6949 ) ;
#1164 = FILL_AREA_STYLE ('',( #6595 ) ) ;
#1165 = DIRECTION ( 'NONE',  ( -1.000000000000000000, 0.000000000000000000, 0.000000000000000000 ) ) ;
#1166 = DIRECTION ( 'NONE',  ( -0.000000000000000000, 1.000000000000000000, 0.000000000000000000 ) ) ;
#1167 = ADVANCED_FACE ( 'NONE', ( #5504 ), #7600, .F. ) ;
#1168 = ORIENTED_EDGE ( 'NONE', *, *, #1069, .F. ) ;
#1169 = CARTESIAN_POINT ( 'NONE',  ( 0.000000000000000000, -17.94999999999999929, -4.500000000000000888 ) ) ;
#1170 = AXIS2_PLACEMENT_3D ( 'NONE', #2862, #5017, #3957 ) ;
#1171 = CARTESIAN_POINT ( 'NONE',  ( 4.584999999999999964, -20.17650000000000077, 7.519999999999999574 ) ) ;
#1172 = ORIENTED_EDGE ( 'NONE', *, *, #10603, .F. ) ;
#1173 = DIRECTION ( 'NONE',  ( 0.000000000000000000, 0.000000000000000000, 1.000000000000000000 ) ) ;
#1174 = PLANE ( 'NONE',  #12201 ) ;
#1175 = VERTEX_POINT ( 'NONE', #4534 ) ;
#1176 = VECTOR ( 'NONE', #2822, 1000.000000000000000 ) ;
#1177 = VECTOR ( 'NONE', #3880, 1000.000000000000000 ) ;
#1178 = DIRECTION ( 'NONE',  ( -0.000000000000000000, -1.000000000000000000, -0.000000000000000000 ) ) ;
#1179 = EDGE_LOOP ( 'NONE', ( #3195, #11893, #3262, #7235 ) ) ;
#1180 = ORIENTED_EDGE ( 'NONE', *, *, #2217, .T. ) ;
#1181 = LINE ( 'NONE', #4805, #10853 ) ;
#1182 = CARTESIAN_POINT ( 'NONE',  ( -0.5100000000000000089, -3.313815743959998894, -4.320000000000000284 ) ) ;
#1183 = FACE_OUTER_BOUND ( 'NONE', #7846, .T. ) ;
#1184 = AXIS2_PLACEMENT_3D ( 'NONE', #838, #9441, #13694 ) ;
#1185 = EDGE_CURVE ( 'NONE', #175, #369, #9740, .T. ) ;
#1186 = VECTOR ( 'NONE', #7779, 1000.000000000000000 ) ;
#1187 = CARTESIAN_POINT ( 'NONE',  ( -9.414999999999999147, -2.337200000000000166, -0.5000000000000000000 ) ) ;
#1188 = FACE_OUTER_BOUND ( 'NONE', #274, .T. ) ;
#1189 = VECTOR ( 'NONE', #7610, 1000.000000000000000 ) ;
#1190 = LINE ( 'NONE', #8561, #5116 ) ;
#1191 = DIRECTION ( 'NONE',  ( 0.000000000000000000, -0.000000000000000000, 1.000000000000000000 ) ) ;
#1192 = ORIENTED_EDGE ( 'NONE', *, *, #3006, .F. ) ;
#1193 = LINE ( 'NONE', #4598, #13071 ) ;
#1194 = AXIS2_PLACEMENT_3D ( 'NONE', #12831, #9746, #3298 ) ;
#1195 = EDGE_CURVE ( 'NONE', #10681, #4788, #8775, .T. ) ;
#1196 = AXIS2_PLACEMENT_3D ( 'NONE', #3057, #5011, #11541 ) ;
#1197 = EDGE_CURVE ( 'NONE', #3211, #9287, #3491, .T. ) ;
#1198 = STYLED_ITEM ( 'NONE', ( #12632 ), #8107 ) ;
#1199 = ORIENTED_EDGE ( 'NONE', *, *, #9860, .F. ) ;
#1200 = EDGE_CURVE ( 'NONE', #2609, #6978, #2450, .T. ) ;
#1201 = ORIENTED_EDGE ( 'NONE', *, *, #3391, .T. ) ;
#1202 = CARTESIAN_POINT ( 'NONE',  ( -8.474999999999949907, -13.31650000000000844, 4.650000000000000355 ) ) ;
#1203 = VERTEX_POINT ( 'NONE', #1412 ) ;
#1205 = VERTEX_POINT ( 'NONE', #5655 ) ;
#1204 =( NAMED_UNIT ( * ) SI_UNIT ( $, .STERADIAN. ) SOLID_ANGLE_UNIT ( ) );
#1206 = VECTOR ( 'NONE', #11062, 1000.000000000000000 ) ;
#1207 = DIRECTION ( 'NONE',  ( -1.000000000000000000, -0.000000000000000000, -0.000000000000000000 ) ) ;
#1208 = CARTESIAN_POINT ( 'NONE',  ( 5.205000000000000071, -22.96649999999999991, -7.519999999999999574 ) ) ;
#1209 = CARTESIAN_POINT ( 'NONE',  ( -5.730000000000000426, -19.40650000000000119, 3.840000000000000302 ) ) ;
#1210 = DIRECTION ( 'NONE',  ( 1.000000000000000000, 0.000000000000000000, 0.000000000000000000 ) ) ;
#1211 = CARTESIAN_POINT ( 'NONE',  ( 5.679199999999999804, 3.589199999999999946, 0.000000000000000000 ) ) ;
#1212 = VECTOR ( 'NONE', #4642, 1000.000000000000000 ) ;
#1213 = CARTESIAN_POINT ( 'NONE',  ( 8.800000000000000711, 0.000000000000000000, 4.900000000000000355 ) ) ;
#1214 = ADVANCED_FACE ( 'NONE', ( #9887 ), #636, .F. ) ;
#1215 = ADVANCED_FACE ( 'NONE', ( #12404 ), #2597, .F. ) ;
#1216 = VECTOR ( 'NONE', #7106, 1000.000000000000000 ) ;
#1217 = ADVANCED_FACE ( 'NONE', ( #6904 ), #13165, .T. ) ;
#1218 = ORIENTED_EDGE ( 'NONE', *, *, #12122, .T. ) ;
#1219 = EDGE_LOOP ( 'NONE', ( #2564, #995, #12003, #3662, #2840 ) ) ;
#1220 = VECTOR ( 'NONE', #3886, 1000.000000000000000 ) ;
#1221 = DIRECTION ( 'NONE',  ( 1.000000000000000000, 0.000000000000000000, -0.000000000000000000 ) ) ;
#1222 = VERTEX_POINT ( 'NONE', #9051 ) ;
#1223 = EDGE_LOOP ( 'NONE', ( #12521, #13702, #7615, #9776 ) ) ;
#1224 = DIRECTION ( 'NONE',  ( 0.000000000000000000, -0.000000000000000000, 1.000000000000000000 ) ) ;
#1225 = DIRECTION ( 'NONE',  ( 1.000000000000000000, 0.000000000000000000, 0.000000000000000000 ) ) ;
#1226 = DIRECTION ( 'NONE',  ( 0.000000000000000000, 0.000000000000000000, 1.000000000000000000 ) ) ;
#1227 = ORIENTED_EDGE ( 'NONE', *, *, #201, .F. ) ;
#1228 = EDGE_CURVE ( 'NONE', #10445, #3274, #12340, .T. ) ;
#1229 = DIRECTION ( 'NONE',  ( -0.000000000000000000, -1.000000000000000000, 0.000000000000000000 ) ) ;
#1230 = EDGE_CURVE ( 'NONE', #4221, #7553, #13363, .T. ) ;
#1231 = ORIENTED_EDGE ( 'NONE', *, *, #2614, .F. ) ;
#1232 = EDGE_CURVE ( 'NONE', #5822, #9096, #3838, .T. ) ;
#1233 = VERTEX_POINT ( 'NONE', #2873 ) ;
#1234 = VECTOR ( 'NONE', #3595, 1000.000000000000000 ) ;
#1235 = EDGE_CURVE ( 'NONE', #9715, #7295, #13293, .T. ) ;
#1236 = VERTEX_POINT ( 'NONE', #11351 ) ;
#1237 = CARTESIAN_POINT ( 'NONE',  ( -9.285000000000000142, -17.94999999999999929, 0.000000000000000000 ) ) ;
#1238 = ORIENTED_EDGE ( 'NONE', *, *, #1230, .F. ) ;
#1239 = CARTESIAN_POINT ( 'NONE',  ( 0.000000000000000000, -21.56650000000000134, -4.320000000000000284 ) ) ;
#1240 = DIRECTION ( 'NONE',  ( 0.000000000000000000, -1.000000000000000000, -0.000000000000000000 ) ) ;
#1241 = CARTESIAN_POINT ( 'NONE',  ( -5.525000000000000355, -15.34650000000000070, 3.640000000000000124 ) ) ;
#1242 = PLANE ( 'NONE',  #2478 ) ;
#1243 = VERTEX_POINT ( 'NONE', #5788 ) ;
#1244 = CARTESIAN_POINT ( 'NONE',  ( -5.700000000000000178, -3.556500000000000217, 4.650000000000000355 ) ) ;
#1245 = DIRECTION ( 'NONE',  ( 0.000000000000000000, 0.000000000000000000, -1.000000000000000000 ) ) ;
#1246 = CARTESIAN_POINT ( 'NONE',  ( 1.274999999999999911, -17.33328099044999959, -4.320000000000000284 ) ) ;
#1247 = ORIENTED_EDGE ( 'NONE', *, *, #4256, .T. ) ;
#1248 = LINE ( 'NONE', #5417, #11340 ) ;
#1249 = DIRECTION ( 'NONE',  ( 1.000000000000000000, -0.000000000000000000, 0.000000000000000000 ) ) ;
#1250 = VERTEX_POINT ( 'NONE', #2812 ) ;
#1251 = VECTOR ( 'NONE', #3442, 1000.000000000000000 ) ;
#1252 = EDGE_CURVE ( 'NONE', #3211, #12715, #10096, .T. ) ;
#1253 = LINE ( 'NONE', #11694, #4303 ) ;
#1254 = ORIENTED_EDGE ( 'NONE', *, *, #905, .T. ) ;
#1255 = ORIENTED_EDGE ( 'NONE', *, *, #879, .T. ) ;
#1256 = CARTESIAN_POINT ( 'NONE',  ( -1.395000000000000018, -22.76650000000000063, -3.509999999999999787 ) ) ;
#1257 = DIRECTION ( 'NONE',  ( 0.1004120643277045949, 0.9949459368917734636, 0.000000000000000000 ) ) ;
#1259 = VECTOR ( 'NONE', #6776, 1000.000000000000000 ) ;
#1258 = CARTESIAN_POINT ( 'NONE',  ( 1.320799999999999974, -2.337200000000000166, -4.500000000000000888 ) ) ;
#1260 = CARTESIAN_POINT ( 'NONE',  ( -3.365000000000000213, -21.56650000000000134, -3.509999999999999787 ) ) ;
#1261 = EDGE_CURVE ( 'NONE', #12009, #1430, #5031, .T. ) ;
#1262 = CARTESIAN_POINT ( 'NONE',  ( -21.75000000000000355, -8.699999999999999289, 15.80886698680999913 ) ) ;
#1263 = DIRECTION ( 'NONE',  ( 0.000000000000000000, 0.000000000000000000, -1.000000000000000000 ) ) ;
#1264 = LINE ( 'NONE', #6616, #12758 ) ;
#1265 = EDGE_CURVE ( 'NONE', #6765, #8614, #5814, .T. ) ;
#1266 = VERTEX_POINT ( 'NONE', #3773 ) ;
#1267 = FACE_OUTER_BOUND ( 'NONE', #3568, .T. ) ;
#1268 = ORIENTED_EDGE ( 'NONE', *, *, #7798, .F. ) ;
#1269 = LINE ( 'NONE', #4452, #66 ) ;
#1270 = DIRECTION ( 'NONE',  ( 0.000000000000000000, 0.000000000000000000, 1.000000000000000000 ) ) ;
#1271 = DIRECTION ( 'NONE',  ( 1.000000000000000000, 0.000000000000000000, -0.000000000000000000 ) ) ;
#1272 = ORIENTED_EDGE ( 'NONE', *, *, #11086, .F. ) ;
#1274 = VERTEX_POINT ( 'NONE', #8014 ) ;
#1273 = DIRECTION ( 'NONE',  ( 0.000000000000000000, -0.000000000000000000, -1.000000000000000000 ) ) ;
#1275 = CARTESIAN_POINT ( 'NONE',  ( 10.15000000000000036, -21.56650000000000134, 0.000000000000000000 ) ) ;
#1276 = FACE_OUTER_BOUND ( 'NONE', #3630, .T. ) ;
#1277 = LINE ( 'NONE', #1209, #10315 ) ;
#1278 = DIRECTION ( 'NONE',  ( 0.000000000000000000, 0.000000000000000000, 1.000000000000000000 ) ) ;
#1279 = LINE ( 'NONE', #5511, #9312 ) ;
#1280 = CARTESIAN_POINT ( 'NONE',  ( -14.85999999999999943, 3.200000000000000178, -2.307611844574999793 ) ) ;
#1281 = DIRECTION ( 'NONE',  ( -0.000000000000000000, 1.000000000000000000, 0.000000000000000000 ) ) ;
#1282 = EDGE_CURVE ( 'NONE', #924, #5421, #6478, .T. ) ;
#1283 = ORIENTED_EDGE ( 'NONE', *, *, #4372, .T. ) ;
#1284 = ORIENTED_EDGE ( 'NONE', *, *, #5878, .F. ) ;
#1285 = PRESENTATION_STYLE_ASSIGNMENT (( #4406 ) ) ;
#1286 = ORIENTED_EDGE ( 'NONE', *, *, #1232, .T. ) ;
#1287 = ORIENTED_EDGE ( 'NONE', *, *, #2034, .F. ) ;
#1288 = EDGE_CURVE ( 'NONE', #10543, #5913, #12133, .T. ) ;
#1289 = PLANE ( 'NONE',  #11244 ) ;
#1290 = DIRECTION ( 'NONE',  ( -1.000000000000000000, 0.000000000000000000, 0.000000000000000000 ) ) ;
#1291 = CARTESIAN_POINT ( 'NONE',  ( 0.000000000000000000, -13.31649999999999956, -3.509999999999999787 ) ) ;
#1292 = ORIENTED_EDGE ( 'NONE', *, *, #10801, .T. ) ;
#1293 = ADVANCED_FACE ( 'NONE', ( #499 ), #4751, .T. ) ;
#1294 = EDGE_CURVE ( 'NONE', #10851, #1525, #3703, .T. ) ;
#1295 =( NAMED_UNIT ( * ) SI_UNIT ( $, .STERADIAN. ) SOLID_ANGLE_UNIT ( ) );
#1297 = ORIENTED_EDGE ( 'NONE', *, *, #3152, .T. ) ;
#1296 = EDGE_CURVE ( 'NONE', #2365, #13536, #1757, .T. ) ;
#1298 = ADVANCED_FACE ( 'NONE', ( #2665 ), #11215, .F. ) ;
#1299 = ORIENTED_EDGE ( 'NONE', *, *, #12144, .F. ) ;
#1300 = VECTOR ( 'NONE', #13371, 1000.000000000000000 ) ;
#1301 = ORIENTED_EDGE ( 'NONE', *, *, #7236, .T. ) ;
#1302 = LINE ( 'NONE', #2148, #10080 ) ;
#1303 = EDGE_LOOP ( 'NONE', ( #10554, #8282, #2043, #10223 ) ) ;
#1304 = CARTESIAN_POINT ( 'NONE',  ( 5.730000000000000426, -21.18649999999999878, 4.650000000000000355 ) ) ;
#1305 = FACE_OUTER_BOUND ( 'NONE', #8439, .T. ) ;
#1306 = CARTESIAN_POINT ( 'NONE',  ( -10.15000000000000036, -21.18649999999999878, 4.650000000000000355 ) ) ;
#1307 = DIRECTION ( 'NONE',  ( 0.000000000000000000, 0.000000000000000000, 1.000000000000000000 ) ) ;
#1308 = AXIS2_PLACEMENT_3D ( 'NONE', #7112, #10154, #12399 ) ;
#1309 = ORIENTED_EDGE ( 'NONE', *, *, #5451, .T. ) ;
#1310 = VERTEX_POINT ( 'NONE', #7191 ) ;
#1311 =( GEOMETRIC_REPRESENTATION_CONTEXT ( 3 ) GLOBAL_UNCERTAINTY_ASSIGNED_CONTEXT ( ( #10649 ) ) GLOBAL_UNIT_ASSIGNED_CONTEXT ( ( #12866, #3204, #12729 ) ) REPRESENTATION_CONTEXT ( 'NONE', 'WORKASPACE' ) );
#1312 = LINE ( 'NONE', #1169, #3902 ) ;
#1313 = VECTOR ( 'NONE', #12130, 1000.000000000000000 ) ;
#1314 = DIRECTION ( 'NONE',  ( -1.000000000000000000, 0.000000000000000000, -0.000000000000000000 ) ) ;
#1315 = AXIS2_PLACEMENT_3D ( 'NONE', #6124, #6191, #10278 ) ;
#1316 = VECTOR ( 'NONE', #3519, 1000.000000000000000 ) ;
#1317 = PLANE ( 'NONE',  #8752 ) ;
#1318 = ORIENTED_EDGE ( 'NONE', *, *, #11540, .F. ) ;
#1319 = DIRECTION ( 'NONE',  ( -0.000000000000000000, -0.000000000000000000, -1.000000000000000000 ) ) ;
#1320 = CARTESIAN_POINT ( 'NONE',  ( -2.415000000000000036, 3.589199999999999946, 0.5000000000000000000 ) ) ;
#1321 = VERTEX_POINT ( 'NONE', #11430 ) ;
#1322 = VECTOR ( 'NONE', #2101, 1000.000000000000000 ) ;
#1323 = DIRECTION ( 'NONE',  ( -0.000000000000000000, 1.000000000000000000, -0.000000000000000000 ) ) ;
#1324 = ORIENTED_EDGE ( 'NONE', *, *, #2830, .F. ) ;
#1325 = ORIENTED_EDGE ( 'NONE', *, *, #10784, .F. ) ;
#1326 = CYLINDRICAL_SURFACE ( 'NONE', #3533, 4.899999999999999467 ) ;
#1327 = FACE_OUTER_BOUND ( 'NONE', #2141, .T. ) ;
#1328 = DIRECTION ( 'NONE',  ( 0.000000000000000000, -0.000000000000000000, -1.000000000000000000 ) ) ;
#1329 = LINE ( 'NONE', #2233, #2199 ) ;
#1330 = VECTOR ( 'NONE', #7055, 1000.000000000000000 ) ;
#1331 = CARTESIAN_POINT ( 'NONE',  ( -1.294999999999999929, -15.34650000000000070, -4.320000000000000284 ) ) ;
#1332 = LINE ( 'NONE', #9665, #5327 ) ;
#1333 = CARTESIAN_POINT ( 'NONE',  ( -5.220000000000021956, -2.673278531664987856, 4.650000000000000355 ) ) ;
#1334 = EDGE_LOOP ( 'NONE', ( #214, #10206, #8671, #11675 ) ) ;
#1335 = ADVANCED_FACE ( 'NONE', ( #12468 ), #9262, .F. ) ;
#1336 = CARTESIAN_POINT ( 'NONE',  ( 1.300000000000074207, -3.556499999999991779, -4.320000000000000284 ) ) ;
#1337 = AXIS2_PLACEMENT_3D ( 'NONE', #10646, #8625, #9529 ) ;
#1338 = EDGE_CURVE ( 'NONE', #5241, #4992, #6929, .T. ) ;
#1339 = ORIENTED_EDGE ( 'NONE', *, *, #13486, .T. ) ;
#1340 = FACE_OUTER_BOUND ( 'NONE', #9700, .T. ) ;
#1341 = FACE_OUTER_BOUND ( 'NONE', #10860, .T. ) ;
#1342 = FACE_OUTER_BOUND ( 'NONE', #13682, .T. ) ;
#1344 = ORIENTED_EDGE ( 'NONE', *, *, #8509, .F. ) ;
#1343 = SURFACE_STYLE_FILL_AREA ( #4606 ) ;
#1345 = CARTESIAN_POINT ( 'NONE',  ( -1.274999999999999911, -19.44971900955000166, -4.519999999999999574 ) ) ;
#1346 = CARTESIAN_POINT ( 'NONE',  ( 16.80000000000000071, 3.200000000000000178, 4.900000000000000355 ) ) ;
#1347 = DIRECTION ( 'NONE',  ( -0.000000000000000000, 0.000000000000000000, 1.000000000000000000 ) ) ;
#1348 = EDGE_CURVE ( 'NONE', #2365, #3187, #10372, .T. ) ;
#1349 = CARTESIAN_POINT ( 'NONE',  ( -1.395000000000000018, -23.77649999999999864, -3.330000000000000071 ) ) ;
#1350 = SURFACE_STYLE_FILL_AREA ( #4338 ) ;
#1351 = CARTESIAN_POINT ( 'NONE',  ( -10.93500000000000050, -17.94999999999999929, 7.519999999999999574 ) ) ;
#1352 = AXIS2_PLACEMENT_3D ( 'NONE', #3328, #9713, #7572 ) ;
#1353 = DIRECTION ( 'NONE',  ( 0.000000000000000000, -1.000000000000000000, 0.000000000000000000 ) ) ;
#1354 = ORIENTED_EDGE ( 'NONE', *, *, #9734, .F. ) ;
#1355 = ORIENTED_EDGE ( 'NONE', *, *, #11669, .T. ) ;
#1356 = ORIENTED_EDGE ( 'NONE', *, *, #5535, .T. ) ;
#1357 = VERTEX_POINT ( 'NONE', #12267 ) ;
#1358 = DIRECTION ( 'NONE',  ( -0.000000000000000000, -0.000000000000000000, -1.000000000000000000 ) ) ;
#1359 = LINE ( 'NONE', #3310, #2506 ) ;
#1360 = CARTESIAN_POINT ( 'NONE',  ( 0.000000000000000000, -21.56650000000000134, 0.000000000000000000 ) ) ;
#1361 = ORIENTED_EDGE ( 'NONE', *, *, #8477, .T. ) ;
#1362 = DIRECTION ( 'NONE',  ( 0.000000000000000000, 1.000000000000000000, 0.000000000000000000 ) ) ;
#1363 = VERTEX_POINT ( 'NONE', #10235 ) ;
#1364 = VERTEX_POINT ( 'NONE', #8988 ) ;
#1365 = ADVANCED_FACE ( 'NONE', ( #579 ), #3637, .T. ) ;
#1366 = EDGE_CURVE ( 'NONE', #9637, #5228, #12141, .T. ) ;
#1367 = ORIENTED_EDGE ( 'NONE', *, *, #12849, .F. ) ;
#1368 = CARTESIAN_POINT ( 'NONE',  ( 9.881242789365000334, -2.399999999999999467, -11.50875721063900059 ) ) ;
#1369 = VECTOR ( 'NONE', #3047, 1000.000000000000114 ) ;
#1370 = EDGE_LOOP ( 'NONE', ( #9930, #2461, #3029, #9052, #11831 ) ) ;
#1371 = DIRECTION ( 'NONE',  ( 0.000000000000000000, -0.000000000000000000, 1.000000000000000000 ) ) ;
#1372 = LINE ( 'NONE', #9847, #7971 ) ;
#1373 = DIRECTION ( 'NONE',  ( -1.000000000000000000, -0.000000000000000000, 0.000000000000000000 ) ) ;
#1374 = PLANE ( 'NONE',  #922 ) ;
#1375 = ORIENTED_EDGE ( 'NONE', *, *, #1348, .T. ) ;
#1376 = VERTEX_POINT ( 'NONE', #12412 ) ;
#1377 = DIRECTION ( 'NONE',  ( -1.000000000000000000, 0.000000000000000000, -0.000000000000000000 ) ) ;
#1378 = LINE ( 'NONE', #4181, #11210 ) ;
#1379 = FACE_OUTER_BOUND ( 'NONE', #33, .T. ) ;
#1380 = ORIENTED_EDGE ( 'NONE', *, *, #1512, .T. ) ;
#1381 = DIRECTION ( 'NONE',  ( 0.000000000000000000, 0.000000000000000000, -1.000000000000000000 ) ) ;
#1382 = CARTESIAN_POINT ( 'NONE',  ( 9.285000000000000142, -19.40650000000000119, 4.830000000000000071 ) ) ;
#1383 = ORIENTED_EDGE ( 'NONE', *, *, #13451, .T. ) ;
#1384 = VECTOR ( 'NONE', #13547, 1000.000000000000000 ) ;
#1385 = ADVANCED_FACE ( 'NONE', ( #4962 ), #3919, .F. ) ;
#1386 = LINE ( 'NONE', #3273, #11637 ) ;
#1387 = ORIENTED_EDGE ( 'NONE', *, *, #10983, .F. ) ;
#1388 = ORIENTED_EDGE ( 'NONE', *, *, #11889, .F. ) ;
#1389 = CARTESIAN_POINT ( 'NONE',  ( 2.415000000000000036, -22.96649999999999991, -3.509999999999999787 ) ) ;
#1390 = LINE ( 'NONE', #3278, #9188 ) ;
#1391 = LINE ( 'NONE', #2298, #278 ) ;
#1392 = AXIS2_PLACEMENT_3D ( 'NONE', #482, #11338, #8961 ) ;
#1393 = DIRECTION ( 'NONE',  ( 0.000000000000000000, 1.000000000000000000, 0.000000000000000000 ) ) ;
#1394 = ORIENTED_EDGE ( 'NONE', *, *, #910, .F. ) ;
#1395 = VECTOR ( 'NONE', #11938, 1000.000000000000000 ) ;
#1396 = CARTESIAN_POINT ( 'NONE',  ( -9.881242789364051760, -17.94999999999999929, -11.50875721063805202 ) ) ;
#1397 = VECTOR ( 'NONE', #8114, 1000.000000000000000 ) ;
#1398 = EDGE_CURVE ( 'NONE', #11606, #4703, #2884, .T. ) ;
#1399 = DIRECTION ( 'NONE',  ( 0.000000000000000000, -0.000000000000000000, -1.000000000000000000 ) ) ;
#1400 = DIRECTION ( 'NONE',  ( -0.000000000000000000, 1.000000000000000000, 0.000000000000000000 ) ) ;
#1401 = ORIENTED_EDGE ( 'NONE', *, *, #11152, .F. ) ;
#1402 = CIRCLE ( 'NONE', #12065, 0.9900000000000004352 ) ;
#1403 = CARTESIAN_POINT ( 'NONE',  ( 24.89999999999999858, -12.19999999999999929, 15.80886698680999913 ) ) ;
#1404 = MECHANICAL_DESIGN_GEOMETRIC_PRESENTATION_REPRESENTATION (  '', ( #13391 ), #12069 ) ;
#1405 = ORIENTED_EDGE ( 'NONE', *, *, #9629, .F. ) ;
#1406 = CIRCLE ( 'NONE', #734, 0.1999999999999996503 ) ;
#1407 = CARTESIAN_POINT ( 'NONE',  ( -10.80380592228999959, -15.22000000000000952, -9.056194077713001889 ) ) ;
#1408 = AXIS2_PLACEMENT_3D ( 'NONE', #4032, #2024, #5026 ) ;
#1409 = PLANE ( 'NONE',  #4380 ) ;
#1410 = LINE ( 'NONE', #12132, #67 ) ;
#1411 = AXIS2_PLACEMENT_3D ( 'NONE', #3350, #10789, #1271 ) ;
#1413 = ORIENTED_EDGE ( 'NONE', *, *, #1900, .F. ) ;
#1412 = CARTESIAN_POINT ( 'NONE',  ( 0.000000000000000000, -22.96649999999999991, 6.250000000000000000 ) ) ;
#1414 = DIRECTION ( 'NONE',  ( 0.000000000000000000, 0.000000000000000000, 1.000000000000000000 ) ) ;
#1415 = CARTESIAN_POINT ( 'NONE',  ( -8.300000000000018474, -3.556499999999997108, -0.1000000000000004080 ) ) ;
#1416 = DIRECTION ( 'NONE',  ( 0.000000000000000000, 0.000000000000000000, 1.000000000000000000 ) ) ;
#1417 = DIRECTION ( 'NONE',  ( -1.000000000000000000, 0.000000000000000000, -0.000000000000000000 ) ) ;
#1418 = DIRECTION ( 'NONE',  ( -0.000000000000000000, 1.000000000000000000, 0.000000000000000000 ) ) ;
#1419 = EDGE_CURVE ( 'NONE', #6007, #1088, #3368, .T. ) ;
#1420 = VECTOR ( 'NONE', #873, 1000.000000000000000 ) ;
#1421 = CARTESIAN_POINT ( 'NONE',  ( 13.50000000000000000, -15.40000000000000036, 0.000000000000000000 ) ) ;
#1422 = VECTOR ( 'NONE', #8556, 1000.000000000000000 ) ;
#1423 = VECTOR ( 'NONE', #1466, 1000.000000000000000 ) ;
#1424 = CARTESIAN_POINT ( 'NONE',  ( -0.4949999999999999956, -32.60964151460999716, -0.2550000000000000044 ) ) ;
#1425 = VECTOR ( 'NONE', #11819, 1000.000000000000000 ) ;
#1426 = VECTOR ( 'NONE', #10880, 1000.000000000000000 ) ;
#1427 = VECTOR ( 'NONE', #12187, 1000.000000000000000 ) ;
#1428 = EDGE_CURVE ( 'NONE', #2247, #13044, #13301, .T. ) ;
#1429 = ORIENTED_EDGE ( 'NONE', *, *, #8985, .F. ) ;
#1430 = VERTEX_POINT ( 'NONE', #2673 ) ;
#1431 = ORIENTED_EDGE ( 'NONE', *, *, #10525, .T. ) ;
#1432 = CARTESIAN_POINT ( 'NONE',  ( 5.730000000000000426, -19.40650000000000119, 3.840000000000000302 ) ) ;
#1433 = VECTOR ( 'NONE', #3042, 1000.000000000000000 ) ;
#1434 = VERTEX_POINT ( 'NONE', #5865 ) ;
#1435 = DIRECTION ( 'NONE',  ( -1.000000000000000000, 0.000000000000000000, 0.000000000000000000 ) ) ;
#1436 = LINE ( 'NONE', #5676, #13388 ) ;
#1437 = VECTOR ( 'NONE', #2815, 1000.000000000000000 ) ;
#1438 = CARTESIAN_POINT ( 'NONE',  ( 3.365000000000000213, -22.96649999999999991, 0.000000000000000000 ) ) ;
#1439 = EDGE_LOOP ( 'NONE', ( #1564, #1725, #11447, #6677 ) ) ;
#1440 = LINE ( 'NONE', #9907, #2427 ) ;
#1441 = DIRECTION ( 'NONE',  ( 0.000000000000000000, -0.000000000000000000, -1.000000000000000000 ) ) ;
#1442 = EDGE_CURVE ( 'NONE', #7524, #4202, #1623, .T. ) ;
#1443 = ORIENTED_EDGE ( 'NONE', *, *, #12780, .T. ) ;
#1444 = AXIS2_PLACEMENT_3D ( 'NONE', #3597, #611, #471 ) ;
#1445 = EDGE_CURVE ( 'NONE', #8109, #10901, #1837, .T. ) ;
#1446 = ORIENTED_EDGE ( 'NONE', *, *, #3934, .T. ) ;
#1447 = PRESENTATION_LAYER_ASSIGNMENT (  '', '', ( #7448 ) ) ;
#1448 = VECTOR ( 'NONE', #4041, 1000.000000000000000 ) ;
#1449 = VERTEX_POINT ( 'NONE', #8022 ) ;
#1450 = DIRECTION ( 'NONE',  ( -0.09602825923645796902, 0.9953786080823796567, -0.000000000000000000 ) ) ;
#1451 = ORIENTED_EDGE ( 'NONE', *, *, #11974, .T. ) ;
#1452 = DIRECTION ( 'NONE',  ( 1.000000000000000000, 0.000000000000000000, -0.000000000000000000 ) ) ;
#1453 = DIRECTION ( 'NONE',  ( 1.000000000000000000, 0.000000000000000000, 0.000000000000000000 ) ) ;
#1454 = FACE_OUTER_BOUND ( 'NONE', #13392, .T. ) ;
#1455 = CARTESIAN_POINT ( 'NONE',  ( -1.270000000000000018, -21.18649999999999878, -4.320000000000000284 ) ) ;
#1456 = ORIENTED_EDGE ( 'NONE', *, *, #10243, .T. ) ;
#1457 = ORIENTED_EDGE ( 'NONE', *, *, #4070, .T. ) ;
#1458 = LINE ( 'NONE', #7641, #8973 ) ;
#1459 = COLOUR_RGB ( '',1.000000000000000000, 1.000000000000000000, 1.000000000000000000 ) ;
#1460 = DIRECTION ( 'NONE',  ( 1.000000000000000000, -0.000000000000000000, 0.000000000000000000 ) ) ;
#1461 = VERTEX_POINT ( 'NONE', #10167 ) ;
#1462 = AXIS2_PLACEMENT_3D ( 'NONE', #2487, #7706, #10760 ) ;
#1463 = CARTESIAN_POINT ( 'NONE',  ( 1.270000000000000018, -19.40650000000000119, -4.320000000000000284 ) ) ;
#1464 = EDGE_CURVE ( 'NONE', #6886, #11352, #12348, .T. ) ;
#1465 = VERTEX_POINT ( 'NONE', #441 ) ;
#1466 = DIRECTION ( 'NONE',  ( -1.000000000000000000, -0.000000000000000000, 0.000000000000000000 ) ) ;
#1467 = ORIENTED_EDGE ( 'NONE', *, *, #2653, .T. ) ;
#1468 = ORIENTED_EDGE ( 'NONE', *, *, #10358, .F. ) ;
#1469 = CARTESIAN_POINT ( 'NONE',  ( 5.500000000000000000, -17.94999999999999929, 0.000000000000000000 ) ) ;
#1470 = DIRECTION ( 'NONE',  ( 0.000000000000000000, -0.000000000000000000, 1.000000000000000000 ) ) ;
#1471 = CARTESIAN_POINT ( 'NONE',  ( 8.394999999999999574, -22.58650000000000091, 3.840000000000000302 ) ) ;
#1472 = EDGE_CURVE ( 'NONE', #3502, #10123, #4894, .T. ) ;
#1473 = DIRECTION ( 'NONE',  ( -0.000000000000000000, -0.000000000000000000, -1.000000000000000000 ) ) ;
#1474 = VERTEX_POINT ( 'NONE', #2818 ) ;
#1475 = PLANE ( 'NONE',  #1896 ) ;
#1476 = CARTESIAN_POINT ( 'NONE',  ( 9.414999999999999147, -2.337200000000000166, 4.500000000000000888 ) ) ;
#1477 = DIRECTION ( 'NONE',  ( 0.4775043600801140986, 0.8786293792632253741, 0.000000000000000000 ) ) ;
#1478 = ADVANCED_BREP_SHAPE_REPRESENTATION ( 'px0675-pc', ( #11851, #11457 ), #1914 ) ;
#1479 = ORIENTED_EDGE ( 'NONE', *, *, #3618, .F. ) ;
#1480 = EDGE_CURVE ( 'NONE', #13044, #11001, #4680, .T. ) ;
#1481 = LINE ( 'NONE', #1403, #3303 ) ;
#1482 = ORIENTED_EDGE ( 'NONE', *, *, #6867, .T. ) ;
#1483 = VECTOR ( 'NONE', #9555, 1000.000000000000000 ) ;
#1484 = CARTESIAN_POINT ( 'NONE',  ( 8.068310202797002617, -2.286500000000000199, -0.1000000000000000056 ) ) ;
#1485 = FACE_OUTER_BOUND ( 'NONE', #5329, .T. ) ;
#1486 = DIRECTION ( 'NONE',  ( 0.000000000000000000, 0.000000000000000000, 1.000000000000000000 ) ) ;
#1488 = VERTEX_POINT ( 'NONE', #10511 ) ;
#1487 = CARTESIAN_POINT ( 'NONE',  ( 0.000000000000000000, -22.96649999999999991, -3.509999999999999787 ) ) ;
#1489 = CARTESIAN_POINT ( 'NONE',  ( -13.50000000000000000, 0.000000000000000000, 0.000000000000000000 ) ) ;
#1490 = LINE ( 'NONE', #6843, #9871 ) ;
#1491 = LINE ( 'NONE', #7880, #10750 ) ;
#1492 = SURFACE_SIDE_STYLE ('',( #1700 ) ) ;
#1493 = CARTESIAN_POINT ( 'NONE',  ( 5.605000000000000426, -22.67650000000000077, 4.940000000000000391 ) ) ;
#1494 = DIRECTION ( 'NONE',  ( 0.000000000000000000, -1.000000000000000000, 0.000000000000000000 ) ) ;
#1495 = STYLED_ITEM ( 'NONE', ( #3384 ), #830 ) ;
#1496 = FACE_OUTER_BOUND ( 'NONE', #612, .T. ) ;
#1497 = ORIENTED_EDGE ( 'NONE', *, *, #4939, .F. ) ;
#1498 = VERTEX_POINT ( 'NONE', #13714 ) ;
#1499 = EDGE_CURVE ( 'NONE', #8170, #5840, #917, .T. ) ;
#1500 = VERTEX_POINT ( 'NONE', #10378 ) ;
#1501 = ORIENTED_EDGE ( 'NONE', *, *, #9745, .F. ) ;
#1502 = LINE ( 'NONE', #9067, #581 ) ;
#1503 = DIRECTION ( 'NONE',  ( -1.000000000000000000, 0.000000000000000000, 0.000000000000000000 ) ) ;
#1504 = CARTESIAN_POINT ( 'NONE',  ( 0.000000000000000000, -23.77649999999999864, 19.69999999999999929 ) ) ;
#1505 = VERTEX_POINT ( 'NONE', #3981 ) ;
#1506 = LINE ( 'NONE', #662, #2307 ) ;
#1507 = DIRECTION ( 'NONE',  ( 0.000000000000000000, 0.000000000000000000, -1.000000000000000000 ) ) ;
#1508 = EDGE_LOOP ( 'NONE', ( #116, #12720, #6818, #12047 ) ) ;
#1509 = ORIENTED_EDGE ( 'NONE', *, *, #742, .T. ) ;
#1510 = EDGE_CURVE ( 'NONE', #12481, #12102, #4079, .T. ) ;
#1511 = ORIENTED_EDGE ( 'NONE', *, *, #12688, .T. ) ;
#1512 = EDGE_CURVE ( 'NONE', #7895, #5487, #12475, .T. ) ;
#1513 = DIRECTION ( 'NONE',  ( -1.000000000000000000, -0.000000000000000000, -0.000000000000000000 ) ) ;
#1514 = ORIENTED_EDGE ( 'NONE', *, *, #10601, .T. ) ;
#1515 = CARTESIAN_POINT ( 'NONE',  ( 0.005000000000000079901, -22.96649999999999991, 54.32361600000000834 ) ) ;
#1516 = PLANE ( 'NONE',  #12205 ) ;
#1517 = LINE ( 'NONE', #12298, #1878 ) ;
#1518 = EDGE_CURVE ( 'NONE', #13487, #7504, #11498, .T. ) ;
#1519 = LINE ( 'NONE', #538, #10250 ) ;
#1520 = ORIENTED_EDGE ( 'NONE', *, *, #12393, .F. ) ;
#1521 = ORIENTED_EDGE ( 'NONE', *, *, #2830, .T. ) ;
#1522 = FACE_OUTER_BOUND ( 'NONE', #13373, .T. ) ;
#1523 = ADVANCED_FACE ( 'NONE', ( #7332 ), #4186, .T. ) ;
#1524 = DIRECTION ( 'NONE',  ( 1.000000000000000000, 0.000000000000000000, 0.000000000000000000 ) ) ;
#1525 = VERTEX_POINT ( 'NONE', #2106 ) ;
#1526 = DIRECTION ( 'NONE',  ( 1.000000000000000000, 0.000000000000000000, 0.000000000000000000 ) ) ;
#1527 = DIRECTION ( 'NONE',  ( 0.000000000000000000, 0.000000000000000000, 1.000000000000000000 ) ) ;
#1528 = ORIENTED_EDGE ( 'NONE', *, *, #6688, .T. ) ;
#1529 = AXIS2_PLACEMENT_3D ( 'NONE', #11568, #4326, #10650 ) ;
#1530 = CARTESIAN_POINT ( 'NONE',  ( 5.605000000000000426, -22.58650000000000091, 4.650000000000000355 ) ) ;
#1531 = ORIENTED_EDGE ( 'NONE', *, *, #9118, .T. ) ;
#1532 = LINE ( 'NONE', #10077, #4875 ) ;
#1533 = DIRECTION ( 'NONE',  ( 0.000000000000000000, -0.000000000000000000, 1.000000000000000000 ) ) ;
#1534 = CARTESIAN_POINT ( 'NONE',  ( 8.474999999999999645, -15.34650000000000070, 4.650000000000000355 ) ) ;
#1535 = EDGE_CURVE ( 'NONE', #3316, #8569, #1913, .T. ) ;
#1536 = CARTESIAN_POINT ( 'NONE',  ( 21.75000000000000355, -8.699999999999999289, 15.80886698680999913 ) ) ;
#1537 = ORIENTED_EDGE ( 'NONE', *, *, #9352, .F. ) ;
#1538 = CARTESIAN_POINT ( 'NONE',  ( 6.365000000000000213, -17.37650000000000006, 19.46000000000000085 ) ) ;
#1539 = DIRECTION ( 'NONE',  ( 0.4775043600801141541, -0.8786293792632253741, 0.000000000000000000 ) ) ;
#1540 = PRESENTATION_LAYER_ASSIGNMENT (  '', '', ( #6412 ) ) ;
#1541 = DIRECTION ( 'NONE',  ( -0.000000000000000000, 0.000000000000000000, -1.000000000000000000 ) ) ;
#1542 = VERTEX_POINT ( 'NONE', #10441 ) ;
#1543 = CARTESIAN_POINT ( 'NONE',  ( -8.394999999999999574, -23.77649999999999864, 4.940000000000000391 ) ) ;
#1544 = ADVANCED_FACE ( 'NONE', ( #5098, #6350, #8433, #13580 ), #9328, .T. ) ;
#1545 = ORIENTED_EDGE ( 'NONE', *, *, #4656, .F. ) ;
#1546 = CARTESIAN_POINT ( 'NONE',  ( -1.274999999999999911, -13.31649999999999956, -3.509999999999999787 ) ) ;
#1547 = EDGE_CURVE ( 'NONE', #8169, #1474, #12683, .T. ) ;
#1548 = AXIS2_PLACEMENT_3D ( 'NONE', #9307, #12394, #13560 ) ;
#1549 = CARTESIAN_POINT ( 'NONE',  ( -8.818927475897094581, -13.31650000000000134, 4.500000000000000888 ) ) ;
#1550 = FACE_OUTER_BOUND ( 'NONE', #614, .T. ) ;
#1551 = EDGE_CURVE ( 'NONE', #124, #13221, #4246, .T. ) ;
#1553 = ORIENTED_EDGE ( 'NONE', *, *, #7805, .F. ) ;
#1552 = DIRECTION ( 'NONE',  ( 0.000000000000000000, 0.000000000000000000, 1.000000000000000000 ) ) ;
#1554 = CARTESIAN_POINT ( 'NONE',  ( -5.525000000000000355, -15.34650000000000070, 4.650000000000000355 ) ) ;
#1555 = CARTESIAN_POINT ( 'NONE',  ( -7.000000000000000000, -13.31649999999999956, 3.840000000000000302 ) ) ;
#1556 = CARTESIAN_POINT ( 'NONE',  ( 5.525000000000000355, -17.57000000000000384, 4.850000000000000533 ) ) ;
#1557 = CARTESIAN_POINT ( 'NONE',  ( 10.93500000000000050, -17.94999999999999929, 4.500000000000000888 ) ) ;
#1558 = DIRECTION ( 'NONE',  ( 0.000000000000000000, -1.000000000000000000, 0.000000000000000000 ) ) ;
#1559 = DIRECTION ( 'NONE',  ( 0.000000000000000000, 1.000000000000000000, -0.000000000000000000 ) ) ;
#1560 = VECTOR ( 'NONE', #11565, 1000.000000000000000 ) ;
#1561 = EDGE_CURVE ( 'NONE', #3307, #8359, #9389, .T. ) ;
#1562 = CARTESIAN_POINT ( 'NONE',  ( 3.064999999999999947, -22.96649999999999991, 7.519999999999999574 ) ) ;
#1563 = ORIENTED_EDGE ( 'NONE', *, *, #8352, .F. ) ;
#1564 = ORIENTED_EDGE ( 'NONE', *, *, #876, .T. ) ;
#1565 = ORIENTED_EDGE ( 'NONE', *, *, #9795, .T. ) ;
#1566 = EDGE_LOOP ( 'NONE', ( #2345, #4714, #9212, #11036 ) ) ;
#1567 = CARTESIAN_POINT ( 'NONE',  ( 1.395000000000000018, -22.96649999999999991, 4.968215904175185216 ) ) ;
#1568 = FACE_OUTER_BOUND ( 'NONE', #7022, .T. ) ;
#1569 = VECTOR ( 'NONE', #702, 1000.000000000000000 ) ;
#1570 = CARTESIAN_POINT ( 'NONE',  ( 8.394999999999999574, -23.77649999999999864, 4.940000000000000391 ) ) ;
#1571 = ORIENTED_EDGE ( 'NONE', *, *, #96, .F. ) ;
#1572 = DIRECTION ( 'NONE',  ( 0.000000000000000000, 1.000000000000000000, 0.000000000000000000 ) ) ;
#1573 = CARTESIAN_POINT ( 'NONE',  ( 18.36268000000000100, -22.67650000000000077, 4.940000000000000391 ) ) ;
#1574 = ORIENTED_EDGE ( 'NONE', *, *, #2309, .F. ) ;
#1575 = ORIENTED_EDGE ( 'NONE', *, *, #13127, .F. ) ;
#1576 = UNCERTAINTY_MEASURE_WITH_UNIT (LENGTH_MEASURE( 1.000000000000000082E-05 ), #5346, 'distance_accuracy_value', 'NONE');
#1577 = ORIENTED_EDGE ( 'NONE', *, *, #2145, .T. ) ;
#1578 = CARTESIAN_POINT ( 'NONE',  ( 2.285000000000000142, -13.31649999999999956, -4.320000000000000284 ) ) ;
#1579 = ORIENTED_EDGE ( 'NONE', *, *, #269, .T. ) ;
#1580 = CARTESIAN_POINT ( 'NONE',  ( 4.714999999999999858, -13.31649999999999956, 3.629999999999999449 ) ) ;
#1581 = LINE ( 'NONE', #12164, #5520 ) ;
#1582 = PLANE ( 'NONE',  #12538 ) ;
#1583 = PLANE ( 'NONE',  #7800 ) ;
#1584 = VERTEX_POINT ( 'NONE', #12620 ) ;
#1585 = VERTEX_POINT ( 'NONE', #10312 ) ;
#1586 =( LENGTH_UNIT ( ) NAMED_UNIT ( * ) SI_UNIT ( .MILLI., .METRE. ) );
#1587 = LINE ( 'NONE', #5901, #6783 ) ;
#1588 = FACE_OUTER_BOUND ( 'NONE', #514, .T. ) ;
#1589 = ORIENTED_EDGE ( 'NONE', *, *, #7233, .F. ) ;
#1590 = DIRECTION ( 'NONE',  ( 0.000000000000000000, 1.000000000000000000, 0.000000000000000000 ) ) ;
#1591 = ADVANCED_FACE ( 'NONE', ( #9268 ), #8490, .F. ) ;
#1592 = EDGE_LOOP ( 'NONE', ( #11727, #5599, #6055, #6023 ) ) ;
#1593 = VECTOR ( 'NONE', #13131, 1000.000000000000000 ) ;
#1594 = EDGE_CURVE ( 'NONE', #12027, #726, #2169, .T. ) ;
#1595 = CARTESIAN_POINT ( 'NONE',  ( -9.414999999999999147, -12.04650000000000176, 4.500000000000000888 ) ) ;
#1596 = ORIENTED_EDGE ( 'NONE', *, *, #3545, .F. ) ;
#1597 = CARTESIAN_POINT ( 'NONE',  ( -4.714999999999999858, -13.31649999999999956, 3.629999999999999449 ) ) ;
#1598 = LINE ( 'NONE', #13146, #6969 ) ;
#1599 = DIRECTION ( 'NONE',  ( -0.7071067811865475727, 0.000000000000000000, 0.7071067811865475727 ) ) ;
#1600 = PLANE ( 'NONE',  #2655 ) ;
#1601 = VECTOR ( 'NONE', #6695, 1000.000000000000000 ) ;
#1602 = EDGE_LOOP ( 'NONE', ( #6621, #10368, #4436, #5265, #1860 ) ) ;
#1603 = VECTOR ( 'NONE', #803, 1000.000000000000000 ) ;
#1604 = CARTESIAN_POINT ( 'NONE',  ( 3.634999999999999787, -21.56650000000000134, 4.650000000000000355 ) ) ;
#1605 = LINE ( 'NONE', #5844, #4896 ) ;
#1606 = FACE_OUTER_BOUND ( 'NONE', #7315, .T. ) ;
#1607 = ADVANCED_FACE ( 'NONE', ( #794 ), #5037, .T. ) ;
#1608 = EDGE_LOOP ( 'NONE', ( #5969, #5108, #6957, #6317 ) ) ;
#1609 = CARTESIAN_POINT ( 'NONE',  ( -8.474999999999987210, -13.31649999999999245, -0.1000000000000004080 ) ) ;
#1610 = CARTESIAN_POINT ( 'NONE',  ( -6.365000000000000213, -23.77649999999999864, 19.46000000000000085 ) ) ;
#1611 = EDGE_CURVE ( 'NONE', #4068, #5228, #857, .T. ) ;
#1612 = VECTOR ( 'NONE', #8223, 1000.000000000000000 ) ;
#1613 = CARTESIAN_POINT ( 'NONE',  ( -0.4949999999999999956, -32.60964151460999716, 0.5831999999999999407 ) ) ;
#1614 = CARTESIAN_POINT ( 'NONE',  ( -20.00000000000000000, 0.000000000000000000, 0.000000000000000000 ) ) ;
#1615 = VECTOR ( 'NONE', #2757, 1000.000000000000000 ) ;
#1617 = ORIENTED_EDGE ( 'NONE', *, *, #221, .T. ) ;
#1616 = CARTESIAN_POINT ( 'NONE',  ( -22.15638586528092802, 0.000000000000000000, -4.400000000001891287 ) ) ;
#1618 =( NAMED_UNIT ( * ) PLANE_ANGLE_UNIT ( ) SI_UNIT ( $, .RADIAN. ) );
#1619 = FACE_OUTER_BOUND ( 'NONE', #1098, .T. ) ;
#1620 = LINE ( 'NONE', #4677, #994 ) ;
#1621 = CARTESIAN_POINT ( 'NONE',  ( -1.294999999999999929, -31.28604151461000171, -0.2550000000000000044 ) ) ;
#1622 = FACE_OUTER_BOUND ( 'NONE', #1179, .T. ) ;
#1623 = LINE ( 'NONE', #5935, #11151 ) ;
#1624 = EDGE_CURVE ( 'NONE', #5913, #1274, #1968, .T. ) ;
#1625 = CARTESIAN_POINT ( 'NONE',  ( -9.285000000000000142, -13.31649999999999956, -0.1000000000000020040 ) ) ;
#1626 = EDGE_CURVE ( 'NONE', #7403, #11957, #4448, .T. ) ;
#1627 = AXIS2_PLACEMENT_3D ( 'NONE', #1614, #5995, #12338 ) ;
#1628 = COLOUR_RGB ( '',1.000000000000000000, 1.000000000000000000, 1.000000000000000000 ) ;
#1629 = EDGE_CURVE ( 'NONE', #9981, #7589, #3483, .T. ) ;
#1630 = VECTOR ( 'NONE', #11875, 1000.000000000000000 ) ;
#1631 = LINE ( 'NONE', #5870, #5119 ) ;
#1632 = ORIENTED_EDGE ( 'NONE', *, *, #12046, .F. ) ;
#1633 = ORIENTED_EDGE ( 'NONE', *, *, #1464, .T. ) ;
#1634 = ORIENTED_EDGE ( 'NONE', *, *, #3215, .F. ) ;
#1635 = ORIENTED_EDGE ( 'NONE', *, *, #1859, .F. ) ;
#1636 = VECTOR ( 'NONE', #1926, 1000.000000000000000 ) ;
#1637 = LINE ( 'NONE', #383, #813 ) ;
#1638 = DIRECTION ( 'NONE',  ( 0.4775043600801140986, -0.8786293792632253741, -0.000000000000000000 ) ) ;
#1639 = ORIENTED_EDGE ( 'NONE', *, *, #12591, .T. ) ;
#1640 = VECTOR ( 'NONE', #621, 1000.000000000000000 ) ;
#1641 = LINE ( 'NONE', #10247, #757 ) ;
#1642 = VECTOR ( 'NONE', #7256, 1000.000000000000000 ) ;
#1643 = EDGE_CURVE ( 'NONE', #8399, #1465, #11828, .T. ) ;
#1644 = EDGE_CURVE ( 'NONE', #12009, #4120, #4308, .T. ) ;
#1645 = PLANE ( 'NONE',  #3115 ) ;
#1646 = ORIENTED_EDGE ( 'NONE', *, *, #784, .T. ) ;
#1647 = AXIS2_PLACEMENT_3D ( 'NONE', #1072, #5317, #9550 ) ;
#1648 = VECTOR ( 'NONE', #11902, 1000.000000000000000 ) ;
#1649 = EDGE_LOOP ( 'NONE', ( #2272, #13010, #1497, #2992 ) ) ;
#1650 = EDGE_CURVE ( 'NONE', #10523, #1250, #9877, .T. ) ;
#1651 = COLOUR_RGB ( '',1.000000000000000000, 1.000000000000000000, 1.000000000000000000 ) ;
#1652 = VECTOR ( 'NONE', #6592, 1000.000000000000000 ) ;
#1653 = EDGE_LOOP ( 'NONE', ( #4004, #1789, #12380, #680 ) ) ;
#1654 = VECTOR ( 'NONE', #8116, 1000.000000000000000 ) ;
#1655 = DIRECTION ( 'NONE',  ( -0.000000000000000000, 1.000000000000000000, 0.000000000000000000 ) ) ;
#1656 = ORIENTED_EDGE ( 'NONE', *, *, #6114, .F. ) ;
#1657 = DIRECTION ( 'NONE',  ( -1.000000000000000000, 0.000000000000000000, -0.000000000000000000 ) ) ;
#1658 = EDGE_CURVE ( 'NONE', #2565, #8918, #3283, .T. ) ;
#1659 = DIRECTION ( 'NONE',  ( 0.000000000000000000, 0.000000000000000000, 1.000000000000000000 ) ) ;
#1660 = CARTESIAN_POINT ( 'NONE',  ( 16.80000000000000071, 0.000000000000000000, 0.000000000000000000 ) ) ;
#1661 = LINE ( 'NONE', #6030, #2712 ) ;
#1662 = VERTEX_POINT ( 'NONE', #4382 ) ;
#1663 = ORIENTED_EDGE ( 'NONE', *, *, #6129, .F. ) ;
#1664 = DIRECTION ( 'NONE',  ( -0.000000000000000000, -1.000000000000000000, -0.000000000000000000 ) ) ;
#1666 = STYLED_ITEM ( 'NONE', ( #8909 ), #5711 ) ;
#1665 = CARTESIAN_POINT ( 'NONE',  ( 0.000000000000000000, -22.96649999999999991, 3.509999999999999787 ) ) ;
#1667 = CARTESIAN_POINT ( 'NONE',  ( 5.605000000000000426, -23.77649999999999864, 4.650000000000000355 ) ) ;
#1668 = VERTEX_POINT ( 'NONE', #13083 ) ;
#1669 = EDGE_CURVE ( 'NONE', #8109, #11446, #8626, .T. ) ;
#1670 = CARTESIAN_POINT ( 'NONE',  ( 9.414999999999999147, -12.04650000000000176, 4.500000000000000888 ) ) ;
#1671 = VECTOR ( 'NONE', #13269, 1000.000000000000000 ) ;
#1672 = ORIENTED_EDGE ( 'NONE', *, *, #11081, .T. ) ;
#1673 = CIRCLE ( 'NONE', #10098, 4.900000000000000355 ) ;
#1674 = DIRECTION ( 'NONE',  ( -1.000000000000000000, 0.000000000000000000, 0.000000000000000000 ) ) ;
#1675 = VERTEX_POINT ( 'NONE', #8562 ) ;
#1676 = DIRECTION ( 'NONE',  ( 0.000000000000000000, 0.000000000000000000, -1.000000000000000000 ) ) ;
#1677 = LINE ( 'NONE', #3606, #2760 ) ;
#1678 = VECTOR ( 'NONE', #244, 1000.000000000000000 ) ;
#1679 = LINE ( 'NONE', #11129, #12513 ) ;
#1680 = CARTESIAN_POINT ( 'NONE',  ( 9.285000000000000142, -13.31649999999999956, 3.629999999999999893 ) ) ;
#1681 = VERTEX_POINT ( 'NONE', #6550 ) ;
#1682 = CARTESIAN_POINT ( 'NONE',  ( 12.20500000000000007, -22.96649999999999991, -1.879999999999999893 ) ) ;
#1683 = DIRECTION ( 'NONE',  ( 0.000000000000000000, 0.000000000000000000, -1.000000000000000000 ) ) ;
#1684 = LINE ( 'NONE', #11205, #1427 ) ;
#1685 = ORIENTED_EDGE ( 'NONE', *, *, #10209, .F. ) ;
#1686 = EDGE_CURVE ( 'NONE', #3991, #8713, #2441, .T. ) ;
#1687 = EDGE_CURVE ( 'NONE', #4547, #4993, #1264, .T. ) ;
#1688 = VECTOR ( 'NONE', #6390, 1000.000000000000000 ) ;
#1689 = DIRECTION ( 'NONE',  ( 0.000000000000000000, 0.000000000000000000, 1.000000000000000000 ) ) ;
#1690 = PLANE ( 'NONE',  #11534 ) ;
#1691 = CARTESIAN_POINT ( 'NONE',  ( 2.415000000000000036, -2.337200000000000166, 0.5000000000000001110 ) ) ;
#1692 = EDGE_CURVE ( 'NONE', #6978, #5522, #4596, .T. ) ;
#1693 = LINE ( 'NONE', #11429, #3373 ) ;
#1695 = ORIENTED_EDGE ( 'NONE', *, *, #8028, .T. ) ;
#1694 = DIRECTION ( 'NONE',  ( 0.000000000000000000, 1.000000000000000000, 0.000000000000000000 ) ) ;
#1696 = CARTESIAN_POINT ( 'NONE',  ( 10.15000000000000036, -21.56650000000000134, 3.840000000000000302 ) ) ;
#1697 = SURFACE_SIDE_STYLE ('',( #11283 ) ) ;
#1698 = EDGE_CURVE ( 'NONE', #2657, #11344, #4323, .T. ) ;
#1699 = CARTESIAN_POINT ( 'NONE',  ( 3.634999999999999787, -22.96649999999999991, 3.509999999999999787 ) ) ;
#1700 = SURFACE_STYLE_FILL_AREA ( #6982 ) ;
#1701 = DIRECTION ( 'NONE',  ( 0.000000000000000000, 1.000000000000000000, -0.000000000000000000 ) ) ;
#1702 = EDGE_CURVE ( 'NONE', #10387, #7240, #12879, .T. ) ;
#1703 = CARTESIAN_POINT ( 'NONE',  ( 8.320800000000000196, -2.337200000000000166, 4.500000000000000888 ) ) ;
#1704 = VECTOR ( 'NONE', #7426, 1000.000000000000000 ) ;
#1705 = CARTESIAN_POINT ( 'NONE',  ( -9.414999999999999147, -20.17650000000000077, 4.500000000000000888 ) ) ;
#1706 = ORIENTED_EDGE ( 'NONE', *, *, #7574, .T. ) ;
#1707 = EDGE_LOOP ( 'NONE', ( #7761, #11750, #4944, #7395 ) ) ;
#1708 = ORIENTED_EDGE ( 'NONE', *, *, #7202, .F. ) ;
#1709 = ORIENTED_EDGE ( 'NONE', *, *, #8564, .F. ) ;
#1710 = CARTESIAN_POINT ( 'NONE',  ( 8.394999999999999574, -22.96649999999999991, 4.950000000000000178 ) ) ;
#1711 = CARTESIAN_POINT ( 'NONE',  ( -1.294999999999999929, -31.28604151461000171, 0.5831999999999999407 ) ) ;
#1712 = CARTESIAN_POINT ( 'NONE',  ( 5.205000000000000071, -17.94999999999999929, 0.000000000000000000 ) ) ;
#1713 = CIRCLE ( 'NONE', #7923, 0.9899999999999999911 ) ;
#1714 = ORIENTED_EDGE ( 'NONE', *, *, #6312, .T. ) ;
#1715 = CARTESIAN_POINT ( 'NONE',  ( -10.15000000000000036, -22.58649999999999736, 3.840000000000000302 ) ) ;
#1716 = EDGE_CURVE ( 'NONE', #10416, #2753, #5645, .T. ) ;
#1717 = DIRECTION ( 'NONE',  ( 0.000000000000000000, -1.000000000000000000, 0.000000000000000000 ) ) ;
#1718 = VERTEX_POINT ( 'NONE', #8694 ) ;
#1719 = ORIENTED_EDGE ( 'NONE', *, *, #9206, .F. ) ;
#1720 = EDGE_CURVE ( 'NONE', #5198, #5612, #12042, .T. ) ;
#1721 = ORIENTED_EDGE ( 'NONE', *, *, #12189, .F. ) ;
#1722 = FACE_OUTER_BOUND ( 'NONE', #13586, .T. ) ;
#1723 = EDGE_CURVE ( 'NONE', #7240, #5892, #10781, .T. ) ;
#1724 = VERTEX_POINT ( 'NONE', #6407 ) ;
#1725 = ORIENTED_EDGE ( 'NONE', *, *, #3064, .T. ) ;
#1726 = ADVANCED_FACE ( 'NONE', ( #3414 ), #11765, .T. ) ;
#1727 = CARTESIAN_POINT ( 'NONE',  ( -9.414999999999999147, -2.337200000000000166, 4.500000000000000888 ) ) ;
#1728 = DIRECTION ( 'NONE',  ( 0.000000000000000000, 0.000000000000000000, 1.000000000000000000 ) ) ;
#1729 = CARTESIAN_POINT ( 'NONE',  ( 1.475000000000000089, -13.31649999999999956, -4.320000000000000284 ) ) ;
#1730 = CARTESIAN_POINT ( 'NONE',  ( -9.414999999999999147, 3.589199999999999946, 4.500000000000000888 ) ) ;
#1731 = ORIENTED_EDGE ( 'NONE', *, *, #11517, .T. ) ;
#1732 = ORIENTED_EDGE ( 'NONE', *, *, #8598, .F. ) ;
#1733 = EDGE_CURVE ( 'NONE', #7687, #12027, #283, .T. ) ;
#1734 = CARTESIAN_POINT ( 'NONE',  ( 5.700000000000000178, -3.556500000000000217, 4.500000000000000888 ) ) ;
#1735 = DIRECTION ( 'NONE',  ( -0.000000000000000000, 1.000000000000000000, 0.000000000000000000 ) ) ;
#1736 = ORIENTED_EDGE ( 'NONE', *, *, #3302, .F. ) ;
#1737 = LINE ( 'NONE', #2492, #8418 ) ;
#1738 = EDGE_LOOP ( 'NONE', ( #4776, #2378, #5043, #4129 ) ) ;
#1739 = CARTESIAN_POINT ( 'NONE',  ( -3.149999999999999911, -21.18649999999999878, -4.320000000000000284 ) ) ;
#1740 = ORIENTED_EDGE ( 'NONE', *, *, #9596, .T. ) ;
#1741 = LINE ( 'NONE', #6839, #6079 ) ;
#1742 = LINE ( 'NONE', #620, #13091 ) ;
#1743 = DIRECTION ( 'NONE',  ( -0.000000000000000000, 1.000000000000000000, 0.000000000000000000 ) ) ;
#1744 = DIRECTION ( 'NONE',  ( 0.7071067811865474617, 0.000000000000000000, 0.7071067811865474617 ) ) ;
#1745 = LINE ( 'NONE', #623, #5988 ) ;
#1746 = ORIENTED_EDGE ( 'NONE', *, *, #6135, .T. ) ;
#1747 = CARTESIAN_POINT ( 'NONE',  ( 9.414999999999999147, 3.589199999999999946, 4.500000000000000888 ) ) ;
#1748 = FACE_OUTER_BOUND ( 'NONE', #9754, .T. ) ;
#1749 = CARTESIAN_POINT ( 'NONE',  ( 8.275000000000000355, -15.34650000000000070, 3.840000000000000302 ) ) ;
#1750 = ORIENTED_EDGE ( 'NONE', *, *, #2275, .F. ) ;
#1751 = FILL_AREA_STYLE_COLOUR ( '', #8417 ) ;
#1752 = VECTOR ( 'NONE', #7591, 1000.000000000000000 ) ;
#1753 = DIRECTION ( 'NONE',  ( -0.000000000000000000, -0.000000000000000000, -1.000000000000000000 ) ) ;
#1754 = LINE ( 'NONE', #12193, #7970 ) ;
#1755 = DIRECTION ( 'NONE',  ( -0.000000000000000000, -1.000000000000000000, 0.000000000000000000 ) ) ;
#1756 = SURFACE_SIDE_STYLE ('',( #11996 ) ) ;
#1758 = VERTEX_POINT ( 'NONE', #7724 ) ;
#1757 = LINE ( 'NONE', #4953, #2936 ) ;
#1759 = DIRECTION ( 'NONE',  ( -1.000000000000000000, -0.000000000000000000, 0.000000000000000000 ) ) ;
#1760 = STYLED_ITEM ( 'NONE', ( #13295 ), #4650 ) ;
#1761 = LINE ( 'NONE', #12549, #113 ) ;
#1762 = SURFACE_STYLE_FILL_AREA ( #716 ) ;
#1763 = AXIS2_PLACEMENT_3D ( 'NONE', #11989, #11845, #10798 ) ;
#1764 = EDGE_CURVE ( 'NONE', #4120, #1430, #2235, .T. ) ;
#1765 = LINE ( 'NONE', #7882, #4759 ) ;
#1766 = AXIS2_PLACEMENT_3D ( 'NONE', #903, #13634, #8350 ) ;
#1767 = CARTESIAN_POINT ( 'NONE',  ( 9.414999999999999147, -2.337200000000000166, 3.509999999999999787 ) ) ;
#1768 = DIRECTION ( 'NONE',  ( 0.000000000000000000, -0.000000000000000000, -1.000000000000000000 ) ) ;
#1769 = DIRECTION ( 'NONE',  ( -0.09602825923645796902, 0.9953786080823796567, 0.000000000000000000 ) ) ;
#1770 = EDGE_CURVE ( 'NONE', #7060, #1668, #8153, .T. ) ;
#1771 = VECTOR ( 'NONE', #7458, 1000.000000000000114 ) ;
#1772 = AXIS2_PLACEMENT_3D ( 'NONE', #8824, #12323, #5077 ) ;
#1773 = CARTESIAN_POINT ( 'NONE',  ( 1.294999999999999929, -13.31649999999999956, -4.320000000000000284 ) ) ;
#1774 = ORIENTED_EDGE ( 'NONE', *, *, #4102, .T. ) ;
#1775 = ORIENTED_EDGE ( 'NONE', *, *, #7473, .F. ) ;
#1776 = CARTESIAN_POINT ( 'NONE',  ( 5.730000000000001315, -15.34650000000000070, 3.840000000000000302 ) ) ;
#1777 = EDGE_CURVE ( 'NONE', #2001, #7357, #1684, .T. ) ;
#1778 = VERTEX_POINT ( 'NONE', #4943 ) ;
#1779 = ORIENTED_EDGE ( 'NONE', *, *, #7069, .F. ) ;
#1780 = LINE ( 'NONE', #9902, #5698 ) ;
#1781 = DIRECTION ( 'NONE',  ( 1.000000000000000000, 0.000000000000000000, 0.000000000000000000 ) ) ;
#1782 = DIRECTION ( 'NONE',  ( 0.000000000000000000, 0.000000000000000000, 1.000000000000000000 ) ) ;
#1783 = ORIENTED_EDGE ( 'NONE', *, *, #10682, .F. ) ;
#1784 = DIRECTION ( 'NONE',  ( 0.000000000000000000, 0.000000000000000000, -1.000000000000000000 ) ) ;
#1785 = CARTESIAN_POINT ( 'NONE',  ( -8.275000000000000355, -17.57000000000000384, 4.649999999999999467 ) ) ;
#1786 = VECTOR ( 'NONE', #3980, 1000.000000000000000 ) ;
#1787 = ORIENTED_EDGE ( 'NONE', *, *, #4437, .T. ) ;
#1788 = VERTEX_POINT ( 'NONE', #8004 ) ;
#1789 = ORIENTED_EDGE ( 'NONE', *, *, #11025, .T. ) ;
#1790 = CARTESIAN_POINT ( 'NONE',  ( -20.30000000000000071, 0.000000000000000000, -4.400000000000000355 ) ) ;
#1791 = ORIENTED_EDGE ( 'NONE', *, *, #2576, .T. ) ;
#1792 = VERTEX_POINT ( 'NONE', #627 ) ;
#1793 = DIRECTION ( 'NONE',  ( 1.000000000000000000, 0.000000000000000000, -0.000000000000000000 ) ) ;
#1794 = SURFACE_SIDE_STYLE ('',( #8503 ) ) ;
#1795 = CARTESIAN_POINT ( 'NONE',  ( -2.284999999999999698, -15.34650000000000070, -3.330000000000000071 ) ) ;
#1796 = DIRECTION ( 'NONE',  ( 0.000000000000000000, 0.000000000000000000, -1.000000000000000000 ) ) ;
#1797 = ORIENTED_EDGE ( 'NONE', *, *, #5517, .T. ) ;
#1798 = ORIENTED_EDGE ( 'NONE', *, *, #2232, .F. ) ;
#1799 = DIRECTION ( 'NONE',  ( -1.000000000000000000, -0.000000000000000000, -0.000000000000000000 ) ) ;
#1800 = UNCERTAINTY_MEASURE_WITH_UNIT (LENGTH_MEASURE( 1.000000000000000082E-05 ), #1586, 'distance_accuracy_value', 'NONE');
#1801 = DIRECTION ( 'NONE',  ( -0.000000000000000000, -0.000000000000000000, -1.000000000000000000 ) ) ;
#1802 = VERTEX_POINT ( 'NONE', #1749 ) ;
#1803 = EDGE_CURVE ( 'NONE', #12987, #8787, #11134, .T. ) ;
#1804 = STYLED_ITEM ( 'NONE', ( #2889 ), #10352 ) ;
#1805 = VERTEX_POINT ( 'NONE', #6962 ) ;
#1806 = ADVANCED_FACE ( 'NONE', ( #9182 ), #5917, .T. ) ;
#1807 = ADVANCED_FACE ( 'NONE', ( #1606 ), #10007, .F. ) ;
#1808 = CARTESIAN_POINT ( 'NONE',  ( -8.474999999999999645, -13.31649999999999956, 3.640000000018499993 ) ) ;
#1809 = ORIENTED_EDGE ( 'NONE', *, *, #3152, .F. ) ;
#1810 = CARTESIAN_POINT ( 'NONE',  ( -0.4949999999999999956, -23.77649999999999508, 1.320000000000000062 ) ) ;
#1811 = FACE_OUTER_BOUND ( 'NONE', #8537, .T. ) ;
#1812 = CARTESIAN_POINT ( 'NONE',  ( 4.584999999999999964, -2.337200000000000166, -0.5000000000000000000 ) ) ;
#1813 = PLANE ( 'NONE',  #8923 ) ;
#1814 = DIRECTION ( 'NONE',  ( 0.000000000000000000, 0.000000000000000000, -1.000000000000000000 ) ) ;
#1815 = EDGE_CURVE ( 'NONE', #8397, #8502, #9942, .T. ) ;
#1816 = LINE ( 'NONE', #13430, #11659 ) ;
#1817 = PLANE ( 'NONE',  #4223 ) ;
#1818 = ADVANCED_FACE ( 'NONE', ( #2588 ), #8077, .T. ) ;
#1819 = CARTESIAN_POINT ( 'NONE',  ( -0.4949999999999999956, -23.77649999999999864, -1.655000000000000249 ) ) ;
#1820 = ORIENTED_EDGE ( 'NONE', *, *, #9047, .T. ) ;
#1821 = AXIS2_PLACEMENT_3D ( 'NONE', #3457, #4572, #6731 ) ;
#1822 = DIRECTION ( 'NONE',  ( 0.000000000000000000, -1.000000000000000000, 0.000000000000000000 ) ) ;
#1823 = CARTESIAN_POINT ( 'NONE',  ( -8.275000000000000355, -19.40650000000000119, 4.650000000000000355 ) ) ;
#1824 = AXIS2_PLACEMENT_3D ( 'NONE', #13505, #852, #3972 ) ;
#1825 = CARTESIAN_POINT ( 'NONE',  ( -0.4949999999999999956, -22.96649999999999991, -3.509999999999999787 ) ) ;
#1826 = PLANE ( 'NONE',  #10272 ) ;
#1827 = LINE ( 'NONE', #12339, #11813 ) ;
#1828 = CIRCLE ( 'NONE', #3586, 0.2000000000000000944 ) ;
#1830 = ORIENTED_EDGE ( 'NONE', *, *, #9872, .F. ) ;
#1829 = DIRECTION ( 'NONE',  ( 0.000000000000000000, -0.000000000000000000, 1.000000000000000000 ) ) ;
#1831 = EDGE_CURVE ( 'NONE', #11174, #13736, #10152, .T. ) ;
#1832 = FACE_OUTER_BOUND ( 'NONE', #11247, .T. ) ;
#1833 = LINE ( 'NONE', #1908, #9221 ) ;
#1834 = DIRECTION ( 'NONE',  ( 1.000000000000000000, 0.000000000000000000, -0.000000000000000000 ) ) ;
#1835 = DIRECTION ( 'NONE',  ( 0.000000000000000000, -0.000000000000000000, -1.000000000000000000 ) ) ;
#1836 = CARTESIAN_POINT ( 'NONE',  ( 0.000000000000000000, -22.96649999999999991, 6.250000000000000000 ) ) ;
#1837 = LINE ( 'NONE', #3779, #5156 ) ;
#1838 = CARTESIAN_POINT ( 'NONE',  ( 10.80380592228877923, -15.22000000000000242, -9.056194077712779844 ) ) ;
#1839 = VECTOR ( 'NONE', #10079, 1000.000000000000000 ) ;
#1840 = ORIENTED_EDGE ( 'NONE', *, *, #12408, .T. ) ;
#1841 = AXIS2_PLACEMENT_3D ( 'NONE', #10548, #824, #6243 ) ;
#1842 = ORIENTED_EDGE ( 'NONE', *, *, #2458, .T. ) ;
#1843 = ORIENTED_EDGE ( 'NONE', *, *, #2109, .T. ) ;
#1844 = CARTESIAN_POINT ( 'NONE',  ( 9.285000000000000142, -13.31649999999999956, 3.660000000000000142 ) ) ;
#1845 = ORIENTED_EDGE ( 'NONE', *, *, #5797, .T. ) ;
#1846 = ORIENTED_EDGE ( 'NONE', *, *, #6727, .T. ) ;
#1847 = EDGE_CURVE ( 'NONE', #1321, #4718, #4880, .T. ) ;
#1848 = CARTESIAN_POINT ( 'NONE',  ( -2.415000000000000036, -17.94999999999999929, -4.500000000000000888 ) ) ;
#1849 = CYLINDRICAL_SURFACE ( 'NONE', #2798, 0.9899999999999999911 ) ;
#1850 = VERTEX_POINT ( 'NONE', #4663 ) ;
#1851 = VECTOR ( 'NONE', #5705, 1000.000000000000000 ) ;
#1852 = DIRECTION ( 'NONE',  ( -1.000000000000000000, 0.000000000000000000, 0.000000000000000000 ) ) ;
#1853 = CARTESIAN_POINT ( 'NONE',  ( 3.634999999999999787, -21.56650000000000134, 3.509999999999999787 ) ) ;
#1854 = VECTOR ( 'NONE', #4036, 1000.000000000000000 ) ;
#1855 = DIRECTION ( 'NONE',  ( 0.000000000000000000, -0.000000000000000000, 1.000000000000000000 ) ) ;
#1856 = VECTOR ( 'NONE', #7232, 1000.000000000000000 ) ;
#1857 = ORIENTED_EDGE ( 'NONE', *, *, #5278, .F. ) ;
#1858 = CIRCLE ( 'NONE', #5395, 0.2000000000000000944 ) ;
#1859 = EDGE_CURVE ( 'NONE', #1938, #9609, #489, .T. ) ;
#1860 = ORIENTED_EDGE ( 'NONE', *, *, #233, .F. ) ;
#1862 = CARTESIAN_POINT ( 'NONE',  ( 1.475000000000000089, -17.57000000000000384, -12.90000000000000036 ) ) ;
#1861 = VECTOR ( 'NONE', #4442, 1000.000000000000000 ) ;
#1863 = ORIENTED_EDGE ( 'NONE', *, *, #3215, .T. ) ;
#1864 = ORIENTED_EDGE ( 'NONE', *, *, #3259, .F. ) ;
#1865 = CARTESIAN_POINT ( 'NONE',  ( -8.474999999999999645, -15.34650000000000070, 3.640000000018499993 ) ) ;
#1866 = PRESENTATION_STYLE_ASSIGNMENT (( #2120 ) ) ;
#1867 = LINE ( 'NONE', #4075, #7830 ) ;
#1868 = EDGE_CURVE ( 'NONE', #5321, #13646, #8969, .T. ) ;
#1869 = LINE ( 'NONE', #4076, #7380 ) ;
#1870 = ORIENTED_EDGE ( 'NONE', *, *, #5423, .F. ) ;
#1871 = VECTOR ( 'NONE', #13411, 1000.000000000000000 ) ;
#1872 = FACE_OUTER_BOUND ( 'NONE', #10657, .T. ) ;
#1873 = EDGE_CURVE ( 'NONE', #959, #10744, #5713, .T. ) ;
#1874 = CARTESIAN_POINT ( 'NONE',  ( -1.475000000000000089, -17.37650000000000006, -6.860000000000000320 ) ) ;
#1875 = ORIENTED_EDGE ( 'NONE', *, *, #6049, .F. ) ;
#1876 = VECTOR ( 'NONE', #13526, 1000.000000000000000 ) ;
#1877 = ORIENTED_EDGE ( 'NONE', *, *, #3679, .F. ) ;
#1878 = VECTOR ( 'NONE', #4850, 1000.000000000000000 ) ;
#1879 = AXIS2_PLACEMENT_3D ( 'NONE', #8684, #2364, #10831 ) ;
#1880 = AXIS2_PLACEMENT_3D ( 'NONE', #171, #7619, #3311 ) ;
#1881 = DIRECTION ( 'NONE',  ( 0.000000000000000000, 0.000000000000000000, 1.000000000000000000 ) ) ;
#1882 = ORIENTED_EDGE ( 'NONE', *, *, #12499, .T. ) ;
#1883 = AXIS2_PLACEMENT_3D ( 'NONE', #13510, #8166, #10309 ) ;
#1884 = DIRECTION ( 'NONE',  ( 0.000000000000000000, 0.000000000000000000, 1.000000000000000000 ) ) ;
#1885 = CARTESIAN_POINT ( 'NONE',  ( -5.524999999999999467, -19.40650000000000119, 7.189999999999999503 ) ) ;
#1886 = DIRECTION ( 'NONE',  ( 1.000000000000000000, 0.000000000000000000, 0.000000000000000000 ) ) ;
#1887 = SURFACE_SIDE_STYLE ('',( #11407 ) ) ;
#1888 = LINE ( 'NONE', #8148, #8429 ) ;
#1889 = EDGE_CURVE ( 'NONE', #8037, #6036, #12124, .T. ) ;
#1890 = MECHANICAL_DESIGN_GEOMETRIC_PRESENTATION_REPRESENTATION (  '', ( #2328 ), #325 ) ;
#1891 = CARTESIAN_POINT ( 'NONE',  ( 8.275000000000000355, -19.43146179653999894, 4.850000000000000533 ) ) ;
#1892 = DIRECTION ( 'NONE',  ( 0.000000000000000000, 1.000000000000000000, -0.000000000000000000 ) ) ;
#1893 = CARTESIAN_POINT ( 'NONE',  ( -8.394999999999999574, -22.66649999999999920, 4.650000000000000355 ) ) ;
#1894 = ORIENTED_EDGE ( 'NONE', *, *, #2084, .F. ) ;
#1895 = DIRECTION ( 'NONE',  ( 0.000000000000000000, 0.000000000000000000, 1.000000000000000000 ) ) ;
#1896 = AXIS2_PLACEMENT_3D ( 'NONE', #1682, #6760, #3612 ) ;
#1897 = DIRECTION ( 'NONE',  ( -1.000000000000000000, 0.000000000000000000, 0.000000000000000000 ) ) ;
#1898 = VECTOR ( 'NONE', #12361, 1000.000000000000000 ) ;
#1899 = VERTEX_POINT ( 'NONE', #13224 ) ;
#1900 = EDGE_CURVE ( 'NONE', #6082, #1933, #6831, .T. ) ;
#1901 = CARTESIAN_POINT ( 'NONE',  ( 0.000000000000000000, -20.17650000000000077, 7.519999999999999574 ) ) ;
#1902 = DIRECTION ( 'NONE',  ( 0.000000000000000000, -0.000000000000000000, -1.000000000000000000 ) ) ;
#1903 = DIRECTION ( 'NONE',  ( 0.000000000000000000, -0.000000000000000000, 1.000000000000000000 ) ) ;
#1904 = ADVANCED_FACE ( 'NONE', ( #11065 ), #5989, .T. ) ;
#1906 = ORIENTED_EDGE ( 'NONE', *, *, #10630, .T. ) ;
#1905 = CARTESIAN_POINT ( 'NONE',  ( 0.000000000000000000, -2.337200000000000166, -4.500000000000000888 ) ) ;
#1907 = FACE_OUTER_BOUND ( 'NONE', #7557, .T. ) ;
#1908 = CARTESIAN_POINT ( 'NONE',  ( 0.000000000000000000, 3.200000000000000178, 12.90000000000000036 ) ) ;
#1909 = DIRECTION ( 'NONE',  ( -0.000000000000000000, 1.000000000000000000, 0.000000000000000000 ) ) ;
#1910 = ADVANCED_FACE ( 'NONE', ( #4813 ), #9042, .F. ) ;
#1911 = PLANE ( 'NONE',  #978 ) ;
#1912 = FACE_OUTER_BOUND ( 'NONE', #12848, .T. ) ;
#1913 = LINE ( 'NONE', #1053, #5203 ) ;
#1914 =( GEOMETRIC_REPRESENTATION_CONTEXT ( 3 ) GLOBAL_UNCERTAINTY_ASSIGNED_CONTEXT ( ( #1800 ) ) GLOBAL_UNIT_ASSIGNED_CONTEXT ( ( #1586, #3672, #10061 ) ) REPRESENTATION_CONTEXT ( 'NONE', 'WORKASPACE' ) );
#1915 = CARTESIAN_POINT ( 'NONE',  ( 1.274999999999999911, -19.40650000000000119, -4.519999999999999574 ) ) ;
#1916 = DIRECTION ( 'NONE',  ( 0.000000000000000000, 0.000000000000000000, 1.000000000000000000 ) ) ;
#1917 = VERTEX_POINT ( 'NONE', #13496 ) ;
#1918 = VERTEX_POINT ( 'NONE', #843 ) ;
#1919 = LINE ( 'NONE', #5248, #10256 ) ;
#1920 = VERTEX_POINT ( 'NONE', #7109 ) ;
#1921 = ORIENTED_EDGE ( 'NONE', *, *, #2486, .T. ) ;
#1922 = DIRECTION ( 'NONE',  ( 0.000000000000000000, 1.000000000000000000, 0.000000000000000000 ) ) ;
#1923 = CARTESIAN_POINT ( 'NONE',  ( -0.4949999999999999956, -23.77649999999999864, 1.320000000000000062 ) ) ;
#1924 = FILL_AREA_STYLE_COLOUR ( '', #4306 ) ;
#1925 = ORIENTED_EDGE ( 'NONE', *, *, #10906, .T. ) ;
#1926 = DIRECTION ( 'NONE',  ( -0.000000000000000000, -0.000000000000000000, -1.000000000000000000 ) ) ;
#1927 = DIRECTION ( 'NONE',  ( -0.4775043600801141541, -0.8786293792632253741, 0.000000000000000000 ) ) ;
#1928 = VECTOR ( 'NONE', #10530, 1000.000000000000000 ) ;
#1929 = LINE ( 'NONE', #6169, #6446 ) ;
#1930 = ORIENTED_EDGE ( 'NONE', *, *, #6928, .F. ) ;
#1931 = CIRCLE ( 'NONE', #7273, 0.1999999999999996503 ) ;
#1932 = CARTESIAN_POINT ( 'NONE',  ( -1.270000000000000018, -15.34650000000000070, -4.320000000000000284 ) ) ;
#1933 = VERTEX_POINT ( 'NONE', #1893 ) ;
#1934 = VERTEX_POINT ( 'NONE', #5281 ) ;
#1935 = CARTESIAN_POINT ( 'NONE',  ( 9.414999999999999147, -21.18649999999999878, 4.650000000000000355 ) ) ;
#1936 = DIRECTION ( 'NONE',  ( 0.000000000000000000, 0.000000000000000000, -1.000000000000000000 ) ) ;
#1937 = CARTESIAN_POINT ( 'NONE',  ( -1.475000000000000089, -13.31649999999999956, -4.320000000000000284 ) ) ;
#1938 = VERTEX_POINT ( 'NONE', #13763 ) ;
#1939 =( NAMED_UNIT ( * ) PLANE_ANGLE_UNIT ( ) SI_UNIT ( $, .RADIAN. ) );
#1940 = EDGE_CURVE ( 'NONE', #6240, #5133, #8414, .T. ) ;
#1941 = FACE_OUTER_BOUND ( 'NONE', #5700, .T. ) ;
#1942 = ORIENTED_EDGE ( 'NONE', *, *, #10985, .F. ) ;
#1943 = VERTEX_POINT ( 'NONE', #12397 ) ;
#1944 = UNCERTAINTY_MEASURE_WITH_UNIT (LENGTH_MEASURE( 1.000000000000000082E-05 ), #12650, 'distance_accuracy_value', 'NONE');
#1945 = EDGE_CURVE ( 'NONE', #13720, #12935, #10363, .T. ) ;
#1946 = ORIENTED_EDGE ( 'NONE', *, *, #4355, .F. ) ;
#1947 = CARTESIAN_POINT ( 'NONE',  ( 1.320799999999999974, 3.589199999999999946, 0.5000000000000000000 ) ) ;
#1948 = ORIENTED_EDGE ( 'NONE', *, *, #5629, .F. ) ;
#1949 = LINE ( 'NONE', #11607, #12288 ) ;
#1950 = FACE_OUTER_BOUND ( 'NONE', #7802, .T. ) ;
#1951 = SURFACE_SIDE_STYLE ('',( #11477 ) ) ;
#1952 = DIRECTION ( 'NONE',  ( 0.000000000000000000, 0.000000000000000000, -1.000000000000000000 ) ) ;
#1953 = ADVANCED_FACE ( 'NONE', ( #10288 ), #1042, .F. ) ;
#1954 = PLANE ( 'NONE',  #7541 ) ;
#1955 = CARTESIAN_POINT ( 'NONE',  ( -8.300000000000000711, -3.556500000000000217, 4.500000000000000888 ) ) ;
#1956 = CARTESIAN_POINT ( 'NONE',  ( -8.394999999999999574, -22.67650000000000077, 3.840000000000000302 ) ) ;
#1957 = FACE_OUTER_BOUND ( 'NONE', #12363, .T. ) ;
#1958 = EDGE_LOOP ( 'NONE', ( #12989, #10884, #3897, #2909 ) ) ;
#1959 = DIRECTION ( 'NONE',  ( 0.000000000000000000, -0.000000000000000000, 1.000000000000000000 ) ) ;
#1960 = EDGE_CURVE ( 'NONE', #11735, #8679, #5227, .T. ) ;
#1961 = ORIENTED_EDGE ( 'NONE', *, *, #12181, .F. ) ;
#1962 = DIRECTION ( 'NONE',  ( 0.000000000000000000, 0.000000000000000000, 1.000000000000000000 ) ) ;
#1963 = DIRECTION ( 'NONE',  ( 0.000000000000000000, 0.000000000000000000, 1.000000000000000000 ) ) ;
#1964 = ORIENTED_EDGE ( 'NONE', *, *, #1687, .F. ) ;
#1965 = CARTESIAN_POINT ( 'NONE',  ( -20.00000000000000000, -8.699999999999999289, 15.80886698680999913 ) ) ;
#1966 = CARTESIAN_POINT ( 'NONE',  ( -6.207611844575000148, 3.200000000000000178, -10.96000000000000085 ) ) ;
#1967 =( NAMED_UNIT ( * ) SI_UNIT ( $, .STERADIAN. ) SOLID_ANGLE_UNIT ( ) );
#1968 = LINE ( 'NONE', #10917, #9195 ) ;
#1969 = DIRECTION ( 'NONE',  ( 0.000000000000000000, 0.000000000000000000, 1.000000000000000000 ) ) ;
#1970 = EDGE_CURVE ( 'NONE', #10149, #4056, #9509, .T. ) ;
#1971 = VERTEX_POINT ( 'NONE', #776 ) ;
#1972 = CARTESIAN_POINT ( 'NONE',  ( 0.000000000000000000, -2.399999999999999911, 13.40886698681000055 ) ) ;
#1973 = ADVANCED_FACE ( 'NONE', ( #1957 ), #5023, .F. ) ;
#1974 = VERTEX_POINT ( 'NONE', #7314 ) ;
#1975 = VERTEX_POINT ( 'NONE', #9448 ) ;
#1976 = LINE ( 'NONE', #5045, #4705 ) ;
#1977 = VECTOR ( 'NONE', #5936, 1000.000000000000000 ) ;
#1978 = ORIENTED_EDGE ( 'NONE', *, *, #10558, .F. ) ;
#1979 = VECTOR ( 'NONE', #1249, 1000.000000000000000 ) ;
#1980 = ORIENTED_EDGE ( 'NONE', *, *, #11333, .F. ) ;
#1981 = CIRCLE ( 'NONE', #645, 0.2000000000000000944 ) ;
#1982 = DIRECTION ( 'NONE',  ( -0.000000000000000000, 1.000000000000000000, 0.000000000000000000 ) ) ;
#1983 = DIRECTION ( 'NONE',  ( -1.000000000000000000, -0.000000000000000000, -0.000000000000000000 ) ) ;
#1984 =( NAMED_UNIT ( * ) PLANE_ANGLE_UNIT ( ) SI_UNIT ( $, .RADIAN. ) );
#1985 = EDGE_LOOP ( 'NONE', ( #7405, #3827, #6381, #2843, #5692, #4933, #5686, #9837 ) ) ;
#1986 = VECTOR ( 'NONE', #12825, 1000.000000000000000 ) ;
#1987 = PRESENTATION_STYLE_ASSIGNMENT (( #11513 ) ) ;
#1988 = CARTESIAN_POINT ( 'NONE',  ( 8.779999999999999361, -2.673278531665000290, 4.650000000000000355 ) ) ;
#1989 = DIRECTION ( 'NONE',  ( -0.000000000000000000, -1.000000000000000000, 0.000000000000000000 ) ) ;
#1990 = DIRECTION ( 'NONE',  ( 0.000000000000000000, 1.000000000000000000, 0.000000000000000000 ) ) ;
#1991 = ADVANCED_FACE ( 'NONE', ( #12532 ), #3067, .F. ) ;
#1992 = VECTOR ( 'NONE', #7997, 1000.000000000000000 ) ;
#1993 = EDGE_LOOP ( 'NONE', ( #12661, #7418, #6010, #10773 ) ) ;
#1994 = LINE ( 'NONE', #3877, #12769 ) ;
#1995 = ORIENTED_EDGE ( 'NONE', *, *, #7881, .T. ) ;
#1996 = EDGE_LOOP ( 'NONE', ( #3423, #3538 ) ) ;
#1997 = FACE_OUTER_BOUND ( 'NONE', #9807, .T. ) ;
#1998 = FACE_OUTER_BOUND ( 'NONE', #10806, .T. ) ;
#1999 = VECTOR ( 'NONE', #644, 1000.000000000000000 ) ;
#2000 = DIRECTION ( 'NONE',  ( 0.000000000000000000, -0.000000000000000000, -1.000000000000000000 ) ) ;
#2001 = VERTEX_POINT ( 'NONE', #12461 ) ;
#2002 = CARTESIAN_POINT ( 'NONE',  ( -20.00000000000000000, 0.000000000000000000, -1.750000000000000000 ) ) ;
#2003 = CARTESIAN_POINT ( 'NONE',  ( -1.473997487421320640, -19.44971900955000166, -4.499999999999968026 ) ) ;
#2004 = ORIENTED_EDGE ( 'NONE', *, *, #11672, .F. ) ;
#2005 = EDGE_LOOP ( 'NONE', ( #5302, #10813, #8445, #845 ) ) ;
#2006 = ADVANCED_FACE ( 'NONE', ( #11550, #2931, #3004 ), #11415, .F. ) ;
#2007 = AXIS2_PLACEMENT_3D ( 'NONE', #3547, #13284, #1539 ) ;
#2008 = VERTEX_POINT ( 'NONE', #973 ) ;
#2009 = LINE ( 'NONE', #9243, #8963 ) ;
#2010 = ORIENTED_EDGE ( 'NONE', *, *, #1624, .T. ) ;
#2011 = LINE ( 'NONE', #896, #9602 ) ;
#2012 = PLANE ( 'NONE',  #1315 ) ;
#2013 = DIRECTION ( 'NONE',  ( 0.000000000000000000, 1.000000000000000000, 0.000000000000000000 ) ) ;
#2014 = CARTESIAN_POINT ( 'NONE',  ( 0.000000000000000000, -2.399999999999999911, -12.90000000000000036 ) ) ;
#2015 = FACE_BOUND ( 'NONE', #4126, .T. ) ;
#2016 = ADVANCED_FACE ( 'NONE', ( #6197 ), #10425, .T. ) ;
#2017 = VECTOR ( 'NONE', #1319, 1000.000000000000000 ) ;
#2018 = ADVANCED_FACE ( 'NONE', ( #12605 ), #2021, .T. ) ;
#2019 = DIRECTION ( 'NONE',  ( 0.000000000000000000, 0.000000000000000000, 1.000000000000000000 ) ) ;
#2020 = CARTESIAN_POINT ( 'NONE',  ( -4.584999999999999964, -2.337200000000000166, 4.500000000000000888 ) ) ;
#2021 = PLANE ( 'NONE',  #11310 ) ;
#2022 = EDGE_LOOP ( 'NONE', ( #13070, #13277, #5600, #3362, #12148, #4722, #2239, #13442, #13309, #11306 ) ) ;
#2023 = EDGE_CURVE ( 'NONE', #3447, #5073, #3525, .T. ) ;
#2024 = DIRECTION ( 'NONE',  ( -1.000000000000000000, 0.000000000000000000, 0.000000000000000000 ) ) ;
#2025 = ORIENTED_EDGE ( 'NONE', *, *, #7904, .T. ) ;
#2026 = CARTESIAN_POINT ( 'NONE',  ( -13.50000000000000000, 0.000000000000000000, 14.30000000000000071 ) ) ;
#2027 = CARTESIAN_POINT ( 'NONE',  ( -8.294999999999999929, -17.37650000000000006, 4.830000000000000071 ) ) ;
#2028 = DIRECTION ( 'NONE',  ( 0.000000000000000000, 0.000000000000000000, -1.000000000000000000 ) ) ;
#2029 = DIRECTION ( 'NONE',  ( 0.9953786080823797677, -0.09602825923645798289, 0.000000000000000000 ) ) ;
#2030 = EDGE_CURVE ( 'NONE', #124, #8304, #2091, .T. ) ;
#2031 = PLANE ( 'NONE',  #11649 ) ;
#2032 = CARTESIAN_POINT ( 'NONE',  ( -5.730000000000001315, -17.37650000000000006, 4.500000000000000888 ) ) ;
#2033 = DIRECTION ( 'NONE',  ( -0.000000000000000000, -1.000000000000000000, -0.000000000000000000 ) ) ;
#2034 = EDGE_CURVE ( 'NONE', #11798, #167, #4402, .T. ) ;
#2035 = ORIENTED_EDGE ( 'NONE', *, *, #1970, .T. ) ;
#2036 = CARTESIAN_POINT ( 'NONE',  ( 0.000000000000000000, -22.96649999999999991, 3.509999999999999787 ) ) ;
#2037 = ADVANCED_FACE ( 'NONE', ( #9783 ), #5483, .F. ) ;
#2038 = EDGE_LOOP ( 'NONE', ( #2266, #4922, #13717, #12120, #13000, #1155 ) ) ;
#2039 = VECTOR ( 'NONE', #3266, 1000.000000000000000 ) ;
#2040 = ORIENTED_EDGE ( 'NONE', *, *, #8913, .T. ) ;
#2041 = ORIENTED_EDGE ( 'NONE', *, *, #11235, .F. ) ;
#2042 = CARTESIAN_POINT ( 'NONE',  ( -8.275000000000000355, -15.34650000000000070, 3.840000000000000302 ) ) ;
#2043 = ORIENTED_EDGE ( 'NONE', *, *, #12823, .F. ) ;
#2044 = VERTEX_POINT ( 'NONE', #8613 ) ;
#2045 = DIRECTION ( 'NONE',  ( 1.000000000000000000, 0.000000000000000000, -0.000000000000000000 ) ) ;
#2046 = CARTESIAN_POINT ( 'NONE',  ( -3.634999999999999787, -21.56650000000000134, 4.650000000000000355 ) ) ;
#2047 = LINE ( 'NONE', #8447, #4983 ) ;
#2048 = ORIENTED_EDGE ( 'NONE', *, *, #2084, .T. ) ;
#2049 = FACE_OUTER_BOUND ( 'NONE', #12310, .T. ) ;
#2050 =( NAMED_UNIT ( * ) SI_UNIT ( $, .STERADIAN. ) SOLID_ANGLE_UNIT ( ) );
#2051 = AXIS2_PLACEMENT_3D ( 'NONE', #11838, #10791, #293 ) ;
#2052 = EDGE_CURVE ( 'NONE', #8056, #777, #6395, .T. ) ;
#2054 = VECTOR ( 'NONE', #6116, 1000.000000000000000 ) ;
#2053 = CARTESIAN_POINT ( 'NONE',  ( 5.605000000000000426, -22.96649999999999991, 15.50000000000000000 ) ) ;
#2055 = CARTESIAN_POINT ( 'NONE',  ( 3.935000000000000053, -17.94999999999999929, -7.519999999999999574 ) ) ;
#2056 = ORIENTED_EDGE ( 'NONE', *, *, #7224, .F. ) ;
#2057 = CARTESIAN_POINT ( 'NONE',  ( -1.320799999999999974, -2.337200000000000166, 0.5000000000000000000 ) ) ;
#2058 = ORIENTED_EDGE ( 'NONE', *, *, #11275, .T. ) ;
#2059 = AXIS2_PLACEMENT_3D ( 'NONE', #352, #6467, #10702 ) ;
#2060 = ORIENTED_EDGE ( 'NONE', *, *, #5100, .F. ) ;
#2061 = EDGE_CURVE ( 'NONE', #3532, #4524, #3466, .T. ) ;
#2062 = LINE ( 'NONE', #13606, #1483 ) ;
#2063 = CARTESIAN_POINT ( 'NONE',  ( -4.715000000000000746, -17.94999999999999929, 4.830000000000000071 ) ) ;
#2064 = DIRECTION ( 'NONE',  ( -0.000000000000000000, 1.000000000000000000, 0.000000000000000000 ) ) ;
#2065 = VERTEX_POINT ( 'NONE', #1382 ) ;
#2066 = CIRCLE ( 'NONE', #2542, 3.200000000000001510 ) ;
#2067 = VECTOR ( 'NONE', #10808, 1000.000000000000000 ) ;
#2068 = DIRECTION ( 'NONE',  ( 0.000000000000000000, 1.000000000000000000, 0.000000000000000000 ) ) ;
#2069 = AXIS2_PLACEMENT_3D ( 'NONE', #9501, #12596, #6190 ) ;
#2071 = ORIENTED_EDGE ( 'NONE', *, *, #10013, .F. ) ;
#2070 = EDGE_CURVE ( 'NONE', #13253, #4365, #4370, .T. ) ;
#2072 = ORIENTED_EDGE ( 'NONE', *, *, #534, .T. ) ;
#2073 = AXIS2_PLACEMENT_3D ( 'NONE', #5251, #9472, #7404 ) ;
#2074 = VECTOR ( 'NONE', #7942, 1000.000000000000000 ) ;
#2075 = STYLED_ITEM ( 'NONE', ( #5103 ), #10468 ) ;
#2076 = ORIENTED_EDGE ( 'NONE', *, *, #3679, .T. ) ;
#2077 = AXIS2_PLACEMENT_3D ( 'NONE', #13, #4193, #5503 ) ;
#2078 = FACE_OUTER_BOUND ( 'NONE', #9603, .T. ) ;
#2079 = ORIENTED_EDGE ( 'NONE', *, *, #11693, .F. ) ;
#2080 = DIRECTION ( 'NONE',  ( 0.000000000000000000, 0.000000000000000000, 1.000000000000000000 ) ) ;
#2081 = CARTESIAN_POINT ( 'NONE',  ( -5.700000000000000178, -3.556500000000000661, -0.1000000000000000056 ) ) ;
#2082 = DIRECTION ( 'NONE',  ( 1.000000000000000000, 0.000000000000000000, -0.000000000000000000 ) ) ;
#2083 = LINE ( 'NONE', #3199, #9595 ) ;
#2084 = EDGE_CURVE ( 'NONE', #11135, #7918, #4434, .T. ) ;
#2085 = LINE ( 'NONE', #6391, #431 ) ;
#2086 = VECTOR ( 'NONE', #10393, 1000.000000000000000 ) ;
#2087 = VECTOR ( 'NONE', #2281, 1000.000000000000000 ) ;
#2088 = CIRCLE ( 'NONE', #11424, 4.900000000000000355 ) ;
#2089 = AXIS2_PLACEMENT_3D ( 'NONE', #12737, #3212, #11697 ) ;
#2090 = CARTESIAN_POINT ( 'NONE',  ( 4.843171106557091043, -12.04650000000000887, 4.500000000000000888 ) ) ;
#2091 = LINE ( 'NONE', #6336, #7746 ) ;
#2092 = ORIENTED_EDGE ( 'NONE', *, *, #233, .T. ) ;
#2093 = VECTOR ( 'NONE', #563, 1000.000000000000000 ) ;
#2094 = AXIS2_PLACEMENT_3D ( 'NONE', #3708, #11013, #13299 ) ;
#2095 = DIRECTION ( 'NONE',  ( 0.000000000000000000, 0.000000000000000000, -1.000000000000000000 ) ) ;
#2096 = VECTOR ( 'NONE', #11383, 1000.000000000000000 ) ;
#2097 = ORIENTED_EDGE ( 'NONE', *, *, #11413, .T. ) ;
#2098 = LINE ( 'NONE', #6344, #9191 ) ;
#2099 = CARTESIAN_POINT ( 'NONE',  ( -1.270000000000000018, -21.18649999999999878, -4.320000000000000284 ) ) ;
#2100 = AXIS2_PLACEMENT_3D ( 'NONE', #2468, #10610, #385 ) ;
#2101 = DIRECTION ( 'NONE',  ( -1.000000000000000000, 0.000000000000000000, -0.000000000000000000 ) ) ;
#2102 = ADVANCED_FACE ( 'NONE', ( #7647 ), #1174, .T. ) ;
#2103 = CARTESIAN_POINT ( 'NONE',  ( -9.414999999999999147, -17.37650000000000006, 4.500000000000000888 ) ) ;
#2104 = DIRECTION ( 'NONE',  ( 0.000000000000000000, 1.000000000000000000, -0.000000000000000000 ) ) ;
#2105 = VECTOR ( 'NONE', #6456, 1000.000000000000000 ) ;
#2106 = CARTESIAN_POINT ( 'NONE',  ( -1.395000000000000018, -22.96649999999999991, -3.310000000000000053 ) ) ;
#2107 = ORIENTED_EDGE ( 'NONE', *, *, #4483, .T. ) ;
#2108 = UNCERTAINTY_MEASURE_WITH_UNIT (LENGTH_MEASURE( 1.000000000000000082E-05 ), #13233, 'distance_accuracy_value', 'NONE');
#2109 = EDGE_CURVE ( 'NONE', #2903, #11001, #5621, .T. ) ;
#2110 = VECTOR ( 'NONE', #2488, 1000.000000000000000 ) ;
#2111 = VECTOR ( 'NONE', #3494, 1000.000000000000000 ) ;
#2112 = EDGE_CURVE ( 'NONE', #10404, #10712, #9652, .T. ) ;
#2113 = ORIENTED_EDGE ( 'NONE', *, *, #7576, .F. ) ;
#2114 = AXIS2_PLACEMENT_3D ( 'NONE', #2917, #8137, #2785 ) ;
#2115 = ORIENTED_EDGE ( 'NONE', *, *, #6302, .T. ) ;
#2116 = ORIENTED_EDGE ( 'NONE', *, *, #4684, .T. ) ;
#2117 = ADVANCED_FACE ( 'NONE', ( #8475 ), #11887, .T. ) ;
#2118 = DIRECTION ( 'NONE',  ( 1.000000000000000000, 0.000000000000000000, -0.000000000000000000 ) ) ;
#2119 = VERTEX_POINT ( 'NONE', #8548 ) ;
#2121 = ORIENTED_EDGE ( 'NONE', *, *, #2217, .F. ) ;
#2120 = SURFACE_STYLE_USAGE ( .BOTH. , #1794 ) ;
#2122 = PLANE ( 'NONE',  #3699 ) ;
#2123 = DIRECTION ( 'NONE',  ( -0.000000000000000000, 1.000000000000000000, 0.000000000000000000 ) ) ;
#2124 = ORIENTED_EDGE ( 'NONE', *, *, #4224, .F. ) ;
#2125 = ADVANCED_FACE ( 'NONE', ( #6459 ), #8749, .T. ) ;
#2126 = CARTESIAN_POINT ( 'NONE',  ( 4.612359312880999873, -15.22000000000000064, -7.834999999999999964 ) ) ;
#2127 = VECTOR ( 'NONE', #681, 1000.000000000000000 ) ;
#2128 = LINE ( 'NONE', #10600, #2428 ) ;
#2129 = CARTESIAN_POINT ( 'NONE',  ( 0.5100000000000000089, -3.313815743959999782, -4.320000000000000284 ) ) ;
#2130 = ORIENTED_EDGE ( 'NONE', *, *, #10935, .F. ) ;
#2131 = SURFACE_STYLE_FILL_AREA ( #9688 ) ;
#2132 = VERTEX_POINT ( 'NONE', #7511 ) ;
#2133 = EDGE_CURVE ( 'NONE', #13158, #6880, #11749, .T. ) ;
#2134 = VERTEX_POINT ( 'NONE', #3812 ) ;
#2135 = DIRECTION ( 'NONE',  ( 1.000000000000000000, 0.000000000000000000, -0.000000000000000000 ) ) ;
#2136 = CARTESIAN_POINT ( 'NONE',  ( -4.714999999999999858, -19.40650000000000119, 7.189999999999999503 ) ) ;
#2137 = CARTESIAN_POINT ( 'NONE',  ( 3.064999999999999947, -17.94999999999999929, 4.500000000000000888 ) ) ;
#2138 = ORIENTED_EDGE ( 'NONE', *, *, #4683, .T. ) ;
#2139 = CARTESIAN_POINT ( 'NONE',  ( 1.294999999999999929, -17.37650000000000006, -4.500000000000000888 ) ) ;
#2140 = DIRECTION ( 'NONE',  ( -0.000000000000000000, -0.000000000000000000, -1.000000000000000000 ) ) ;
#2141 = EDGE_LOOP ( 'NONE', ( #9466, #500, #103, #4831 ) ) ;
#2142 = EDGE_LOOP ( 'NONE', ( #6535, #13517, #3523, #2382, #981, #8632, #11368, #4146 ) ) ;
#2143 = EDGE_CURVE ( 'NONE', #1938, #9968, #7845, .T. ) ;
#2144 = CIRCLE ( 'NONE', #7262, 0.9900000000000004352 ) ;
#2145 = EDGE_CURVE ( 'NONE', #8491, #11894, #1737, .T. ) ;
#2146 = EDGE_CURVE ( 'NONE', #8422, #3092, #2787, .T. ) ;
#2147 = ORIENTED_EDGE ( 'NONE', *, *, #156, .T. ) ;
#2148 = CARTESIAN_POINT ( 'NONE',  ( 0.000000000000000000, -22.96649999999999991, 7.519999999999999574 ) ) ;
#2149 = EDGE_CURVE ( 'NONE', #2287, #4068, #2638, .T. ) ;
#2150 = ORIENTED_EDGE ( 'NONE', *, *, #13687, .F. ) ;
#2151 = FACE_OUTER_BOUND ( 'NONE', #2425, .T. ) ;
#2152 = CARTESIAN_POINT ( 'NONE',  ( -5.679199999999999804, -2.337200000000000166, -0.5000000000000000000 ) ) ;
#2153 = LINE ( 'NONE', #7308, #5387 ) ;
#2154 = FACE_OUTER_BOUND ( 'NONE', #3822, .T. ) ;
#2155 = SURFACE_STYLE_USAGE ( .BOTH. , #9444 ) ;
#2156 = AXIS2_PLACEMENT_3D ( 'NONE', #13758, #3197, #12795 ) ;
#2157 = DIRECTION ( 'NONE',  ( -0.000000000000000000, 1.000000000000000000, 0.000000000000000000 ) ) ;
#2158 = DIRECTION ( 'NONE',  ( 0.000000000000000000, 0.000000000000000000, 1.000000000000000000 ) ) ;
#2159 = EDGE_LOOP ( 'NONE', ( #5873, #12955, #12353, #2198 ) ) ;
#2160 = LINE ( 'NONE', #8552, #12085 ) ;
#2161 = ORIENTED_EDGE ( 'NONE', *, *, #12954, .F. ) ;
#2162 = ORIENTED_EDGE ( 'NONE', *, *, #9517, .T. ) ;
#2163 = LINE ( 'NONE', #349, #9841 ) ;
#2164 = CARTESIAN_POINT ( 'NONE',  ( 7.000000000000000000, -23.77649999999999864, 15.50000000000000000 ) ) ;
#2165 = DIRECTION ( 'NONE',  ( 0.000000000000000000, -0.000000000000000000, 1.000000000000000000 ) ) ;
#2166 = CARTESIAN_POINT ( 'NONE',  ( 8.294999999999999929, -13.31649999999999956, 3.660000000000000142 ) ) ;
#2167 = SURFACE_STYLE_USAGE ( .BOTH. , #10840 ) ;
#2168 = CARTESIAN_POINT ( 'NONE',  ( -5.605000000000000426, -17.37650000000000006, 15.50000000000000000 ) ) ;
#2169 = LINE ( 'NONE', #13512, #7632 ) ;
#2170 = EDGE_LOOP ( 'NONE', ( #5122, #9583, #3855, #8128 ) ) ;
#2171 =( NAMED_UNIT ( * ) SI_UNIT ( $, .STERADIAN. ) SOLID_ANGLE_UNIT ( ) );
#2172 = VERTEX_POINT ( 'NONE', #9097 ) ;
#2173 = CARTESIAN_POINT ( 'NONE',  ( 7.000000000000000000, -21.18649999999999878, 3.840000000000000302 ) ) ;
#2174 = EDGE_LOOP ( 'NONE', ( #11263, #7548, #10087, #9909, #13323, #1596 ) ) ;
#2175 = PLANE ( 'NONE',  #1411 ) ;
#2176 = EDGE_CURVE ( 'NONE', #8397, #5827, #6816, .T. ) ;
#2177 = VERTEX_POINT ( 'NONE', #12238 ) ;
#2179 = EDGE_LOOP ( 'NONE', ( #11188, #4971, #10435, #5051 ) ) ;
#2178 = DIRECTION ( 'NONE',  ( -1.000000000000000000, 0.000000000000000000, -0.000000000000000000 ) ) ;
#2180 = LINE ( 'NONE', #3428, #6153 ) ;
#2181 = LINE ( 'NONE', #12890, #5232 ) ;
#2182 = CARTESIAN_POINT ( 'NONE',  ( -14.85999999999999943, 3.200000000000000178, 4.960000000000000853 ) ) ;
#2183 = ORIENTED_EDGE ( 'NONE', *, *, #493, .T. ) ;
#2184 = DIRECTION ( 'NONE',  ( 0.000000000000000000, 0.000000000000000000, 1.000000000000000000 ) ) ;
#2185 = CARTESIAN_POINT ( 'NONE',  ( 5.679199999999999804, -2.337200000000000166, -0.5000000000000000000 ) ) ;
#2186 = EDGE_CURVE ( 'NONE', #11373, #5484, #9993, .T. ) ;
#2187 = CARTESIAN_POINT ( 'NONE',  ( 7.919999999999999929, 3.589199999999999946, 4.325000000000000178 ) ) ;
#2188 = VECTOR ( 'NONE', #12750, 1000.000000000000000 ) ;
#2189 = EDGE_CURVE ( 'NONE', #12287, #5246, #11259, .T. ) ;
#2190 = ORIENTED_EDGE ( 'NONE', *, *, #3937, .T. ) ;
#2191 = EDGE_CURVE ( 'NONE', #9021, #7003, #13211, .T. ) ;
#2192 = LINE ( 'NONE', #12901, #5393 ) ;
#2193 = ORIENTED_EDGE ( 'NONE', *, *, #9004, .T. ) ;
#2194 = ORIENTED_EDGE ( 'NONE', *, *, #7224, .T. ) ;
#2195 = CARTESIAN_POINT ( 'NONE',  ( -0.4949999999999999956, -33.95649999999793067, -1.654999999999374527 ) ) ;
#2196 = FACE_OUTER_BOUND ( 'NONE', #3176, .T. ) ;
#2197 = CARTESIAN_POINT ( 'NONE',  ( -1.320799999999999974, 3.589199999999999946, 0.5000000000000000000 ) ) ;
#2198 = ORIENTED_EDGE ( 'NONE', *, *, #5145, .F. ) ;
#2199 = VECTOR ( 'NONE', #10578, 1000.000000000000000 ) ;
#2200 = AXIS2_PLACEMENT_3D ( 'NONE', #10932, #13103, #229 ) ;
#2201 = CARTESIAN_POINT ( 'NONE',  ( 8.779999999999976268, -2.673278531664988744, 4.650000000000000355 ) ) ;
#2202 = VERTEX_POINT ( 'NONE', #4859 ) ;
#2203 = VECTOR ( 'NONE', #3744, 1000.000000000000000 ) ;
#2204 = ORIENTED_EDGE ( 'NONE', *, *, #6018, .F. ) ;
#2205 = EDGE_CURVE ( 'NONE', #310, #12435, #5905, .T. ) ;
#2206 = AXIS2_PLACEMENT_3D ( 'NONE', #11547, #13348, #900 ) ;
#2207 = VECTOR ( 'NONE', #7221, 1000.000000000000000 ) ;
#2208 = ORIENTED_EDGE ( 'NONE', *, *, #5624, .F. ) ;
#2209 = CARTESIAN_POINT ( 'NONE',  ( -8.269999999999999574, -17.37650000000000006, 3.840000000000000302 ) ) ;
#2210 = ORIENTED_EDGE ( 'NONE', *, *, #576, .F. ) ;
#2211 = DIRECTION ( 'NONE',  ( -0.000000000000000000, 0.000000000000000000, -1.000000000000000000 ) ) ;
#2212 = CARTESIAN_POINT ( 'NONE',  ( -24.89999999999999858, -2.399999999999999911, 13.40886698681000055 ) ) ;
#2213 = DIRECTION ( 'NONE',  ( 1.000000000000000000, 0.000000000000000000, 0.000000000000000000 ) ) ;
#2214 = CARTESIAN_POINT ( 'NONE',  ( 2.156828893442817918, -12.04650000000001420, -4.320000000000000284 ) ) ;
#2215 = ORIENTED_EDGE ( 'NONE', *, *, #8182, .T. ) ;
#2216 = FACE_OUTER_BOUND ( 'NONE', #3453, .T. ) ;
#2217 = EDGE_CURVE ( 'NONE', #4156, #13221, #2709, .T. ) ;
#2218 = CARTESIAN_POINT ( 'NONE',  ( 12.50000000000000000, 0.000000000000000000, -14.30000000000000071 ) ) ;
#2219 = LINE ( 'NONE', #11613, #2017 ) ;
#2220 = DIRECTION ( 'NONE',  ( -0.000000000000000000, 0.000000000000000000, 1.000000000000000000 ) ) ;
#2221 = ADVANCED_FACE ( 'NONE', ( #8057 ), #9929, .F. ) ;
#2222 = ORIENTED_EDGE ( 'NONE', *, *, #6644, .T. ) ;
#2223 = ADVANCED_FACE ( 'NONE', ( #474 ), #4721, .T. ) ;
#2224 = DIRECTION ( 'NONE',  ( 0.1004120643276970176, -0.9949459368917741298, 0.000000000000000000 ) ) ;
#2225 = ORIENTED_EDGE ( 'NONE', *, *, #5868, .T. ) ;
#2226 = ORIENTED_EDGE ( 'NONE', *, *, #13709, .F. ) ;
#2227 = EDGE_CURVE ( 'NONE', #6608, #2451, #7849, .T. ) ;
#2228 = CARTESIAN_POINT ( 'NONE',  ( 9.414999999999999147, -22.96649999999999991, 7.519999999999998685 ) ) ;
#2229 = LINE ( 'NONE', #3475, #3395 ) ;
#2230 = CARTESIAN_POINT ( 'NONE',  ( 5.931689797203000047, -2.286500000000000199, 4.500000000000000888 ) ) ;
#2231 = EDGE_CURVE ( 'NONE', #6078, #11732, #1140, .T. ) ;
#2232 = EDGE_CURVE ( 'NONE', #6303, #1778, #12970, .T. ) ;
#2233 = CARTESIAN_POINT ( 'NONE',  ( 9.414999999999999147, -22.96649999999999991, 0.000000000000000000 ) ) ;
#2234 = LINE ( 'NONE', #7464, #9109 ) ;
#2235 = LINE ( 'NONE', #10707, #6976 ) ;
#2236 = ORIENTED_EDGE ( 'NONE', *, *, #9617, .F. ) ;
#2237 = EDGE_CURVE ( 'NONE', #1675, #8330, #4206, .T. ) ;
#2238 = CARTESIAN_POINT ( 'NONE',  ( 1.274999999999999911, -17.37650000000000006, -4.519999999999999574 ) ) ;
#2239 = ORIENTED_EDGE ( 'NONE', *, *, #428, .F. ) ;
#2240 =( NAMED_UNIT ( * ) SI_UNIT ( $, .STERADIAN. ) SOLID_ANGLE_UNIT ( ) );
#2241 = EDGE_CURVE ( 'NONE', #4091, #11091, #6427, .T. ) ;
#2242 = EDGE_CURVE ( 'NONE', #10110, #3646, #8383, .T. ) ;
#2243 = DIRECTION ( 'NONE',  ( 0.000000000000000000, -0.000000000000000000, 1.000000000000000000 ) ) ;
#2244 = LINE ( 'NONE', #6624, #4506 ) ;
#2245 = ORIENTED_EDGE ( 'NONE', *, *, #8784, .F. ) ;
#2247 = VERTEX_POINT ( 'NONE', #2854 ) ;
#2246 = SURFACE_SIDE_STYLE ('',( #1343 ) ) ;
#2248 = DIRECTION ( 'NONE',  ( 0.000000000000000000, 0.000000000000000000, -1.000000000000000000 ) ) ;
#2249 = CARTESIAN_POINT ( 'NONE',  ( 1.294999999999999929, -17.37650000000000006, -4.320000000000000284 ) ) ;
#2250 = DIRECTION ( 'NONE',  ( 1.000000000000000000, 0.000000000000000000, -0.000000000000000000 ) ) ;
#2251 = DIRECTION ( 'NONE',  ( 0.000000000000000000, -0.000000000000000000, 1.000000000000000000 ) ) ;
#2252 = EDGE_CURVE ( 'NONE', #10802, #3467, #3242, .T. ) ;
#2253 = FACE_OUTER_BOUND ( 'NONE', #7816, .T. ) ;
#2254 = CARTESIAN_POINT ( 'NONE',  ( 7.510000000000002451, -3.313815743960000670, -0.1000000000000007827 ) ) ;
#2255 = STYLED_ITEM ( 'NONE', ( #6257 ), #7339 ) ;
#2256 = ADVANCED_FACE ( 'NONE', ( #5382 ), #1011, .F. ) ;
#2257 = ORIENTED_EDGE ( 'NONE', *, *, #47, .F. ) ;
#2258 = ORIENTED_EDGE ( 'NONE', *, *, #2070, .F. ) ;
#2259 = CARTESIAN_POINT ( 'NONE',  ( -7.509999999999999787, -3.313815743959999782, -0.1000000000000020040 ) ) ;
#2260 = ORIENTED_EDGE ( 'NONE', *, *, #7425, .T. ) ;
#2261 = ORIENTED_EDGE ( 'NONE', *, *, #2534, .F. ) ;
#2262 = LINE ( 'NONE', #4277, #12371 ) ;
#2263 = AXIS2_PLACEMENT_3D ( 'NONE', #4760, #719, #506 ) ;
#2264 = CARTESIAN_POINT ( 'NONE',  ( -11.19999999999999929, -17.94999999999999929, -3.472485578728000011 ) ) ;
#2265 = CARTESIAN_POINT ( 'NONE',  ( 8.068310202797002617, -2.286500000000000199, 4.650000000000000355 ) ) ;
#2266 = ORIENTED_EDGE ( 'NONE', *, *, #9360, .T. ) ;
#2267 = AXIS2_PLACEMENT_3D ( 'NONE', #8305, #12564, #10240 ) ;
#2268 = CARTESIAN_POINT ( 'NONE',  ( -8.068310202797002617, -2.286500000000000199, 4.500000000000000888 ) ) ;
#2269 = EDGE_CURVE ( 'NONE', #4560, #11452, #938, .T. ) ;
#2270 = PRESENTATION_STYLE_ASSIGNMENT (( #11734 ) ) ;
#2271 = ORIENTED_EDGE ( 'NONE', *, *, #11706, .T. ) ;
#2272 = ORIENTED_EDGE ( 'NONE', *, *, #5589, .F. ) ;
#2273 =( GEOMETRIC_REPRESENTATION_CONTEXT ( 3 ) GLOBAL_UNCERTAINTY_ASSIGNED_CONTEXT ( ( #4158 ) ) GLOBAL_UNIT_ASSIGNED_CONTEXT ( ( #7047, #10229, #3914 ) ) REPRESENTATION_CONTEXT ( 'NONE', 'WORKASPACE' ) );
#2274 = ORIENTED_EDGE ( 'NONE', *, *, #3486, .T. ) ;
#2275 = EDGE_CURVE ( 'NONE', #6658, #11581, #4749, .T. ) ;
#2276 = PLANE ( 'NONE',  #6531 ) ;
#2277 = AXIS2_PLACEMENT_3D ( 'NONE', #11041, #11177, #5896 ) ;
#2278 = ORIENTED_EDGE ( 'NONE', *, *, #2869, .F. ) ;
#2279 = CARTESIAN_POINT ( 'NONE',  ( -4.584999999999999964, -20.17650000000000077, 4.500000000000000888 ) ) ;
#2280 = LINE ( 'NONE', #4363, #8158 ) ;
#2281 = DIRECTION ( 'NONE',  ( 0.000000000000000000, 0.000000000000000000, -1.000000000000000000 ) ) ;
#2282 = ADVANCED_FACE ( 'NONE', ( #9614 ), #8452, .T. ) ;
#2283 = CARTESIAN_POINT ( 'NONE',  ( -2.156828893442878758, -12.04650000000001420, -4.320000000000000284 ) ) ;
#2284 = ORIENTED_EDGE ( 'NONE', *, *, #3173, .F. ) ;
#2285 = DIRECTION ( 'NONE',  ( 1.000000000000000000, 0.000000000000000000, 0.000000000000000000 ) ) ;
#2286 = CARTESIAN_POINT ( 'NONE',  ( -2.415000000000000036, -17.37650000000000006, -4.320000000000000284 ) ) ;
#2287 = VERTEX_POINT ( 'NONE', #3171 ) ;
#2288 = VERTEX_POINT ( 'NONE', #2254 ) ;
#2289 = AXIS2_PLACEMENT_3D ( 'NONE', #8456, #12704, #26 ) ;
#2290 = VECTOR ( 'NONE', #3154, 1000.000000000000000 ) ;
#2291 = VECTOR ( 'NONE', #7700, 1000.000000000000000 ) ;
#2292 = DIRECTION ( 'NONE',  ( -1.000000000000000000, -0.000000000000000000, -0.000000000000000000 ) ) ;
#2293 = EDGE_LOOP ( 'NONE', ( #6748, #11705, #13045, #11719, #3811, #9421, #10747, #1731 ) ) ;
#2294 = EDGE_LOOP ( 'NONE', ( #13155, #12210, #13132, #2341 ) ) ;
#2295 = DIRECTION ( 'NONE',  ( 0.000000000000000000, 1.000000000000000000, -0.000000000000000000 ) ) ;
#2296 = EDGE_CURVE ( 'NONE', #3879, #6758, #6975, .T. ) ;
#2297 = CARTESIAN_POINT ( 'NONE',  ( -0.4949999999999999956, -31.28604151461000171, -0.2550000000000000044 ) ) ;
#2298 = CARTESIAN_POINT ( 'NONE',  ( 0.6350000000000000089, -23.77649999999999864, 15.74000000000000021 ) ) ;
#2299 = VECTOR ( 'NONE', #10074, 1000.000000000000000 ) ;
#2300 = FACE_OUTER_BOUND ( 'NONE', #2431, .T. ) ;
#2301 = VECTOR ( 'NONE', #160, 1000.000000000000000 ) ;
#2302 = VECTOR ( 'NONE', #1191, 1000.000000000000000 ) ;
#2303 = LINE ( 'NONE', #6473, #216 ) ;
#2304 = DIRECTION ( 'NONE',  ( 1.000000000000000000, 0.000000000000000000, 0.000000000000000000 ) ) ;
#2305 = ORIENTED_EDGE ( 'NONE', *, *, #11552, .F. ) ;
#2306 = CARTESIAN_POINT ( 'NONE',  ( -4.714999999999999858, -13.31649999999999956, 4.650000000000000355 ) ) ;
#2307 = VECTOR ( 'NONE', #13464, 1000.000000000000000 ) ;
#2308 = VECTOR ( 'NONE', #6931, 1000.000000000000000 ) ;
#2309 = EDGE_CURVE ( 'NONE', #266, #3990, #6233, .T. ) ;
#2310 = AXIS2_PLACEMENT_3D ( 'NONE', #10327, #7283, #809 ) ;
#2311 = VERTEX_POINT ( 'NONE', #686 ) ;
#2312 = DIRECTION ( 'NONE',  ( 1.000000000000000000, 0.000000000000000000, -0.000000000000000000 ) ) ;
#2313 = ADVANCED_FACE ( 'NONE', ( #4928 ), #3106, .T. ) ;
#2314 = ORIENTED_EDGE ( 'NONE', *, *, #12941, .F. ) ;
#2315 = DIRECTION ( 'NONE',  ( -1.000000000000000000, -0.000000000000000000, -0.000000000000000000 ) ) ;
#2316 = ORIENTED_EDGE ( 'NONE', *, *, #4878, .T. ) ;
#2317 = EDGE_CURVE ( 'NONE', #5271, #8172, #10461, .T. ) ;
#2319 = ORIENTED_EDGE ( 'NONE', *, *, #11660, .T. ) ;
#2318 = DIRECTION ( 'NONE',  ( 0.000000000000000000, 0.000000000000000000, 1.000000000000000000 ) ) ;
#2320 = VECTOR ( 'NONE', #9201, 1000.000000000000000 ) ;
#2321 = CARTESIAN_POINT ( 'NONE',  ( 16.80000000000000071, 0.000000000000000000, -4.900000000000001243 ) ) ;
#2322 = EDGE_CURVE ( 'NONE', #8374, #12435, #10521, .T. ) ;
#2323 = DIRECTION ( 'NONE',  ( 1.000000000000000000, -0.000000000000000000, 0.000000000000000000 ) ) ;
#2324 = CYLINDRICAL_SURFACE ( 'NONE', #7439, 6.500000000000000888 ) ;
#2325 = DIRECTION ( 'NONE',  ( -0.000000000000000000, -1.000000000000000000, -0.000000000000000000 ) ) ;
#2326 = CARTESIAN_POINT ( 'NONE',  ( -4.714999999999999858, -17.94999999999999929, 7.189999999999999503 ) ) ;
#2327 = LINE ( 'NONE', #1351, #5515 ) ;
#2328 = STYLED_ITEM ( 'NONE', ( #12616 ), #8479 ) ;
#2329 = CARTESIAN_POINT ( 'NONE',  ( 8.269999999999999574, -21.18649999999999878, 4.650000000000000355 ) ) ;
#2330 = CIRCLE ( 'NONE', #3656, 6.500000000000000888 ) ;
#2331 = VERTEX_POINT ( 'NONE', #23 ) ;
#2332 = ORIENTED_EDGE ( 'NONE', *, *, #7381, .T. ) ;
#2333 = AXIS2_PLACEMENT_3D ( 'NONE', #12007, #11794, #12985 ) ;
#2334 = PLANE ( 'NONE',  #3611 ) ;
#2335 = VERTEX_POINT ( 'NONE', #4271 ) ;
#2336 = AXIS2_PLACEMENT_3D ( 'NONE', #729, #9407, #10390 ) ;
#2337 = ORIENTED_EDGE ( 'NONE', *, *, #9240, .F. ) ;
#2338 = CARTESIAN_POINT ( 'NONE',  ( -1.395000000000000018, -22.96649999999999991, 0.000000000000000000 ) ) ;
#2339 = CARTESIAN_POINT ( 'NONE',  ( 7.000000000000000000, -17.37650000000000006, 3.840000000000000302 ) ) ;
#2340 = CARTESIAN_POINT ( 'NONE',  ( -9.414999999999999147, -22.58650000000000091, 4.649999999999999467 ) ) ;
#2341 = ORIENTED_EDGE ( 'NONE', *, *, #8002, .T. ) ;
#2342 = PLANE ( 'NONE',  #13447 ) ;
#2343 = ORIENTED_EDGE ( 'NONE', *, *, #3469, .F. ) ;
#2344 = VERTEX_POINT ( 'NONE', #11587 ) ;
#2345 = ORIENTED_EDGE ( 'NONE', *, *, #5629, .T. ) ;
#2346 = CARTESIAN_POINT ( 'NONE',  ( 4.584999999999999964, -17.94999999999999929, 4.500000000000000888 ) ) ;
#2347 = VERTEX_POINT ( 'NONE', #2055 ) ;
#2348 = PLANE ( 'NONE',  #4284 ) ;
#2349 = CARTESIAN_POINT ( 'NONE',  ( -8.394999999999999574, -17.37650000000000006, 15.50000000000000000 ) ) ;
#2350 = DIRECTION ( 'NONE',  ( 0.000000000000000000, -0.000000000000000000, 1.000000000000000000 ) ) ;
#2351 = LINE ( 'NONE', #3325, #8259 ) ;
#2352 = ADVANCED_FACE ( 'NONE', ( #8513 ), #6299, .T. ) ;
#2353 = ORIENTED_EDGE ( 'NONE', *, *, #9937, .T. ) ;
#2354 = CARTESIAN_POINT ( 'NONE',  ( 5.605000000000000426, -22.96649999999999991, 19.46000000000000085 ) ) ;
#2355 = CARTESIAN_POINT ( 'NONE',  ( 3.850000000000000089, -22.58650000000000091, 4.650000000000000355 ) ) ;
#2356 = DIRECTION ( 'NONE',  ( 1.000000000000000000, 0.000000000000000000, 0.000000000000000000 ) ) ;
#2357 = ORIENTED_EDGE ( 'NONE', *, *, #11104, .F. ) ;
#2358 = DIRECTION ( 'NONE',  ( -1.000000000000000000, -0.000000000000000000, -0.000000000000000000 ) ) ;
#2359 = SURFACE_STYLE_USAGE ( .BOTH. , #11951 ) ;
#2360 = EDGE_CURVE ( 'NONE', #3795, #9486, #2390, .T. ) ;
#2361 = ORIENTED_EDGE ( 'NONE', *, *, #1499, .F. ) ;
#2362 = VECTOR ( 'NONE', #9692, 1000.000000000000000 ) ;
#2363 = EDGE_CURVE ( 'NONE', #1376, #7017, #13041, .T. ) ;
#2364 = DIRECTION ( 'NONE',  ( 0.000000000000000000, 0.000000000000000000, -1.000000000000000000 ) ) ;
#2365 = VERTEX_POINT ( 'NONE', #9816 ) ;
#2366 = ORIENTED_EDGE ( 'NONE', *, *, #4540, .T. ) ;
#2367 = DIRECTION ( 'NONE',  ( 0.000000000000000000, -1.000000000000000000, -0.000000000000000000 ) ) ;
#2368 = FACE_OUTER_BOUND ( 'NONE', #512, .T. ) ;
#2370 = VECTOR ( 'NONE', #11840, 1000.000000000000000 ) ;
#2369 = CARTESIAN_POINT ( 'NONE',  ( -9.414999999999999147, -22.96649999999999991, 4.650000000000000355 ) ) ;
#2371 = CARTESIAN_POINT ( 'NONE',  ( 8.394999999999999574, -22.66649999999999920, 4.950000000000000178 ) ) ;
#2372 = DIRECTION ( 'NONE',  ( 1.000000000000000000, 0.000000000000000000, 0.000000000000000000 ) ) ;
#2373 = DIRECTION ( 'NONE',  ( -1.000000000000000000, -0.000000000000000000, 0.000000000000000000 ) ) ;
#2374 = DIRECTION ( 'NONE',  ( -1.000000000000000000, -0.000000000000000000, -0.000000000000000000 ) ) ;
#2375 = VERTEX_POINT ( 'NONE', #10800 ) ;
#2376 = LINE ( 'NONE', #6619, #1073 ) ;
#2377 = ADVANCED_FACE ( 'NONE', ( #12969, #1496 ), #231, .F. ) ;
#2378 = ORIENTED_EDGE ( 'NONE', *, *, #3302, .T. ) ;
#2379 = ORIENTED_EDGE ( 'NONE', *, *, #618, .T. ) ;
#2380 = DIRECTION ( 'NONE',  ( -0.000000000000000000, 0.000000000000000000, -1.000000000000000000 ) ) ;
#2382 = ORIENTED_EDGE ( 'NONE', *, *, #10863, .T. ) ;
#2381 = CARTESIAN_POINT ( 'NONE',  ( -12.20500000000000007, -22.96649999999999991, -1.879999999999999893 ) ) ;
#2383 = CARTESIAN_POINT ( 'NONE',  ( 8.269999999999999574, -21.18649999999999878, 3.840000000000000302 ) ) ;
#2384 = PLANE ( 'NONE',  #7008 ) ;
#2385 = CARTESIAN_POINT ( 'NONE',  ( 0.000000000000000000, -22.96649999999999991, 4.650000000000000355 ) ) ;
#2386 = FACE_BOUND ( 'NONE', #11708, .T. ) ;
#2387 = FACE_OUTER_BOUND ( 'NONE', #816, .T. ) ;
#2388 = DIRECTION ( 'NONE',  ( -0.000000000000000000, 0.000000000000000000, -1.000000000000000000 ) ) ;
#2389 = EDGE_CURVE ( 'NONE', #1971, #11229, #303, .T. ) ;
#2390 = LINE ( 'NONE', #10870, #2301 ) ;
#2391 = ADVANCED_FACE ( 'NONE', ( #7887 ), #5454, .T. ) ;
#2392 = ORIENTED_EDGE ( 'NONE', *, *, #5365, .T. ) ;
#2393 = ORIENTED_EDGE ( 'NONE', *, *, #8218, .T. ) ;
#2394 = ORIENTED_EDGE ( 'NONE', *, *, #9872, .T. ) ;
#2395 = EDGE_LOOP ( 'NONE', ( #6798, #661, #8862, #475 ) ) ;
#2396 = LINE ( 'NONE', #7491, #9905 ) ;
#2397 = DIRECTION ( 'NONE',  ( 0.000000000000000000, -0.000000000000000000, 1.000000000000000000 ) ) ;
#2398 = CARTESIAN_POINT ( 'NONE',  ( -1.274999999999999911, -19.40650000000000119, -4.519999999999999574 ) ) ;
#2399 = VERTEX_POINT ( 'NONE', #4544 ) ;
#2400 =( LENGTH_UNIT ( ) NAMED_UNIT ( * ) SI_UNIT ( .MILLI., .METRE. ) );
#2401 = ADVANCED_FACE ( 'NONE', ( #3498 ), #5514, .T. ) ;
#2402 = LINE ( 'NONE', #9630, #7665 ) ;
#2403 = ORIENTED_EDGE ( 'NONE', *, *, #1770, .T. ) ;
#2404 = EDGE_LOOP ( 'NONE', ( #3764, #704, #8498, #1144, #3644, #7078, #9014, #3043 ) ) ;
#2405 = MECHANICAL_DESIGN_GEOMETRIC_PRESENTATION_REPRESENTATION (  '', ( #10173 ), #9716 ) ;
#2406 = ORIENTED_EDGE ( 'NONE', *, *, #3755, .F. ) ;
#2407 = CARTESIAN_POINT ( 'NONE',  ( 0.000000000000000000, -2.337200000000000166, 0.5000000000000000000 ) ) ;
#2408 = ORIENTED_EDGE ( 'NONE', *, *, #12158, .T. ) ;
#2409 = EDGE_CURVE ( 'NONE', #2541, #4788, #6490, .T. ) ;
#2410 = VECTOR ( 'NONE', #1759, 1000.000000000000000 ) ;
#2411 = LINE ( 'NONE', #5474, #10274 ) ;
#2412 = LINE ( 'NONE', #7564, #9259 ) ;
#2413 = CARTESIAN_POINT ( 'NONE',  ( 1.270000000000000018, -15.34650000000000070, -4.320000000000000284 ) ) ;
#2414 = CARTESIAN_POINT ( 'NONE',  ( 10.15000000000000036, -22.58650000000000091, 4.650000000000000355 ) ) ;
#2415 = VECTOR ( 'NONE', #6834, 1000.000000000000000 ) ;
#2416 = VERTEX_POINT ( 'NONE', #4614 ) ;
#2417 = EDGE_LOOP ( 'NONE', ( #10920, #3988, #5298, #12113 ) ) ;
#2418 = VECTOR ( 'NONE', #7776, 1000.000000000000000 ) ;
#2419 = AXIS2_PLACEMENT_3D ( 'NONE', #8011, #7941, #2662 ) ;
#2420 = DIRECTION ( 'NONE',  ( 1.000000000000000000, 0.000000000000000000, -0.000000000000000000 ) ) ;
#2421 = AXIS2_PLACEMENT_3D ( 'NONE', #11405, #9365, #12390 ) ;
#2422 = DIRECTION ( 'NONE',  ( -1.000000000000000000, 0.000000000000000000, -0.000000000000000000 ) ) ;
#2423 = ORIENTED_EDGE ( 'NONE', *, *, #10513, .T. ) ;
#2424 = SURFACE_SIDE_STYLE ('',( #10066 ) ) ;
#2425 = EDGE_LOOP ( 'NONE', ( #5717, #11216, #141, #12149 ) ) ;
#2426 = VECTOR ( 'NONE', #7853, 1000.000000000000000 ) ;
#2427 = VECTOR ( 'NONE', #387, 1000.000000000000000 ) ;
#2428 = VECTOR ( 'NONE', #3935, 1000.000000000000000 ) ;
#2429 = LINE ( 'NONE', #10905, #5400 ) ;
#2430 = ORIENTED_EDGE ( 'NONE', *, *, #1472, .F. ) ;
#2431 = EDGE_LOOP ( 'NONE', ( #9756, #4104, #12367, #3230 ) ) ;
#2432 = EDGE_CURVE ( 'NONE', #11695, #1724, #9685, .T. ) ;
#2433 = CYLINDRICAL_SURFACE ( 'NONE', #2089, 1.300000000000000266 ) ;
#2434 = DIRECTION ( 'NONE',  ( 0.000000000000000000, 0.000000000000000000, 1.000000000000000000 ) ) ;
#2435 = DIRECTION ( 'NONE',  ( -0.000000000000000000, -1.000000000000000000, -0.000000000000000000 ) ) ;
#2436 = LINE ( 'NONE', #10912, #3517 ) ;
#2437 = VERTEX_POINT ( 'NONE', #4400 ) ;
#2438 = AXIS2_PLACEMENT_3D ( 'NONE', #8841, #5729, #2603 ) ;
#2439 = DIRECTION ( 'NONE',  ( -0.000000000000000000, -0.000000000000000000, -1.000000000000000000 ) ) ;
#2440 = LINE ( 'NONE', #4736, #4435 ) ;
#2441 = LINE ( 'NONE', #6474, #11850 ) ;
#2442 = ORIENTED_EDGE ( 'NONE', *, *, #12546, .F. ) ;
#2443 = ADVANCED_FACE ( 'NONE', ( #8709 ), #12062, .T. ) ;
#2444 = DIRECTION ( 'NONE',  ( 0.000000000000000000, 0.000000000000000000, 1.000000000000000000 ) ) ;
#2445 = VECTOR ( 'NONE', #9309, 1000.000000000000000 ) ;
#2446 = ORIENTED_EDGE ( 'NONE', *, *, #2232, .T. ) ;
#2447 = DIRECTION ( 'NONE',  ( 1.000000000000000000, 0.000000000000000000, -0.000000000000000000 ) ) ;
#2448 = EDGE_CURVE ( 'NONE', #151, #6648, #11849, .T. ) ;
#2449 = CARTESIAN_POINT ( 'NONE',  ( -1.395000000000000018, -22.76650000000000063, -3.310000000000000053 ) ) ;
#2451 = VERTEX_POINT ( 'NONE', #4465 ) ;
#2450 = LINE ( 'NONE', #10925, #1601 ) ;
#2452 = SURFACE_SIDE_STYLE ('',( #4608 ) ) ;
#2453 = EDGE_CURVE ( 'NONE', #8502, #1920, #13600, .T. ) ;
#2454 = CARTESIAN_POINT ( 'NONE',  ( -8.275000000000000355, -17.35153820345999875, 4.850000000000000533 ) ) ;
#2455 = DIRECTION ( 'NONE',  ( 0.000000000000000000, -0.000000000000000000, 1.000000000000000000 ) ) ;
#2456 = LINE ( 'NONE', #5452, #9975 ) ;
#2457 = CARTESIAN_POINT ( 'NONE',  ( 8.474999999999999645, -15.34650000000000070, 3.640000000000000124 ) ) ;
#2458 = EDGE_CURVE ( 'NONE', #8121, #4847, #376, .T. ) ;
#2459 = CARTESIAN_POINT ( 'NONE',  ( 1.274999999999999911, -13.31649999999999956, -3.310000000000000053 ) ) ;
#2460 = EDGE_LOOP ( 'NONE', ( #12216, #4171, #9953, #12608, #2271, #4073, #2469, #4804, #12160, #11, #12947, #7922 ) ) ;
#2461 = ORIENTED_EDGE ( 'NONE', *, *, #12830, .T. ) ;
#2462 = VERTEX_POINT ( 'NONE', #6570 ) ;
#2463 = DIRECTION ( 'NONE',  ( 0.000000000000000000, 0.000000000000000000, 1.000000000000000000 ) ) ;
#2464 = ORIENTED_EDGE ( 'NONE', *, *, #4562, .F. ) ;
#2465 = LINE ( 'NONE', #6712, #11700 ) ;
#2466 = LINE ( 'NONE', #2613, #9374 ) ;
#2467 = EDGE_CURVE ( 'NONE', #9510, #11997, #10729, .T. ) ;
#2468 = CARTESIAN_POINT ( 'NONE',  ( -2.285000000000000142, -13.31649999999999956, -3.299999999999999822 ) ) ;
#2469 = ORIENTED_EDGE ( 'NONE', *, *, #6741, .T. ) ;
#2470 =( NAMED_UNIT ( * ) PLANE_ANGLE_UNIT ( ) SI_UNIT ( $, .RADIAN. ) );
#2471 = DIRECTION ( 'NONE',  ( -0.000000000000000000, 1.000000000000000000, 0.000000000000000000 ) ) ;
#2472 = EDGE_LOOP ( 'NONE', ( #10698, #2557, #2805, #6486 ) ) ;
#2473 = ORIENTED_EDGE ( 'NONE', *, *, #2636, .F. ) ;
#2474 = EDGE_CURVE ( 'NONE', #13244, #3227, #3434, .T. ) ;
#2475 = VECTOR ( 'NONE', #11912, 1000.000000000000000 ) ;
#2476 = ORIENTED_EDGE ( 'NONE', *, *, #4106, .T. ) ;
#2477 = DIRECTION ( 'NONE',  ( -0.000000000000000000, -0.000000000000000000, -1.000000000000000000 ) ) ;
#2478 = AXIS2_PLACEMENT_3D ( 'NONE', #6523, #8670, #10689 ) ;
#2479 = ORIENTED_EDGE ( 'NONE', *, *, #3259, .T. ) ;
#2480 = PLANE ( 'NONE',  #738 ) ;
#2481 = CARTESIAN_POINT ( 'NONE',  ( 14.55875721063805095, -2.399999999999999467, -6.831242789364050161 ) ) ;
#2482 = DIRECTION ( 'NONE',  ( 0.000000000000000000, 0.000000000000000000, 1.000000000000000000 ) ) ;
#2483 = DIRECTION ( 'NONE',  ( 0.000000000000000000, -0.000000000000000000, 1.000000000000000000 ) ) ;
#2484 = ORIENTED_EDGE ( 'NONE', *, *, #3921, .F. ) ;
#2485 = EDGE_LOOP ( 'NONE', ( #2060, #5445, #13166, #944 ) ) ;
#2486 = EDGE_CURVE ( 'NONE', #80, #2344, #11921, .T. ) ;
#2487 = CARTESIAN_POINT ( 'NONE',  ( -2.415000000000000036, -20.17650000000000077, -12.90000000000000036 ) ) ;
#2488 = DIRECTION ( 'NONE',  ( 1.000000000000000000, -0.000000000000000000, 0.000000000000000000 ) ) ;
#2489 = CARTESIAN_POINT ( 'NONE',  ( -5.699999999999981526, -3.556499999999997996, -0.1000000000000004080 ) ) ;
#2490 = ORIENTED_EDGE ( 'NONE', *, *, #9667, .F. ) ;
#2491 = CARTESIAN_POINT ( 'NONE',  ( 1.270000000000000018, -15.34650000000000070, -4.320000000000000284 ) ) ;
#2492 = CARTESIAN_POINT ( 'NONE',  ( -8.474999999999999645, -19.40650000000000119, 4.850000000000000533 ) ) ;
#2493 = ORIENTED_EDGE ( 'NONE', *, *, #11590, .T. ) ;
#2494 = VECTOR ( 'NONE', #12627, 1000.000000000000000 ) ;
#2495 = DIRECTION ( 'NONE',  ( 0.000000000000000000, 0.000000000000000000, -1.000000000000000000 ) ) ;
#2496 = ORIENTED_EDGE ( 'NONE', *, *, #4525, .T. ) ;
#2497 = VERTEX_POINT ( 'NONE', #3847 ) ;
#2498 = FACE_OUTER_BOUND ( 'NONE', #10198, .T. ) ;
#2499 = DIRECTION ( 'NONE',  ( 1.000000000000000000, 0.000000000000000000, 0.000000000000000000 ) ) ;
#2500 = DIRECTION ( 'NONE',  ( -1.000000000000000000, -0.000000000000000000, -0.000000000000000000 ) ) ;
#2501 = VECTOR ( 'NONE', #10838, 1000.000000000000000 ) ;
#2502 = CARTESIAN_POINT ( 'NONE',  ( -8.474999999999999645, -19.40650000000000119, 4.650000000000000355 ) ) ;
#2503 = ORIENTED_EDGE ( 'NONE', *, *, #2363, .F. ) ;
#2504 = VECTOR ( 'NONE', #6974, 1000.000000000000000 ) ;
#2505 = CARTESIAN_POINT ( 'NONE',  ( -9.414999999999999147, -2.337200000000000166, 4.649999999999999467 ) ) ;
#2506 = VECTOR ( 'NONE', #8460, 1000.000000000000000 ) ;
#2507 = PLANE ( 'NONE',  #10879 ) ;
#2508 = CARTESIAN_POINT ( 'NONE',  ( 24.89999999999999858, 0.000000000000000000, 15.80886698680999913 ) ) ;
#2509 = EDGE_LOOP ( 'NONE', ( #1840, #8326, #1864, #11736 ) ) ;
#2510 = CARTESIAN_POINT ( 'NONE',  ( 1.475000000000000089, -15.34650000000000070, -3.310000000018499922 ) ) ;
#2511 = EDGE_CURVE ( 'NONE', #6462, #10160, #3920, .T. ) ;
#2512 = ORIENTED_EDGE ( 'NONE', *, *, #7623, .F. ) ;
#2513 = VECTOR ( 'NONE', #9721, 1000.000000000000000 ) ;
#2514 =( LENGTH_UNIT ( ) NAMED_UNIT ( * ) SI_UNIT ( .MILLI., .METRE. ) );
#2515 = VECTOR ( 'NONE', #3853, 1000.000000000000000 ) ;
#2516 = CARTESIAN_POINT ( 'NONE',  ( -4.584999999999999964, -21.18649999999999878, 4.650000000000000355 ) ) ;
#2517 = DIRECTION ( 'NONE',  ( 0.000000000000000000, 1.000000000000000000, 0.000000000000000000 ) ) ;
#2518 = VECTOR ( 'NONE', #10858, 1000.000000000000000 ) ;
#2520 = VERTEX_POINT ( 'NONE', #9059 ) ;
#2519 = CARTESIAN_POINT ( 'NONE',  ( -1.274999999999999911, -19.44971900955000166, -4.320000000000000284 ) ) ;
#2521 = LINE ( 'NONE', #1489, #12601 ) ;
#2522 = CARTESIAN_POINT ( 'NONE',  ( -0.5100000000000000089, -3.313815743959999782, -4.320000000000000284 ) ) ;
#2523 = CARTESIAN_POINT ( 'NONE',  ( -9.414999999999999147, -2.337200000000000166, -0.5000000000000000000 ) ) ;
#2524 = EDGE_CURVE ( 'NONE', #4629, #4051, #5796, .T. ) ;
#2525 = DIRECTION ( 'NONE',  ( -1.000000000000000000, 0.000000000000000000, 0.000000000000000000 ) ) ;
#2526 = FACE_OUTER_BOUND ( 'NONE', #8851, .T. ) ;
#2527 = VECTOR ( 'NONE', #7410, 1000.000000000000000 ) ;
#2528 = LINE ( 'NONE', #1280, #7095 ) ;
#2529 = VECTOR ( 'NONE', #1373, 1000.000000000000000 ) ;
#2530 = AXIS2_PLACEMENT_3D ( 'NONE', #5285, #5154, #8421 ) ;
#2531 = CARTESIAN_POINT ( 'NONE',  ( -1.294999999999999929, -13.31649999999999956, -3.330000000000000071 ) ) ;
#2532 = VECTOR ( 'NONE', #11348, 1000.000000000000000 ) ;
#2533 = CIRCLE ( 'NONE', #5419, 0.1999999999999996503 ) ;
#2534 = EDGE_CURVE ( 'NONE', #3664, #893, #4763, .T. ) ;
#2535 = VECTOR ( 'NONE', #13154, 1000.000000000000000 ) ;
#2536 = EDGE_CURVE ( 'NONE', #6874, #1505, #8408, .T. ) ;
#2537 = VECTOR ( 'NONE', #10645, 1000.000000000000000 ) ;
#2538 = ORIENTED_EDGE ( 'NONE', *, *, #4485, .T. ) ;
#2539 = ORIENTED_EDGE ( 'NONE', *, *, #10137, .F. ) ;
#2540 = EDGE_CURVE ( 'NONE', #13478, #5269, #9269, .T. ) ;
#2541 = VERTEX_POINT ( 'NONE', #2885 ) ;
#2542 = AXIS2_PLACEMENT_3D ( 'NONE', #10338, #820, #9345 ) ;
#2543 = ORIENTED_EDGE ( 'NONE', *, *, #11660, .F. ) ;
#2544 = CARTESIAN_POINT ( 'NONE',  ( -5.931689797203000047, -2.286500000000000199, 4.500000000000000888 ) ) ;
#2545 = FILL_AREA_STYLE ('',( #4837 ) ) ;
#2546 = CIRCLE ( 'NONE', #10981, 1.750000000000000000 ) ;
#2547 = DIRECTION ( 'NONE',  ( -0.7071067811865475727, 0.000000000000000000, -0.7071067811865475727 ) ) ;
#2548 = ORIENTED_EDGE ( 'NONE', *, *, #13719, .T. ) ;
#2549 = DIRECTION ( 'NONE',  ( -0.000000000000000000, 0.000000000000000000, -1.000000000000000000 ) ) ;
#2550 =( NAMED_UNIT ( * ) SI_UNIT ( $, .STERADIAN. ) SOLID_ANGLE_UNIT ( ) );
#2551 = ORIENTED_EDGE ( 'NONE', *, *, #221, .F. ) ;
#2552 = STYLED_ITEM ( 'NONE', ( #7375 ), #6200 ) ;
#2553 = VERTEX_POINT ( 'NONE', #10236 ) ;
#2554 = COLOUR_RGB ( '',1.000000000000000000, 1.000000000000000000, 1.000000000000000000 ) ;
#2555 = VECTOR ( 'NONE', #12263, 1000.000000000000000 ) ;
#2556 = EDGE_CURVE ( 'NONE', #6240, #7018, #13449, .T. ) ;
#2557 = ORIENTED_EDGE ( 'NONE', *, *, #1013, .T. ) ;
#2558 = DIRECTION ( 'NONE',  ( 0.000000000000000000, 1.000000000000000000, -0.000000000000000000 ) ) ;
#2559 = EDGE_LOOP ( 'NONE', ( #11926, #12032, #12867, #5587 ) ) ;
#2560 = CARTESIAN_POINT ( 'NONE',  ( 7.919999999999999929, -15.22000000000000064, 4.325000000000000178 ) ) ;
#2561 = DIRECTION ( 'NONE',  ( 1.000000000000000000, 0.000000000000000000, 0.000000000000000000 ) ) ;
#2562 = DIRECTION ( 'NONE',  ( 0.000000000000000000, 0.000000000000000000, -1.000000000000000000 ) ) ;
#2563 = CARTESIAN_POINT ( 'NONE',  ( 13.50000000000000000, 0.000000000000000000, 15.80886698680999913 ) ) ;
#2564 = ORIENTED_EDGE ( 'NONE', *, *, #1261, .F. ) ;
#2565 = VERTEX_POINT ( 'NONE', #1838 ) ;
#2566 = LINE ( 'NONE', #259, #4098 ) ;
#2567 = VECTOR ( 'NONE', #2764, 1000.000000000000000 ) ;
#2568 = PLANE ( 'NONE',  #3220 ) ;
#2569 = ORIENTED_EDGE ( 'NONE', *, *, #5197, .F. ) ;
#2570 =( GEOMETRIC_REPRESENTATION_CONTEXT ( 3 ) GLOBAL_UNCERTAINTY_ASSIGNED_CONTEXT ( ( #10267 ) ) GLOBAL_UNIT_ASSIGNED_CONTEXT ( ( #12344, #10233, #11354 ) ) REPRESENTATION_CONTEXT ( 'NONE', 'WORKASPACE' ) );
#2571 = CARTESIAN_POINT ( 'NONE',  ( 5.730000000000000426, -19.40650000000000119, 3.840000000000000302 ) ) ;
#2572 = EDGE_CURVE ( 'NONE', #7049, #8787, #2819, .T. ) ;
#2573 = CARTESIAN_POINT ( 'NONE',  ( 5.724999999999999645, -17.37650000000000006, 4.650000000000000355 ) ) ;
#2574 = EDGE_LOOP ( 'NONE', ( #360, #10082, #1172, #1779, #8333 ) ) ;
#2575 = EDGE_CURVE ( 'NONE', #5951, #12209, #6075, .T. ) ;
#2576 = EDGE_CURVE ( 'NONE', #4993, #11302, #7952, .T. ) ;
#2577 = PLANE ( 'NONE',  #12528 ) ;
#2578 = VERTEX_POINT ( 'NONE', #10025 ) ;
#2579 = CYLINDRICAL_SURFACE ( 'NONE', #9085, 8.000000000000000000 ) ;
#2580 = DIRECTION ( 'NONE',  ( 1.000000000000000000, 0.000000000000000000, -0.000000000000000000 ) ) ;
#2581 = CARTESIAN_POINT ( 'NONE',  ( -1.294999999999999929, -13.31649999999999956, -4.320000000000000284 ) ) ;
#2582 = CARTESIAN_POINT ( 'NONE',  ( -6.522485578728000277, -2.399999999999999467, -12.90000000000000036 ) ) ;
#2583 = VERTEX_POINT ( 'NONE', #6848 ) ;
#2584 = VECTOR ( 'NONE', #5048, 1000.000000000000000 ) ;
#2585 = CARTESIAN_POINT ( 'NONE',  ( -0.4949999999999999956, -33.95649999999999835, 1.145000000000000018 ) ) ;
#2586 = CARTESIAN_POINT ( 'NONE',  ( 9.414999999999999147, -2.337200000000000166, -0.5000000000000000000 ) ) ;
#2587 = EDGE_CURVE ( 'NONE', #9241, #4173, #13304, .T. ) ;
#2588 = FACE_OUTER_BOUND ( 'NONE', #6892, .T. ) ;
#2589 = ORIENTED_EDGE ( 'NONE', *, *, #6963, .T. ) ;
#2590 = DIRECTION ( 'NONE',  ( 0.000000000000000000, 0.000000000000000000, -1.000000000000000000 ) ) ;
#2591 = ORIENTED_EDGE ( 'NONE', *, *, #6052, .F. ) ;
#2592 = VECTOR ( 'NONE', #12889, 1000.000000000000000 ) ;
#2593 = DIRECTION ( 'NONE',  ( 1.000000000000000000, 0.000000000000000000, 0.000000000000000000 ) ) ;
#2594 = CARTESIAN_POINT ( 'NONE',  ( -0.4949999999999999956, -32.60964151460999716, 0.5831999999999998296 ) ) ;
#2595 = DIRECTION ( 'NONE',  ( -1.000000000000000000, 0.000000000000000000, -0.000000000000000000 ) ) ;
#2596 = CARTESIAN_POINT ( 'NONE',  ( 0.6350000000000000089, -23.77649999999999864, 19.69999999999999929 ) ) ;
#2598 = ORIENTED_EDGE ( 'NONE', *, *, #2606, .T. ) ;
#2597 = PLANE ( 'NONE',  #9800 ) ;
#2599 = CARTESIAN_POINT ( 'NONE',  ( -1.274999999999999911, -17.37650000000000006, -4.320000000000000284 ) ) ;
#2600 = CARTESIAN_POINT ( 'NONE',  ( 2.285000000000000142, -17.37650000000000006, -6.860000000000000320 ) ) ;
#2601 = FACE_OUTER_BOUND ( 'NONE', #7063, .T. ) ;
#2602 = CYLINDRICAL_SURFACE ( 'NONE', #2094, 3.000000000000000000 ) ;
#2603 = DIRECTION ( 'NONE',  ( 0.000000000000000000, 0.000000000000000000, 1.000000000000000000 ) ) ;
#2604 = DIRECTION ( 'NONE',  ( -1.000000000000000000, 0.000000000000000000, -0.000000000000000000 ) ) ;
#2605 = CARTESIAN_POINT ( 'NONE',  ( 13.50000000000000000, 0.000000000000000000, 14.30000000000000071 ) ) ;
#2606 = EDGE_CURVE ( 'NONE', #13026, #777, #5038, .T. ) ;
#2607 = CARTESIAN_POINT ( 'NONE',  ( -1.320799999999999974, 3.589199999999999946, -4.500000000000000888 ) ) ;
#2608 = ORIENTED_EDGE ( 'NONE', *, *, #10350, .F. ) ;
#2609 = VERTEX_POINT ( 'NONE', #10168 ) ;
#2610 = ORIENTED_EDGE ( 'NONE', *, *, #3470, .T. ) ;
#2611 = ORIENTED_EDGE ( 'NONE', *, *, #7595, .F. ) ;
#2612 = CARTESIAN_POINT ( 'NONE',  ( 1.394999999999999796, -23.77649999999999508, 15.74000000000000021 ) ) ;
#2613 = CARTESIAN_POINT ( 'NONE',  ( 20.30000000000000071, 0.000000000000000000, -6.500000000000000888 ) ) ;
#2614 = EDGE_CURVE ( 'NONE', #4653, #2903, #11225, .T. ) ;
#2615 = CARTESIAN_POINT ( 'NONE',  ( 0.005000000000000006176, -22.96649999999999991, -1.654999999999998472 ) ) ;
#2616 = EDGE_LOOP ( 'NONE', ( #11621, #13188, #4195, #2736 ) ) ;
#2617 = CARTESIAN_POINT ( 'NONE',  ( 22.15638586528239529, -2.399999999999999911, -4.400000000000000355 ) ) ;
#2618 = LINE ( 'NONE', #6860, #12877 ) ;
#2619 = ORIENTED_EDGE ( 'NONE', *, *, #12823, .T. ) ;
#2620 = ORIENTED_EDGE ( 'NONE', *, *, #1296, .F. ) ;
#2621 = EDGE_CURVE ( 'NONE', #2044, #959, #9205, .T. ) ;
#2622 = EDGE_LOOP ( 'NONE', ( #6500, #392, #1060, #3801 ) ) ;
#2623 = CARTESIAN_POINT ( 'NONE',  ( 3.365000000000000213, -22.96649999999999991, -3.509999999999999787 ) ) ;
#2624 = ORIENTED_EDGE ( 'NONE', *, *, #10534, .F. ) ;
#2625 = PLANE ( 'NONE',  #11401 ) ;
#2626 = DIRECTION ( 'NONE',  ( -0.000000000000000000, -1.000000000000000000, 0.000000000000000000 ) ) ;
#2627 = DIRECTION ( 'NONE',  ( 0.7071067811865474617, 0.000000000000000000, 0.7071067811865474617 ) ) ;
#2628 = EDGE_CURVE ( 'NONE', #9486, #9137, #648, .T. ) ;
#2629 = CARTESIAN_POINT ( 'NONE',  ( 4.843171106557362826, -12.04650000000003551, 4.650000000000000355 ) ) ;
#2630 = ORIENTED_EDGE ( 'NONE', *, *, #232, .T. ) ;
#2631 = ORIENTED_EDGE ( 'NONE', *, *, #12352, .F. ) ;
#2632 = CARTESIAN_POINT ( 'NONE',  ( -1.395000000000000018, -23.77649999999999864, -4.320000000000000284 ) ) ;
#2633 = DIRECTION ( 'NONE',  ( -1.000000000000000000, 0.000000000000000000, 0.000000000000000000 ) ) ;
#2634 = DIRECTION ( 'NONE',  ( -1.000000000000000000, 0.000000000000000000, -0.000000000000000000 ) ) ;
#2635 = ORIENTED_EDGE ( 'NONE', *, *, #201, .T. ) ;
#2636 = EDGE_CURVE ( 'NONE', #4524, #5246, #9132, .T. ) ;
#2637 = LINE ( 'NONE', #9782, #4233 ) ;
#2638 = LINE ( 'NONE', #13339, #2418 ) ;
#2639 = EDGE_LOOP ( 'NONE', ( #6248, #2314, #11329, #5401 ) ) ;
#2640 = EDGE_CURVE ( 'NONE', #10030, #1938, #12414, .T. ) ;
#2641 = AXIS2_PLACEMENT_3D ( 'NONE', #5297, #6152, #6215 ) ;
#2642 = LINE ( 'NONE', #13215, #12968 ) ;
#2643 = EDGE_LOOP ( 'NONE', ( #3024, #9842, #12432, #8393 ) ) ;
#2644 = CARTESIAN_POINT ( 'NONE',  ( 8.269999999999999574, -15.34650000000000070, 4.650000000000000355 ) ) ;
#2645 = EDGE_CURVE ( 'NONE', #7578, #3315, #6004, .T. ) ;
#2646 = DIRECTION ( 'NONE',  ( 0.000000000000000000, 0.000000000000000000, 1.000000000000000000 ) ) ;
#2647 = DIRECTION ( 'NONE',  ( -0.000000000000000000, -1.000000000000000000, -0.000000000000000000 ) ) ;
#2648 = VECTOR ( 'NONE', #13474, 1000.000000000000000 ) ;
#2649 = CARTESIAN_POINT ( 'NONE',  ( 10.93500000000000050, -17.94999999999999929, 13.40000000000000036 ) ) ;
#2651 = ORIENTED_EDGE ( 'NONE', *, *, #6513, .T. ) ;
#2650 = EDGE_CURVE ( 'NONE', #624, #11317, #3712, .T. ) ;
#2652 = CARTESIAN_POINT ( 'NONE',  ( -8.474999999999999645, -13.31649999999999956, 4.650000000000000355 ) ) ;
#2653 = EDGE_CURVE ( 'NONE', #752, #13176, #2674, .T. ) ;
#2654 = CARTESIAN_POINT ( 'NONE',  ( -7.510000000000002451, -3.313815743960000670, -0.1000000000000007827 ) ) ;
#2655 = AXIS2_PLACEMENT_3D ( 'NONE', #5839, #10081, #483 ) ;
#2656 = DIRECTION ( 'NONE',  ( -1.000000000000000000, 0.000000000000000000, -0.000000000000000000 ) ) ;
#2657 = VERTEX_POINT ( 'NONE', #3023 ) ;
#2658 = LINE ( 'NONE', #8006, #4628 ) ;
#2659 = DIRECTION ( 'NONE',  ( 0.000000000000000000, -1.000000000000000000, -0.000000000000000000 ) ) ;
#2660 = EDGE_CURVE ( 'NONE', #5484, #2044, #10379, .T. ) ;
#2661 = EDGE_CURVE ( 'NONE', #2890, #9272, #858, .T. ) ;
#2662 = DIRECTION ( 'NONE',  ( -1.000000000000000000, 0.000000000000000000, 0.000000000000000000 ) ) ;
#2664 = VECTOR ( 'NONE', #8180, 1000.000000000000000 ) ;
#2663 = CARTESIAN_POINT ( 'NONE',  ( -1.294999999999999929, -19.40650000000000119, -3.509999999999999787 ) ) ;
#2666 = ORIENTED_EDGE ( 'NONE', *, *, #6470, .T. ) ;
#2665 = FACE_OUTER_BOUND ( 'NONE', #1602, .T. ) ;
#2667 = CARTESIAN_POINT ( 'NONE',  ( 20.00000000000000000, -8.699999999999999289, 15.80886698680999913 ) ) ;
#2668 = DIRECTION ( 'NONE',  ( 0.000000000000000000, -1.000000000000000000, 0.000000000000000000 ) ) ;
#2669 = DIRECTION ( 'NONE',  ( 0.000000000000000000, -0.000000000000000000, 1.000000000000000000 ) ) ;
#2670 = EDGE_CURVE ( 'NONE', #9065, #11115, #3082, .T. ) ;
#2671 = PLANE ( 'NONE',  #11195 ) ;
#2672 = CARTESIAN_POINT ( 'NONE',  ( -8.068310202797002617, -2.286500000000000199, 4.650000000000000355 ) ) ;
#2673 = CARTESIAN_POINT ( 'NONE',  ( -0.4949999999999999956, -22.96649999999999991, 1.145000000000000240 ) ) ;
#2674 = LINE ( 'NONE', #6911, #8196 ) ;
#2675 = VECTOR ( 'NONE', #3, 1000.000000000000227 ) ;
#2676 = ADVANCED_FACE ( 'NONE', ( #10442 ), #7272, .T. ) ;
#2677 = EDGE_CURVE ( 'NONE', #2311, #4423, #10584, .T. ) ;
#2678 = CARTESIAN_POINT ( 'NONE',  ( 7.510000000000003340, -3.313815743960002447, 4.500000000000000888 ) ) ;
#2679 = ADVANCED_FACE ( 'NONE', ( #5099 ), #3151, .T. ) ;
#2680 = ORIENTED_EDGE ( 'NONE', *, *, #4168, .T. ) ;
#2681 = ORIENTED_EDGE ( 'NONE', *, *, #8384, .T. ) ;
#2682 = ORIENTED_EDGE ( 'NONE', *, *, #7352, .T. ) ;
#2683 = EDGE_CURVE ( 'NONE', #5469, #6379, #13652, .T. ) ;
#2684 = VERTEX_POINT ( 'NONE', #13716 ) ;
#2685 = EDGE_CURVE ( 'NONE', #2331, #11907, #12622, .T. ) ;
#2686 = DIRECTION ( 'NONE',  ( 0.000000000000000000, 1.000000000000000000, 0.000000000000000000 ) ) ;
#2687 = VECTOR ( 'NONE', #2358, 1000.000000000000000 ) ;
#2688 = CARTESIAN_POINT ( 'NONE',  ( -7.635000000000000675, -22.96649999999999991, 3.840000000000000302 ) ) ;
#2689 = ORIENTED_EDGE ( 'NONE', *, *, #6468, .T. ) ;
#2690 = LINE ( 'NONE', #21, #3401 ) ;
#2691 = CARTESIAN_POINT ( 'NONE',  ( 3.064999999999999947, -20.17650000000000077, 13.40000000000000036 ) ) ;
#2692 = ORIENTED_EDGE ( 'NONE', *, *, #5398, .F. ) ;
#2693 = ORIENTED_EDGE ( 'NONE', *, *, #11482, .F. ) ;
#2694 = UNCERTAINTY_MEASURE_WITH_UNIT (LENGTH_MEASURE( 1.000000000000000082E-05 ), #8560, 'distance_accuracy_value', 'NONE');
#2695 = EDGE_LOOP ( 'NONE', ( #11812, #13734, #4134, #380 ) ) ;
#2696 = CARTESIAN_POINT ( 'NONE',  ( 4.584999999999999964, -22.96649999999999991, 0.000000000000000000 ) ) ;
#2697 = EDGE_LOOP ( 'NONE', ( #5046, #3854, #788, #8205 ) ) ;
#2698 = LINE ( 'NONE', #1727, #3186 ) ;
#2699 = DIRECTION ( 'NONE',  ( -1.000000000000000000, -0.000000000000000000, -0.000000000000000000 ) ) ;
#2700 = LINE ( 'NONE', #8047, #760 ) ;
#2701 = CARTESIAN_POINT ( 'NONE',  ( -24.89999999999999858, -2.399999999999999911, 13.40886698681000055 ) ) ;
#2702 = VERTEX_POINT ( 'NONE', #6410 ) ;
#2703 = ADVANCED_FACE ( 'NONE', ( #6279 ), #3083, .T. ) ;
#2704 = VERTEX_POINT ( 'NONE', #8492 ) ;
#2705 = DIRECTION ( 'NONE',  ( 0.000000000000000000, 0.000000000000000000, 1.000000000000000000 ) ) ;
#2706 = CARTESIAN_POINT ( 'NONE',  ( -1.320799999999999974, -2.337200000000000166, 0.5000000000000000000 ) ) ;
#2707 = DIRECTION ( 'NONE',  ( 0.000000000000000000, 0.000000000000000000, -1.000000000000000000 ) ) ;
#2708 = ORIENTED_EDGE ( 'NONE', *, *, #11516, .T. ) ;
#2709 = LINE ( 'NONE', #8880, #5975 ) ;
#2710 = ORIENTED_EDGE ( 'NONE', *, *, #3257, .T. ) ;
#2711 = ADVANCED_FACE ( 'NONE', ( #7201 ), #12556, .T. ) ;
#2712 = VECTOR ( 'NONE', #11042, 1000.000000000000000 ) ;
#2713 = EDGE_CURVE ( 'NONE', #8834, #12760, #1124, .T. ) ;
#2714 = CARTESIAN_POINT ( 'NONE',  ( 1.475000000000000089, -19.40650000000000119, -4.519999999999999574 ) ) ;
#2715 = ORIENTED_EDGE ( 'NONE', *, *, #3224, .F. ) ;
#2716 = LINE ( 'NONE', #11265, #4205 ) ;
#2717 = CARTESIAN_POINT ( 'NONE',  ( -8.474999999999974776, -13.31650000000000311, 3.629999999999999449 ) ) ;
#2718 = CARTESIAN_POINT ( 'NONE',  ( -16.80000000000000071, 0.000000000000000000, 4.899999999999999467 ) ) ;
#2719 = EDGE_CURVE ( 'NONE', #2583, #345, #12881, .T. ) ;
#2720 = CARTESIAN_POINT ( 'NONE',  ( 0.000000000000000000, -17.57000000000000384, -6.860000000000000320 ) ) ;
#2721 = VECTOR ( 'NONE', #2604, 1000.000000000000000 ) ;
#2722 = ORIENTED_EDGE ( 'NONE', *, *, #7574, .F. ) ;
#2723 = MECHANICAL_DESIGN_GEOMETRIC_PRESENTATION_REPRESENTATION (  '', ( #937 ), #2273 ) ;
#2724 = DIRECTION ( 'NONE',  ( -0.000000000000000000, 0.000000000000000000, -1.000000000000000000 ) ) ;
#2725 = CARTESIAN_POINT ( 'NONE',  ( 2.285000000000000142, -13.31649999999999956, -4.320000000000000284 ) ) ;
#2726 = CARTESIAN_POINT ( 'NONE',  ( -8.500000000000000000, -17.94999999999999929, 0.000000000000000000 ) ) ;
#2727 = ORIENTED_EDGE ( 'NONE', *, *, #7968, .F. ) ;
#2728 = CARTESIAN_POINT ( 'NONE',  ( 5.205000000000000071, -17.94999999999999929, -7.519999999999999574 ) ) ;
#2729 = AXIS2_PLACEMENT_3D ( 'NONE', #7786, #2500, #12035 ) ;
#2730 = ADVANCED_FACE ( 'NONE', ( #1267 ), #6689, .F. ) ;
#2731 = CYLINDRICAL_SURFACE ( 'NONE', #5977, 0.9900000000000004352 ) ;
#2732 = CARTESIAN_POINT ( 'NONE',  ( 8.359999999999999432, -15.22000000000000242, -2.307611844574999793 ) ) ;
#2733 = DIRECTION ( 'NONE',  ( 0.000000000000000000, -1.000000000000000000, -0.000000000000000000 ) ) ;
#2734 = CIRCLE ( 'NONE', #6282, 0.1999999999999996503 ) ;
#2736 = ORIENTED_EDGE ( 'NONE', *, *, #11468, .F. ) ;
#2735 = CARTESIAN_POINT ( 'NONE',  ( -12.20500000000000007, -22.96649999999999991, 7.519999999999999574 ) ) ;
#2737 = CARTESIAN_POINT ( 'NONE',  ( -18.25000000000000000, -8.699999999999999289, 15.80886698680999913 ) ) ;
#2738 = CARTESIAN_POINT ( 'NONE',  ( -8.859999999999999432, 3.200000000000000178, 10.96000000000000085 ) ) ;
#2739 = VECTOR ( 'NONE', #5750, 1000.000000000000000 ) ;
#2740 = PLANE ( 'NONE',  #1883 ) ;
#2741 = LINE ( 'NONE', #7808, #10196 ) ;
#2742 = CARTESIAN_POINT ( 'NONE',  ( -4.714999999999999858, -19.40650000000000119, 7.190000000000000391 ) ) ;
#2743 = EDGE_CURVE ( 'NONE', #11975, #12854, #1481, .T. ) ;
#2744 = EDGE_CURVE ( 'NONE', #13536, #11135, #10919, .T. ) ;
#2745 = PRESENTATION_LAYER_ASSIGNMENT (  '', '', ( #9382 ) ) ;
#2746 = EDGE_CURVE ( 'NONE', #2451, #8478, #1193, .T. ) ;
#2747 = AXIS2_PLACEMENT_3D ( 'NONE', #4604, #1486, #13488 ) ;
#2748 = DIRECTION ( 'NONE',  ( 0.000000000000000000, 1.000000000000000000, 0.000000000000000000 ) ) ;
#2749 = EDGE_CURVE ( 'NONE', #10759, #3916, #8768, .T. ) ;
#2750 = EDGE_CURVE ( 'NONE', #9531, #12533, #6863, .T. ) ;
#2751 = ORIENTED_EDGE ( 'NONE', *, *, #11033, .T. ) ;
#2752 = ORIENTED_EDGE ( 'NONE', *, *, #4047, .F. ) ;
#2753 = VERTEX_POINT ( 'NONE', #7525 ) ;
#2754 = ORIENTED_EDGE ( 'NONE', *, *, #6271, .F. ) ;
#2755 = VECTOR ( 'NONE', #10599, 1000.000000000000000 ) ;
#2756 = DIRECTION ( 'NONE',  ( 0.1004120643276970176, 0.9949459368917741298, -0.000000000000000000 ) ) ;
#2757 = DIRECTION ( 'NONE',  ( -1.000000000000000000, -0.000000000000000000, 0.000000000000000000 ) ) ;
#2758 = LINE ( 'NONE', #7819, #10300 ) ;
#2759 = EDGE_LOOP ( 'NONE', ( #8194, #9166, #11888, #5943, #4039 ) ) ;
#2760 = VECTOR ( 'NONE', #3818, 1000.000000000000000 ) ;
#2761 = LINE ( 'NONE', #3653, #74 ) ;
#2762 = VECTOR ( 'NONE', #477, 1000.000000000000000 ) ;
#2763 = VECTOR ( 'NONE', #133, 1000.000000000000000 ) ;
#2764 = DIRECTION ( 'NONE',  ( 1.000000000000000000, -0.000000000000000000, 0.000000000000000000 ) ) ;
#2765 = ORIENTED_EDGE ( 'NONE', *, *, #6430, .F. ) ;
#2766 = AXIS2_PLACEMENT_3D ( 'NONE', #8581, #12773, #7092 ) ;
#2767 = AXIS2_PLACEMENT_3D ( 'NONE', #3763, #13432, #2804 ) ;
#2768 = ORIENTED_EDGE ( 'NONE', *, *, #7643, .F. ) ;
#2769 = AXIS2_PLACEMENT_3D ( 'NONE', #1621, #4611, #12138 ) ;
#2770 = AXIS2_PLACEMENT_3D ( 'NONE', #11245, #13260, #4566 ) ;
#2771 = ORIENTED_EDGE ( 'NONE', *, *, #8069, .F. ) ;
#2772 = VECTOR ( 'NONE', #7605, 1000.000000000000000 ) ;
#2773 = FACE_OUTER_BOUND ( 'NONE', #2293, .T. ) ;
#2774 = ORIENTED_EDGE ( 'NONE', *, *, #3678, .F. ) ;
#2775 = VERTEX_POINT ( 'NONE', #9669 ) ;
#2776 = DIRECTION ( 'NONE',  ( -0.000000000000000000, 1.000000000000000000, -0.000000000000000000 ) ) ;
#2777 = DIRECTION ( 'NONE',  ( 0.000000000000000000, -1.000000000000000000, 0.000000000000000000 ) ) ;
#2778 = DIRECTION ( 'NONE',  ( 0.000000000000000000, -0.000000000000000000, -1.000000000000000000 ) ) ;
#2779 = DIRECTION ( 'NONE',  ( 1.000000000000000000, 0.000000000000000000, 0.000000000000000000 ) ) ;
#2780 = ORIENTED_EDGE ( 'NONE', *, *, #2640, .F. ) ;
#2781 = ORIENTED_EDGE ( 'NONE', *, *, #13587, .F. ) ;
#2782 = LINE ( 'NONE', #9093, #11004 ) ;
#2784 = AXIS2_PLACEMENT_3D ( 'NONE', #194, #9575, #5481 ) ;
#2783 = DIRECTION ( 'NONE',  ( -1.000000000000000000, -0.000000000000000000, -0.000000000000000000 ) ) ;
#2785 = DIRECTION ( 'NONE',  ( -1.000000000000000000, 0.000000000000000000, -0.000000000000000000 ) ) ;
#2786 = ORIENTED_EDGE ( 'NONE', *, *, #599, .T. ) ;
#2787 = LINE ( 'NONE', #6882, #2203 ) ;
#2788 = VECTOR ( 'NONE', #9265, 1000.000000000000000 ) ;
#2789 = ORIENTED_EDGE ( 'NONE', *, *, #10221, .T. ) ;
#2790 = VECTOR ( 'NONE', #1781, 1000.000000000000000 ) ;
#2791 = CARTESIAN_POINT ( 'NONE',  ( 9.285000000000000142, -13.31649999999999956, 3.660000000000000142 ) ) ;
#2792 = EDGE_CURVE ( 'NONE', #4084, #11106, #5715, .T. ) ;
#2793 = ORIENTED_EDGE ( 'NONE', *, *, #5409, .F. ) ;
#2794 = LINE ( 'NONE', #9934, #9514 ) ;
#2795 = CARTESIAN_POINT ( 'NONE',  ( -8.269999999999999574, -15.34650000000000070, 4.650000000000000355 ) ) ;
#2796 = VECTOR ( 'NONE', #5964, 1000.000000000000000 ) ;
#2797 = CARTESIAN_POINT ( 'NONE',  ( 20.30000000000000071, 0.000000000000000000, -6.500000000000000888 ) ) ;
#2798 = AXIS2_PLACEMENT_3D ( 'NONE', #9278, #808, #2960 ) ;
#2799 = PLANE ( 'NONE',  #1548 ) ;
#2800 = ORIENTED_EDGE ( 'NONE', *, *, #12400, .F. ) ;
#2801 = EDGE_CURVE ( 'NONE', #5606, #10652, #9505, .T. ) ;
#2802 = LINE ( 'NONE', #8412, #6549 ) ;
#2803 = DIRECTION ( 'NONE',  ( 0.000000000000000000, -1.000000000000000000, 0.000000000000000000 ) ) ;
#2804 = DIRECTION ( 'NONE',  ( 0.000000000000000000, -0.000000000000000000, 1.000000000000000000 ) ) ;
#2805 = ORIENTED_EDGE ( 'NONE', *, *, #10029, .F. ) ;
#2806 = DIRECTION ( 'NONE',  ( 0.000000000000000000, 0.000000000000000000, -1.000000000000000000 ) ) ;
#2807 = EDGE_CURVE ( 'NONE', #10134, #9280, #10709, .T. ) ;
#2808 = DIRECTION ( 'NONE',  ( 1.000000000000000000, -0.000000000000000000, 0.000000000000000000 ) ) ;
#2809 = LINE ( 'NONE', #7044, #7317 ) ;
#2810 = CARTESIAN_POINT ( 'NONE',  ( -3.365000000000000213, -22.96649999999999991, -4.650000000000000355 ) ) ;
#2811 = SURFACE_STYLE_USAGE ( .BOTH. , #1756 ) ;
#2813 = ORIENTED_EDGE ( 'NONE', *, *, #52, .F. ) ;
#2812 = CARTESIAN_POINT ( 'NONE',  ( 4.584999999999999964, -22.96649999999999991, 4.650000000000000355 ) ) ;
#2814 = CARTESIAN_POINT ( 'NONE',  ( 7.635000000000000675, -22.96649999999999991, 3.840000000000000302 ) ) ;
#2815 = DIRECTION ( 'NONE',  ( -0.7071067811855620278, 0.000000000000000000, 0.7071067811875330067 ) ) ;
#2816 = CARTESIAN_POINT ( 'NONE',  ( -1.475000000000000089, -13.31649999999999956, -3.310000000000000053 ) ) ;
#2817 = CARTESIAN_POINT ( 'NONE',  ( 1.270000000000000018, -15.34650000000000070, -3.509999999999999787 ) ) ;
#2818 = CARTESIAN_POINT ( 'NONE',  ( -3.064999999999999947, -17.94999999999999929, 7.519999999999999574 ) ) ;
#2819 = LINE ( 'NONE', #10314, #8839 ) ;
#2820 = VECTOR ( 'NONE', #11789, 1000.000000000000000 ) ;
#2821 = ORIENTED_EDGE ( 'NONE', *, *, #13194, .F. ) ;
#2822 = DIRECTION ( 'NONE',  ( -1.000000000000000000, -0.000000000000000000, 0.000000000000000000 ) ) ;
#2823 = ORIENTED_EDGE ( 'NONE', *, *, #8919, .F. ) ;
#2824 = ORIENTED_EDGE ( 'NONE', *, *, #199, .T. ) ;
#2825 = CARTESIAN_POINT ( 'NONE',  ( -8.800000000000000711, 0.000000000000000000, 12.90000000000000213 ) ) ;
#2826 = EDGE_LOOP ( 'NONE', ( #714, #10034, #9347, #12907, #7005, #4685, #13227, #2305 ) ) ;
#2827 = VERTEX_POINT ( 'NONE', #5436 ) ;
#2828 = LINE ( 'NONE', #11299, #3258 ) ;
#2829 = CARTESIAN_POINT ( 'NONE',  ( 5.724999999999999645, -13.31649999999999956, 3.840000000000000302 ) ) ;
#2830 = EDGE_CURVE ( 'NONE', #10045, #9788, #4665, .T. ) ;
#2831 = PLANE ( 'NONE',  #8317 ) ;
#2832 = ORIENTED_EDGE ( 'NONE', *, *, #13407, .F. ) ;
#2833 = CARTESIAN_POINT ( 'NONE',  ( -5.605000000000000426, -22.96649999999999991, 3.840000000000000302 ) ) ;
#2834 = AXIS2_PLACEMENT_3D ( 'NONE', #4229, #8668, #12856 ) ;
#2835 = CARTESIAN_POINT ( 'NONE',  ( -5.699999999999981526, -3.556499999999998884, 4.500000000000000888 ) ) ;
#2836 = EDGE_CURVE ( 'NONE', #11924, #13245, #215, .T. ) ;
#2837 = ORIENTED_EDGE ( 'NONE', *, *, #10261, .F. ) ;
#2838 = EDGE_CURVE ( 'NONE', #11798, #7295, #9880, .T. ) ;
#2839 = VERTEX_POINT ( 'NONE', #4450 ) ;
#2840 = ORIENTED_EDGE ( 'NONE', *, *, #5137, .F. ) ;
#2841 = DIRECTION ( 'NONE',  ( -0.000000000000000000, -1.000000000000000000, -0.000000000000000000 ) ) ;
#2842 = VERTEX_POINT ( 'NONE', #7794 ) ;
#2843 = ORIENTED_EDGE ( 'NONE', *, *, #443, .F. ) ;
#2844 = EDGE_CURVE ( 'NONE', #8722, #8611, #8696, .T. ) ;
#2845 = CARTESIAN_POINT ( 'NONE',  ( 9.414999999999999147, -21.56650000000000134, 4.650000000000000355 ) ) ;
#2846 = CARTESIAN_POINT ( 'NONE',  ( 16.80000000000000071, 0.000000000000000000, 4.900000000000000355 ) ) ;
#2847 = DIRECTION ( 'NONE',  ( 0.000000000000000000, -0.000000000000000000, 1.000000000000000000 ) ) ;
#2848 = PLANE ( 'NONE',  #3581 ) ;
#2849 = EDGE_LOOP ( 'NONE', ( #11369, #13266, #10690, #12276 ) ) ;
#2850 = EDGE_LOOP ( 'NONE', ( #10614, #9768, #8335, #6693 ) ) ;
#2851 = CARTESIAN_POINT ( 'NONE',  ( 1.300000000000049116, -3.556499999999995776, -4.320000000000000284 ) ) ;
#2852 = CARTESIAN_POINT ( 'NONE',  ( 5.605000000000000426, -22.66649999999999920, 4.650000000000000355 ) ) ;
#2853 = EDGE_LOOP ( 'NONE', ( #4407, #5000, #3111, #8351, #11031, #4607, #5963, #6809, #9153, #1843, #448, #3068, #6626, #2025, #8499, #11181, #11470, #8663, #12196, #10604 ) ) ;
#2854 = CARTESIAN_POINT ( 'NONE',  ( 9.414999999999999147, -20.17650000000000077, 4.500000000000000888 ) ) ;
#2855 = EDGE_LOOP ( 'NONE', ( #2147, #871, #4887, #7392, #3925, #2079, #13257, #12354 ) ) ;
#2856 = EDGE_CURVE ( 'NONE', #12224, #2247, #12950, .T. ) ;
#2857 = DIRECTION ( 'NONE',  ( -1.000000000000000000, 0.000000000000000000, -0.000000000000000000 ) ) ;
#2858 = ORIENTED_EDGE ( 'NONE', *, *, #10637, .T. ) ;
#2859 = DIRECTION ( 'NONE',  ( 0.000000000000000000, -0.000000000000000000, -1.000000000000000000 ) ) ;
#2860 = LINE ( 'NONE', #2081, #13088 ) ;
#2861 = FACE_OUTER_BOUND ( 'NONE', #405, .T. ) ;
#2862 = CARTESIAN_POINT ( 'NONE',  ( 20.00000000000000000, -2.399999999999999911, 0.000000000000000000 ) ) ;
#2863 = DIRECTION ( 'NONE',  ( 1.000000000000000000, 0.000000000000000000, 0.000000000000000000 ) ) ;
#2864 = CARTESIAN_POINT ( 'NONE',  ( 5.605000000000000426, -22.96649999999999991, 15.50000000000000000 ) ) ;
#2865 = LINE ( 'NONE', #9371, #1569 ) ;
#2866 = DIRECTION ( 'NONE',  ( 0.000000000000000000, 0.000000000000000000, -1.000000000000000000 ) ) ;
#2867 = ORIENTED_EDGE ( 'NONE', *, *, #5290, .T. ) ;
#2868 = VECTOR ( 'NONE', #778, 1000.000000000000000 ) ;
#2869 = EDGE_CURVE ( 'NONE', #9356, #3516, #11830, .T. ) ;
#2870 = PLANE ( 'NONE',  #3613 ) ;
#2871 = LINE ( 'NONE', #3072, #2532 ) ;
#2872 = LINE ( 'NONE', #5926, #10028 ) ;
#2874 = ORIENTED_EDGE ( 'NONE', *, *, #5556, .T. ) ;
#2873 = CARTESIAN_POINT ( 'NONE',  ( -5.605000000000000426, -22.96649999999999991, 4.950000000000000178 ) ) ;
#2875 = DIRECTION ( 'NONE',  ( -0.7071067811865475727, 0.000000000000000000, -0.7071067811865475727 ) ) ;
#2876 = AXIS2_PLACEMENT_3D ( 'NONE', #11353, #10436, #913 ) ;
#2877 = CARTESIAN_POINT ( 'NONE',  ( -2.415000000000000036, -21.56650000000000134, -3.509999999999999787 ) ) ;
#2878 = LINE ( 'NONE', #4957, #7869 ) ;
#2879 = AXIS2_PLACEMENT_3D ( 'NONE', #3695, #5992, #4741 ) ;
#2880 = EDGE_CURVE ( 'NONE', #13122, #7612, #6552, .T. ) ;
#2881 = DIRECTION ( 'NONE',  ( 1.000000000000000000, -0.000000000000000000, 0.000000000000000000 ) ) ;
#2882 = VECTOR ( 'NONE', #10068, 1000.000000000000000 ) ;
#2883 = DIRECTION ( 'NONE',  ( 0.000000000000000000, 1.000000000000000000, -0.000000000000000000 ) ) ;
#2884 = LINE ( 'NONE', #10023, #4474 ) ;
#2885 = CARTESIAN_POINT ( 'NONE',  ( 1.274999999999999911, -13.31649999999999956, -3.509999999999999787 ) ) ;
#2886 = AXIS2_PLACEMENT_3D ( 'NONE', #9831, #319, #4557 ) ;
#2887 = VECTOR ( 'NONE', #8021, 1000.000000000000000 ) ;
#2888 = EDGE_CURVE ( 'NONE', #722, #549, #286, .T. ) ;
#2889 = PRESENTATION_STYLE_ASSIGNMENT (( #3782 ) ) ;
#2890 = VERTEX_POINT ( 'NONE', #2510 ) ;
#2891 = ORIENTED_EDGE ( 'NONE', *, *, #10459, .T. ) ;
#2892 = EDGE_CURVE ( 'NONE', #549, #6696, #2376, .T. ) ;
#2893 = CARTESIAN_POINT ( 'NONE',  ( 10.93500000000000050, -17.94999999999999929, 0.000000000000000000 ) ) ;
#2894 = ORIENTED_EDGE ( 'NONE', *, *, #7499, .T. ) ;
#2895 = EDGE_LOOP ( 'NONE', ( #7974, #1272, #12844, #424 ) ) ;
#2896 = LINE ( 'NONE', #2321, #6590 ) ;
#2897 = DIRECTION ( 'NONE',  ( -0.000000000000000000, 1.000000000000000000, -0.000000000000000000 ) ) ;
#2898 = DIRECTION ( 'NONE',  ( -1.000000000000000000, 0.000000000000000000, 0.000000000000000000 ) ) ;
#2899 = ORIENTED_EDGE ( 'NONE', *, *, #5921, .T. ) ;
#2900 = LINE ( 'NONE', #6092, #1876 ) ;
#2901 = CARTESIAN_POINT ( 'NONE',  ( -4.612359312880999873, 3.589199999999999946, -7.834999999999999964 ) ) ;
#2902 = COLOUR_RGB ( '',1.000000000000000000, 1.000000000000000000, 1.000000000000000000 ) ;
#2903 = VERTEX_POINT ( 'NONE', #6898 ) ;
#2904 = EDGE_CURVE ( 'NONE', #628, #9289, #7938, .T. ) ;
#2905 = VECTOR ( 'NONE', #11514, 1000.000000000000000 ) ;
#2906 = VERTEX_POINT ( 'NONE', #1609 ) ;
#2907 = CARTESIAN_POINT ( 'NONE',  ( 8.320800000000000196, -2.337200000000000166, 4.500000000000000888 ) ) ;
#2908 = ORIENTED_EDGE ( 'NONE', *, *, #7637, .F. ) ;
#2909 = ORIENTED_EDGE ( 'NONE', *, *, #4272, .F. ) ;
#2910 = FACE_OUTER_BOUND ( 'NONE', #5202, .T. ) ;
#2911 = LINE ( 'NONE', #7014, #6865 ) ;
#2912 = DIRECTION ( 'NONE',  ( 1.000000000000000000, 0.000000000000000000, 0.000000000000000000 ) ) ;
#2913 = DIRECTION ( 'NONE',  ( 0.000000000000000000, -0.000000000000000000, 1.000000000000000000 ) ) ;
#2914 = ORIENTED_EDGE ( 'NONE', *, *, #2892, .F. ) ;
#2915 = PRESENTATION_STYLE_ASSIGNMENT (( #8195 ) ) ;
#2916 = UNCERTAINTY_MEASURE_WITH_UNIT (LENGTH_MEASURE( 1.000000000000000082E-05 ), #10978, 'distance_accuracy_value', 'NONE');
#2917 = CARTESIAN_POINT ( 'NONE',  ( 7.000000000000000000, -17.37650000000000006, 4.650000000000000355 ) ) ;
#2918 = EDGE_LOOP ( 'NONE', ( #4211, #3885, #5691, #12641 ) ) ;
#2919 = ORIENTED_EDGE ( 'NONE', *, *, #3970, .F. ) ;
#2920 = EDGE_CURVE ( 'NONE', #13061, #3946, #2658, .T. ) ;
#2921 = CARTESIAN_POINT ( 'NONE',  ( -0.4949999999999999956, -31.28604151461000171, 0.5831999999999999407 ) ) ;
#2922 = EDGE_CURVE ( 'NONE', #628, #3800, #411, .T. ) ;
#2923 = ORIENTED_EDGE ( 'NONE', *, *, #8228, .T. ) ;
#2924 = DIRECTION ( 'NONE',  ( 0.000000000000000000, 0.000000000000000000, 1.000000000000000000 ) ) ;
#2925 = CARTESIAN_POINT ( 'NONE',  ( -20.30000000000000071, -2.399999999999999911, -4.400000000000000355 ) ) ;
#2926 = CARTESIAN_POINT ( 'NONE',  ( -3.850000000000000089, -22.58650000000000091, 4.650000000000000355 ) ) ;
#2927 = DIRECTION ( 'NONE',  ( 0.000000000000000000, 1.000000000000000000, -0.000000000000000000 ) ) ;
#2928 = CARTESIAN_POINT ( 'NONE',  ( 9.414999999999999147, -20.17650000000000077, 7.519999999999998685 ) ) ;
#2929 = LINE ( 'NONE', #700, #3007 ) ;
#2930 = FACE_OUTER_BOUND ( 'NONE', #5152, .T. ) ;
#2931 = FACE_BOUND ( 'NONE', #5457, .T. ) ;
#2932 = EDGE_LOOP ( 'NONE', ( #1388, #11958, #6800, #9227 ) ) ;
#2933 = AXIS2_PLACEMENT_3D ( 'NONE', #3945, #7294, #13544 ) ;
#2934 = CARTESIAN_POINT ( 'NONE',  ( 5.705000000000000071, -17.37650000000000006, 4.830000000000000071 ) ) ;
#2935 = LINE ( 'NONE', #7320, #13193 ) ;
#2936 = VECTOR ( 'NONE', #6977, 1000.000000000000000 ) ;
#2937 = DIRECTION ( 'NONE',  ( 0.000000000000000000, 0.000000000000000000, 1.000000000000000000 ) ) ;
#2938 = CARTESIAN_POINT ( 'NONE',  ( -1.300000000000074207, -3.556499999999991779, -4.320000000000000284 ) ) ;
#2939 = CARTESIAN_POINT ( 'NONE',  ( -4.715000000000000746, -19.40650000000000119, 4.830000000000000071 ) ) ;
#2941 = ORIENTED_EDGE ( 'NONE', *, *, #4601, .T. ) ;
#2940 = DIRECTION ( 'NONE',  ( -0.000000000000000000, -1.000000000000000000, -0.000000000000000000 ) ) ;
#2942 = PLANE ( 'NONE',  #11307 ) ;
#2943 = PLANE ( 'NONE',  #12350 ) ;
#2944 = LINE ( 'NONE', #914, #9636 ) ;
#2945 = DIRECTION ( 'NONE',  ( 0.000000000000000000, 0.000000000000000000, 1.000000000000000000 ) ) ;
#2946 = DIRECTION ( 'NONE',  ( 0.000000000000000000, 0.000000000000000000, -1.000000000000000000 ) ) ;
#2947 = DIRECTION ( 'NONE',  ( -0.000000000000000000, -1.000000000000000000, 0.000000000000000000 ) ) ;
#2948 = EDGE_CURVE ( 'NONE', #10679, #12108, #9512, .T. ) ;
#2949 = DIRECTION ( 'NONE',  ( -0.000000000000000000, 1.000000000000000000, 0.000000000000000000 ) ) ;
#2950 = VECTOR ( 'NONE', #9036, 1000.000000000000000 ) ;
#2951 = LINE ( 'NONE', #7205, #6744 ) ;
#2952 = VECTOR ( 'NONE', #4554, 1000.000000000000227 ) ;
#2953 = VERTEX_POINT ( 'NONE', #4815 ) ;
#2954 = ORIENTED_EDGE ( 'NONE', *, *, #6172, .F. ) ;
#2955 = CARTESIAN_POINT ( 'NONE',  ( -0.4949999999999999956, -32.60964151460999716, -1.093199999999999950 ) ) ;
#2956 = EDGE_CURVE ( 'NONE', #6648, #8422, #12190, .T. ) ;
#2957 = VERTEX_POINT ( 'NONE', #5848 ) ;
#2958 = VERTEX_POINT ( 'NONE', #4945 ) ;
#2959 = DIRECTION ( 'NONE',  ( -0.000000000000000000, -1.000000000000000000, 0.000000000000000000 ) ) ;
#2960 = DIRECTION ( 'NONE',  ( 0.000000000000000000, 0.000000000000000000, -1.000000000000000000 ) ) ;
#2961 = FACE_OUTER_BOUND ( 'NONE', #11021, .T. ) ;
#2962 = VERTEX_POINT ( 'NONE', #11067 ) ;
#2963 = AXIS2_PLACEMENT_3D ( 'NONE', #4298, #1952, #7171 ) ;
#2964 = DIRECTION ( 'NONE',  ( -1.000000000000000000, 0.000000000000000000, 0.000000000000000000 ) ) ;
#2965 = LINE ( 'NONE', #10537, #2207 ) ;
#2966 = EDGE_CURVE ( 'NONE', #1376, #959, #629, .T. ) ;
#2967 = STYLED_ITEM ( 'NONE', ( #1285 ), #11851 ) ;
#2968 = LINE ( 'NONE', #12574, #2905 ) ;
#2969 = COLOUR_RGB ( '',1.000000000000000000, 1.000000000000000000, 1.000000000000000000 ) ;
#2970 = ORIENTED_EDGE ( 'NONE', *, *, #10454, .T. ) ;
#2971 = CIRCLE ( 'NONE', #3617, 3.510000000000000231 ) ;
#2972 = EDGE_CURVE ( 'NONE', #11523, #3238, #13355, .T. ) ;
#2973 = ORIENTED_EDGE ( 'NONE', *, *, #4833, .F. ) ;
#2975 = CARTESIAN_POINT ( 'NONE',  ( -9.285000000000000142, -17.37650000000000006, 4.650000000000000355 ) ) ;
#2974 = COLOUR_RGB ( '',1.000000000000000000, 1.000000000000000000, 1.000000000000000000 ) ;
#2976 = ORIENTED_EDGE ( 'NONE', *, *, #10688, .F. ) ;
#2977 = ORIENTED_EDGE ( 'NONE', *, *, #13530, .T. ) ;
#2978 = DIRECTION ( 'NONE',  ( 0.000000000000000000, 0.000000000000000000, 1.000000000000000000 ) ) ;
#2979 = CARTESIAN_POINT ( 'NONE',  ( -3.634999999999999787, -22.96649999999999991, 0.000000000000000000 ) ) ;
#2980 = DIRECTION ( 'NONE',  ( 0.000000000000000000, 0.000000000000000000, -1.000000000000000000 ) ) ;
#2981 = ORIENTED_EDGE ( 'NONE', *, *, #9112, .F. ) ;
#2982 = VECTOR ( 'NONE', #507, 1000.000000000000000 ) ;
#2983 = VECTOR ( 'NONE', #13353, 1000.000000000000000 ) ;
#2984 = DIRECTION ( 'NONE',  ( 0.000000000000000000, -0.000000000000000000, 1.000000000000000000 ) ) ;
#2985 = ORIENTED_EDGE ( 'NONE', *, *, #9527, .F. ) ;
#2986 = AXIS2_PLACEMENT_3D ( 'NONE', #5510, #3239, #1210 ) ;
#2987 = ORIENTED_EDGE ( 'NONE', *, *, #5145, .T. ) ;
#2988 = VECTOR ( 'NONE', #2213, 1000.000000000000000 ) ;
#2989 = VECTOR ( 'NONE', #5337, 1000.000000000000000 ) ;
#2990 = EDGE_CURVE ( 'NONE', #10681, #266, #10009, .T. ) ;
#2991 = VECTOR ( 'NONE', #7961, 1000.000000000000000 ) ;
#2992 = ORIENTED_EDGE ( 'NONE', *, *, #651, .T. ) ;
#2993 = DIRECTION ( 'NONE',  ( 0.000000000000000000, 1.000000000000000000, 0.000000000000000000 ) ) ;
#2994 = EDGE_LOOP ( 'NONE', ( #3326, #2919, #9927, #13063 ) ) ;
#2995 = VECTOR ( 'NONE', #4811, 1000.000000000000000 ) ;
#2996 = DIRECTION ( 'NONE',  ( 0.000000000000000000, 1.000000000000000000, -0.000000000000000000 ) ) ;
#2997 = DIRECTION ( 'NONE',  ( 0.09602825923645796902, -0.9953786080823796567, 0.000000000000000000 ) ) ;
#2998 = PLANE ( 'NONE',  #12259 ) ;
#2999 = ADVANCED_FACE ( 'NONE', ( #13288 ), #10291, .T. ) ;
#3000 = CARTESIAN_POINT ( 'NONE',  ( 4.714999999999999858, -13.31649999999999956, 3.629999999999999449 ) ) ;
#3001 = VECTOR ( 'NONE', #5615, 1000.000000000000000 ) ;
#3002 = DIRECTION ( 'NONE',  ( 1.000000000000000000, -0.000000000000000000, 0.000000000000000000 ) ) ;
#3003 = CARTESIAN_POINT ( 'NONE',  ( 4.714999999999999858, -13.31650000000002620, -0.1000000000000015599 ) ) ;
#3004 = FACE_OUTER_BOUND ( 'NONE', #10734, .T. ) ;
#3005 = ORIENTED_EDGE ( 'NONE', *, *, #9435, .F. ) ;
#3006 = EDGE_CURVE ( 'NONE', #10133, #10031, #13743, .T. ) ;
#3007 = VECTOR ( 'NONE', #841, 1000.000000000000000 ) ;
#3008 = PRESENTATION_LAYER_ASSIGNMENT (  '', '', ( #4782 ) ) ;
#3009 = CARTESIAN_POINT ( 'NONE',  ( 3.149999999999999911, -21.18649999999999878, -4.320000000000000284 ) ) ;
#3010 = VECTOR ( 'NONE', #12054, 1000.000000000000000 ) ;
#3011 = ORIENTED_EDGE ( 'NONE', *, *, #6228, .F. ) ;
#3012 = CARTESIAN_POINT ( 'NONE',  ( -1.274999999999999911, -12.30150000000000254, -3.310000000000000053 ) ) ;
#3013 = CARTESIAN_POINT ( 'NONE',  ( 20.00000000000000000, 0.000000000000000000, 0.000000000000000000 ) ) ;
#3014 = CARTESIAN_POINT ( 'NONE',  ( 20.00000000000000000, -2.399999999999999911, 0.000000000000000000 ) ) ;
#3015 = ORIENTED_EDGE ( 'NONE', *, *, #6383, .F. ) ;
#3016 = EDGE_CURVE ( 'NONE', #10749, #9552, #6057, .T. ) ;
#3017 = PLANE ( 'NONE',  #10631 ) ;
#3018 = DIRECTION ( 'NONE',  ( -1.000000000000000000, -0.000000000000000000, 0.000000000000000000 ) ) ;
#3019 = CARTESIAN_POINT ( 'NONE',  ( -4.714999999999999858, -19.40650000000000119, 4.650000000000000355 ) ) ;
#3020 = LINE ( 'NONE', #8363, #543 ) ;
#3021 = FACE_OUTER_BOUND ( 'NONE', #323, .T. ) ;
#3022 = CARTESIAN_POINT ( 'NONE',  ( 7.635000000000000675, -23.77649999999999864, 15.50000000000000000 ) ) ;
#3023 = CARTESIAN_POINT ( 'NONE',  ( 1.068310202796968644, -2.286500000000057486, 0.4299999999999998823 ) ) ;
#3024 = ORIENTED_EDGE ( 'NONE', *, *, #817, .T. ) ;
#3025 = DIRECTION ( 'NONE',  ( -0.000000000000000000, -0.000000000000000000, -1.000000000000000000 ) ) ;
#3026 = ORIENTED_EDGE ( 'NONE', *, *, #9032, .T. ) ;
#3027 = ORIENTED_EDGE ( 'NONE', *, *, #13285, .T. ) ;
#3028 = CARTESIAN_POINT ( 'NONE',  ( 0.000000000000000000, -22.96649999999999991, 4.850000000000000533 ) ) ;
#3029 = ORIENTED_EDGE ( 'NONE', *, *, #600, .T. ) ;
#3030 = VERTEX_POINT ( 'NONE', #1543 ) ;
#3031 = CARTESIAN_POINT ( 'NONE',  ( 15.94999999999999929, -17.94999999999999929, -3.472485578728000011 ) ) ;
#3032 = FACE_OUTER_BOUND ( 'NONE', #3441, .T. ) ;
#3033 = DIRECTION ( 'NONE',  ( -1.000000000000000000, -0.000000000000000000, 0.000000000000000000 ) ) ;
#3034 = ORIENTED_EDGE ( 'NONE', *, *, #2719, .T. ) ;
#3035 = EDGE_CURVE ( 'NONE', #3390, #5550, #6415, .T. ) ;
#3036 = SURFACE_STYLE_FILL_AREA ( #8314 ) ;
#3037 = VECTOR ( 'NONE', #7753, 1000.000000000000000 ) ;
#3038 = LINE ( 'NONE', #12493, #8881 ) ;
#3039 = ORIENTED_EDGE ( 'NONE', *, *, #11193, .F. ) ;
#3040 = EDGE_CURVE ( 'NONE', #8885, #12625, #9076, .T. ) ;
#3041 = AXIS2_PLACEMENT_3D ( 'NONE', #1345, #7734, #1065 ) ;
#3042 = DIRECTION ( 'NONE',  ( 0.000000000000000000, 0.000000000000000000, 1.000000000000000000 ) ) ;
#3043 = ORIENTED_EDGE ( 'NONE', *, *, #13769, .T. ) ;
#3044 = ORIENTED_EDGE ( 'NONE', *, *, #582, .F. ) ;
#3045 = CYLINDRICAL_SURFACE ( 'NONE', #11908, 0.9899999999999995470 ) ;
#3046 = CARTESIAN_POINT ( 'NONE',  ( 8.275000000000000355, -19.40650000000000119, 4.850000000000000533 ) ) ;
#3047 = DIRECTION ( 'NONE',  ( 0.7071067811865474617, 0.000000000000000000, 0.7071067811865474617 ) ) ;
#3048 = ORIENTED_EDGE ( 'NONE', *, *, #11507, .T. ) ;
#3049 = CARTESIAN_POINT ( 'NONE',  ( -5.705000000000000071, -15.34650000000000070, 3.660000000000000142 ) ) ;
#3050 = EDGE_CURVE ( 'NONE', #5367, #10319, #13498, .T. ) ;
#3051 = CARTESIAN_POINT ( 'NONE',  ( -21.69999999999999929, -12.19999999999999929, 55.05878599081000146 ) ) ;
#3052 = EDGE_LOOP ( 'NONE', ( #6575, #12096, #13556, #2394 ) ) ;
#3053 = ORIENTED_EDGE ( 'NONE', *, *, #316, .F. ) ;
#3054 = UNCERTAINTY_MEASURE_WITH_UNIT (LENGTH_MEASURE( 1.000000000000000082E-05 ), #3100, 'distance_accuracy_value', 'NONE');
#3055 = ORIENTED_EDGE ( 'NONE', *, *, #129, .F. ) ;
#3056 = EDGE_CURVE ( 'NONE', #1266, #4033, #7745, .T. ) ;
#3057 = CARTESIAN_POINT ( 'NONE',  ( 1.068310202796999953, -2.286500000000000199, -4.320000000000000284 ) ) ;
#3058 = ORIENTED_EDGE ( 'NONE', *, *, #12853, .F. ) ;
#3059 = LINE ( 'NONE', #4228, #4493 ) ;
#3060 = LINE ( 'NONE', #8207, #10849 ) ;
#3061 = CARTESIAN_POINT ( 'NONE',  ( 8.859999999999999432, -15.22000000000000242, 4.959999999999999964 ) ) ;
#3062 = DIRECTION ( 'NONE',  ( -1.000000000000000000, 0.000000000000000000, 0.000000000000000000 ) ) ;
#3063 = FACE_OUTER_BOUND ( 'NONE', #5351, .T. ) ;
#3064 = EDGE_CURVE ( 'NONE', #386, #11325, #3091, .T. ) ;
#3065 = CARTESIAN_POINT ( 'NONE',  ( 9.285000000000000142, -13.31649999999999956, 3.629999999999999893 ) ) ;
#3066 = DIRECTION ( 'NONE',  ( -1.000000000000000000, 0.000000000000000000, 0.000000000000000000 ) ) ;
#3067 = PLANE ( 'NONE',  #9964 ) ;
#3068 = ORIENTED_EDGE ( 'NONE', *, *, #7374, .T. ) ;
#3069 = ADVANCED_FACE ( 'NONE', ( #5453 ), #6569, .F. ) ;
#3070 = LINE ( 'NONE', #10498, #3639 ) ;
#3071 = VERTEX_POINT ( 'NONE', #7608 ) ;
#3072 = CARTESIAN_POINT ( 'NONE',  ( 0.000000000000000000, -22.58650000000000091, -4.320000000000000284 ) ) ;
#3073 = ADVANCED_FACE ( 'NONE', ( #8842 ), #12059, .T. ) ;
#3074 = CARTESIAN_POINT ( 'NONE',  ( 20.30000000000000071, 0.000000000000000000, -6.500000000000000888 ) ) ;
#3075 = LINE ( 'NONE', #4177, #11385 ) ;
#3076 = VERTEX_POINT ( 'NONE', #2457 ) ;
#3077 = DIRECTION ( 'NONE',  ( -0.000000000000000000, 0.000000000000000000, -1.000000000000000000 ) ) ;
#3078 = PLANE ( 'NONE',  #4774 ) ;
#3079 = CARTESIAN_POINT ( 'NONE',  ( 4.714999999999999858, -19.40650000000000119, 4.650000000000000355 ) ) ;
#3080 = DIRECTION ( 'NONE',  ( 0.000000000000000000, 0.000000000000000000, 1.000000000000000000 ) ) ;
#3081 = ORIENTED_EDGE ( 'NONE', *, *, #8509, .T. ) ;
#3082 = CIRCLE ( 'NONE', #9064, 0.1999999999999996503 ) ;
#3083 = PLANE ( 'NONE',  #7967 ) ;
#3084 = EDGE_CURVE ( 'NONE', #3800, #13031, #2528, .T. ) ;
#3085 = ADVANCED_FACE ( 'NONE', ( #12966 ), #6493, .T. ) ;
#3086 = ORIENTED_EDGE ( 'NONE', *, *, #6184, .F. ) ;
#3087 = DIRECTION ( 'NONE',  ( 0.000000000000000000, -1.000000000000000000, 0.000000000000000000 ) ) ;
#3088 = ORIENTED_EDGE ( 'NONE', *, *, #5132, .T. ) ;
#3089 = ORIENTED_EDGE ( 'NONE', *, *, #11124, .F. ) ;
#3090 = LINE ( 'NONE', #4970, #13151 ) ;
#3091 = CIRCLE ( 'NONE', #10844, 4.750000000000000000 ) ;
#3092 = VERTEX_POINT ( 'NONE', #6703 ) ;
#3093 = EDGE_CURVE ( 'NONE', #12854, #8619, #4863, .T. ) ;
#3094 = AXIS2_PLACEMENT_3D ( 'NONE', #9859, #1106, #5348 ) ;
#3095 = ORIENTED_EDGE ( 'NONE', *, *, #13538, .T. ) ;
#3096 = VECTOR ( 'NONE', #12465, 1000.000000000000000 ) ;
#3097 = CARTESIAN_POINT ( 'NONE',  ( -4.714999999999999858, -19.40650000000000119, 4.650000000000000355 ) ) ;
#3098 = DIRECTION ( 'NONE',  ( -1.000000000000000000, 0.000000000000000000, 0.000000000000000000 ) ) ;
#3099 = VECTOR ( 'NONE', #8404, 1000.000000000000000 ) ;
#3100 =( LENGTH_UNIT ( ) NAMED_UNIT ( * ) SI_UNIT ( .MILLI., .METRE. ) );
#3101 = ORIENTED_EDGE ( 'NONE', *, *, #12076, .T. ) ;
#3102 = AXIS2_PLACEMENT_3D ( 'NONE', #10892, #10055, #1659 ) ;
#3103 = CARTESIAN_POINT ( 'NONE',  ( 8.474999999999999645, -13.31649999999999956, -0.1000000000000002554 ) ) ;
#3104 = VECTOR ( 'NONE', #6678, 1000.000000000000000 ) ;
#3105 = DIRECTION ( 'NONE',  ( 0.000000000000000000, -1.000000000000000000, -0.000000000000000000 ) ) ;
#3106 = PLANE ( 'NONE',  #975 ) ;
#3107 = AXIS2_PLACEMENT_3D ( 'NONE', #12145, #3642, #6005 ) ;
#3108 = ADVANCED_FACE ( 'NONE', ( #2253 ), #7809, .T. ) ;
#3109 = ORIENTED_EDGE ( 'NONE', *, *, #13587, .T. ) ;
#3110 = DIRECTION ( 'NONE',  ( -0.000000000000000000, 1.000000000000000000, 0.000000000000000000 ) ) ;
#3111 = ORIENTED_EDGE ( 'NONE', *, *, #10591, .T. ) ;
#3112 = VERTEX_POINT ( 'NONE', #7739 ) ;
#3113 = DIRECTION ( 'NONE',  ( -1.752245935330107491E-15, 0.000000000000000000, 1.000000000000000000 ) ) ;
#3114 = LINE ( 'NONE', #10342, #7611 ) ;
#3115 = AXIS2_PLACEMENT_3D ( 'NONE', #12283, #3793, #7002 ) ;
#3116 = LINE ( 'NONE', #11527, #11363 ) ;
#3117 = ORIENTED_EDGE ( 'NONE', *, *, #11516, .F. ) ;
#3118 = DIRECTION ( 'NONE',  ( 0.000000000000000000, 0.000000000000000000, 1.000000000000000000 ) ) ;
#3119 = CARTESIAN_POINT ( 'NONE',  ( 8.269999999999999574, -17.37650000000000006, 4.650000000000000355 ) ) ;
#3120 = VERTEX_POINT ( 'NONE', #5730 ) ;
#3121 = ORIENTED_EDGE ( 'NONE', *, *, #7297, .T. ) ;
#3122 = AXIS2_PLACEMENT_3D ( 'NONE', #5494, #6548, #1263 ) ;
#3123 = ORIENTED_EDGE ( 'NONE', *, *, #1643, .F. ) ;
#3124 = EDGE_CURVE ( 'NONE', #9915, #593, #9894, .T. ) ;
#3125 = CARTESIAN_POINT ( 'NONE',  ( -5.605000000000000426, -23.77649999999999864, 15.50000000000000000 ) ) ;
#3126 = ORIENTED_EDGE ( 'NONE', *, *, #8409, .F. ) ;
#3127 = CARTESIAN_POINT ( 'NONE',  ( -9.285000000000000142, -19.40650000000000119, 4.650000000000000355 ) ) ;
#3128 = LINE ( 'NONE', #6044, #5311 ) ;
#3129 = CARTESIAN_POINT ( 'NONE',  ( 14.85999999999999943, 3.200000000000000178, -2.307611844574999793 ) ) ;
#3130 = EDGE_CURVE ( 'NONE', #6097, #5684, #2327, .T. ) ;
#3131 = CARTESIAN_POINT ( 'NONE',  ( 4.714999999999999858, -15.34650000000000070, 4.650000000000000355 ) ) ;
#3132 = VECTOR ( 'NONE', #12926, 1000.000000000000000 ) ;
#3133 = CYLINDRICAL_SURFACE ( 'NONE', #5657, 8.000000000000000000 ) ;
#3134 = DIRECTION ( 'NONE',  ( 0.000000000000000000, 0.000000000000000000, 1.000000000000000000 ) ) ;
#3135 = CARTESIAN_POINT ( 'NONE',  ( 8.294999999999999929, -17.94999999999999929, 4.830000000000000071 ) ) ;
#3136 = EDGE_CURVE ( 'NONE', #6687, #1585, #5512, .T. ) ;
#3137 = ORIENTED_EDGE ( 'NONE', *, *, #8590, .F. ) ;
#3138 = EDGE_CURVE ( 'NONE', #3030, #1542, #9960, .T. ) ;
#3139 = EDGE_CURVE ( 'NONE', #12815, #1918, #12833, .T. ) ;
#3140 = CARTESIAN_POINT ( 'NONE',  ( 8.294999999999999929, -13.31649999999999956, 3.660000000000000142 ) ) ;
#3141 = EDGE_LOOP ( 'NONE', ( #5384, #3757, #8240, #10451, #8313, #2981, #7299, #121, #11598, #3616, #5352, #954, #2115, #4451, #584, #9285, #8685, #8199, #327, #5613, #9134, #9136, #10719, #10582, #7229, #6742, #13140, #3363 ) ) ;
#3142 = FACE_OUTER_BOUND ( 'NONE', #4706, .T. ) ;
#3143 = FACE_OUTER_BOUND ( 'NONE', #5213, .T. ) ;
#3144 =( NAMED_UNIT ( * ) SI_UNIT ( $, .STERADIAN. ) SOLID_ANGLE_UNIT ( ) );
#3145 = CARTESIAN_POINT ( 'NONE',  ( -1.294999999999999929, -23.77649999999999864, -1.093199999999999950 ) ) ;
#3146 = PLANE ( 'NONE',  #13435 ) ;
#3147 = CARTESIAN_POINT ( 'NONE',  ( 3.935000000000000053, -17.94999999999999929, 0.000000000000000000 ) ) ;
#3148 = CARTESIAN_POINT ( 'NONE',  ( 0.000000000000000000, -15.40000000000000036, 15.80886698680999913 ) ) ;
#3149 = DIRECTION ( 'NONE',  ( 0.000000000000000000, -0.000000000000000000, 1.000000000000000000 ) ) ;
#3150 = ORIENTED_EDGE ( 'NONE', *, *, #10454, .F. ) ;
#3151 = CYLINDRICAL_SURFACE ( 'NONE', #2641, 4.750000000000000888 ) ;
#3152 = EDGE_CURVE ( 'NONE', #6042, #3927, #4399, .T. ) ;
#3153 = ORIENTED_EDGE ( 'NONE', *, *, #108, .T. ) ;
#3154 = DIRECTION ( 'NONE',  ( 1.000000000000000000, 0.000000000000000000, 0.000000000000000000 ) ) ;
#3155 = AXIS2_PLACEMENT_3D ( 'NONE', #4165, #8407, #10420 ) ;
#3156 = VERTEX_POINT ( 'NONE', #7538 ) ;
#3157 = ORIENTED_EDGE ( 'NONE', *, *, #2838, .T. ) ;
#3158 = CARTESIAN_POINT ( 'NONE',  ( -15.94999999999999929, -17.94999999999999929, 13.40000000000000036 ) ) ;
#3159 = ORIENTED_EDGE ( 'NONE', *, *, #2143, .F. ) ;
#3161 = ORIENTED_EDGE ( 'NONE', *, *, #10024, .F. ) ;
#3160 = CARTESIAN_POINT ( 'NONE',  ( -2.415000000000000036, -2.337200000000000166, -4.500000000000000888 ) ) ;
#3162 = CARTESIAN_POINT ( 'NONE',  ( 8.294999999999999929, -17.37650000000000006, 3.840000000000000302 ) ) ;
#3163 = LINE ( 'NONE', #7677, #4108 ) ;
#3164 = CARTESIAN_POINT ( 'NONE',  ( 8.275000000000000355, -19.40650000000000119, 4.650000000000000355 ) ) ;
#3165 = VERTEX_POINT ( 'NONE', #10726 ) ;
#3166 = DIRECTION ( 'NONE',  ( 0.000000000000000000, 0.000000000000000000, -1.000000000000000000 ) ) ;
#3167 = EDGE_CURVE ( 'NONE', #2437, #12684, #9748, .T. ) ;
#3168 = FILL_AREA_STYLE ('',( #934 ) ) ;
#3169 = ADVANCED_FACE ( 'NONE', ( #7682 ), #10590, .T. ) ;
#3170 = VECTOR ( 'NONE', #7021, 1000.000000000000000 ) ;
#3171 = CARTESIAN_POINT ( 'NONE',  ( 7.635000000000000675, -22.96649999999999991, 19.46000000000000085 ) ) ;
#3172 = ADVANCED_FACE ( 'NONE', ( #1342 ), #2175, .T. ) ;
#3173 = EDGE_CURVE ( 'NONE', #12248, #2906, #8500, .T. ) ;
#3174 = ORIENTED_EDGE ( 'NONE', *, *, #12369, .F. ) ;
#3175 = LINE ( 'NONE', #785, #7828 ) ;
#3176 = EDGE_LOOP ( 'NONE', ( #1579, #3878, #3530, #12690 ) ) ;
#3177 = VECTOR ( 'NONE', #911, 1000.000000000000000 ) ;
#3178 = ORIENTED_EDGE ( 'NONE', *, *, #9795, .F. ) ;
#3179 = PLANE ( 'NONE',  #6802 ) ;
#3180 = CARTESIAN_POINT ( 'NONE',  ( -5.605000000000001315, -22.58649999999999736, 4.650000000000000355 ) ) ;
#3181 = LINE ( 'NONE', #11670, #712 ) ;
#3182 = ORIENTED_EDGE ( 'NONE', *, *, #11517, .F. ) ;
#3183 = CIRCLE ( 'NONE', #10503, 0.1999999999999996503 ) ;
#3184 = AXIS2_PLACEMENT_3D ( 'NONE', #4996, #5127, #6029 ) ;
#3185 = DIRECTION ( 'NONE',  ( 0.000000000000000000, -1.000000000000000000, 0.000000000000000000 ) ) ;
#3186 = VECTOR ( 'NONE', #5818, 1000.000000000000000 ) ;
#3187 = VERTEX_POINT ( 'NONE', #6414 ) ;
#3188 = ORIENTED_EDGE ( 'NONE', *, *, #13493, .F. ) ;
#3189 =( GEOMETRIC_REPRESENTATION_CONTEXT ( 3 ) GLOBAL_UNCERTAINTY_ASSIGNED_CONTEXT ( ( #4248 ) ) GLOBAL_UNIT_ASSIGNED_CONTEXT ( ( #4917, #9604, #10593 ) ) REPRESENTATION_CONTEXT ( 'NONE', 'WORKASPACE' ) );
#3190 = PRESENTATION_LAYER_ASSIGNMENT (  '', '', ( #2967 ) ) ;
#3191 = MECHANICAL_DESIGN_GEOMETRIC_PRESENTATION_REPRESENTATION (  '', ( #9382 ), #10952 ) ;
#3192 = VERTEX_POINT ( 'NONE', #10656 ) ;
#3193 = VECTOR ( 'NONE', #3299, 1000.000000000000000 ) ;
#3194 = CARTESIAN_POINT ( 'NONE',  ( -8.474999999999999645, -13.31649999999999956, 4.650000000000000355 ) ) ;
#3195 = ORIENTED_EDGE ( 'NONE', *, *, #3403, .T. ) ;
#3196 = CARTESIAN_POINT ( 'NONE',  ( 9.414999999999999147, -20.17650000000000077, 7.519999999999999574 ) ) ;
#3197 = DIRECTION ( 'NONE',  ( 0.000000000000000000, -1.000000000000000000, 0.000000000000000000 ) ) ;
#3198 = CARTESIAN_POINT ( 'NONE',  ( 13.50000000000000000, -2.399999999999999911, 13.40886698681000055 ) ) ;
#3199 = CARTESIAN_POINT ( 'NONE',  ( 7.000000000000000000, -21.18649999999999878, 4.650000000000000355 ) ) ;
#3200 = FILL_AREA_STYLE_COLOUR ( '', #13751 ) ;
#3201 = AXIS2_PLACEMENT_3D ( 'NONE', #595, #9220, #1784 ) ;
#3202 = AXIS2_PLACEMENT_3D ( 'NONE', #5274, #12594, #12662 ) ;
#3203 = DIRECTION ( 'NONE',  ( 1.000000000000000000, 0.000000000000000000, 0.000000000000000000 ) ) ;
#3204 =( NAMED_UNIT ( * ) PLANE_ANGLE_UNIT ( ) SI_UNIT ( $, .RADIAN. ) );
#3205 = VECTOR ( 'NONE', #10809, 1000.000000000000000 ) ;
#3206 = ORIENTED_EDGE ( 'NONE', *, *, #8530, .F. ) ;
#3207 = AXIS2_PLACEMENT_3D ( 'NONE', #5779, #3693, #10222 ) ;
#3208 = EDGE_CURVE ( 'NONE', #12762, #5047, #1130, .T. ) ;
#3209 = CARTESIAN_POINT ( 'NONE',  ( 10.47035354437000088, -2.399999999999999467, -9.400000000000000355 ) ) ;
#3210 = AXIS2_PLACEMENT_3D ( 'NONE', #11522, #8186, #7289 ) ;
#3211 = VERTEX_POINT ( 'NONE', #220 ) ;
#3212 = DIRECTION ( 'NONE',  ( 0.000000000000000000, 0.000000000000000000, 1.000000000000000000 ) ) ;
#3213 = DIRECTION ( 'NONE',  ( -0.000000000000000000, -1.000000000000000000, 0.000000000000000000 ) ) ;
#3214 = VECTOR ( 'NONE', #8779, 1000.000000000000000 ) ;
#3215 = EDGE_CURVE ( 'NONE', #12306, #7932, #9674, .T. ) ;
#3216 = CARTESIAN_POINT ( 'NONE',  ( -4.714999999999999858, -17.94999999999999929, 0.000000000000000000 ) ) ;
#3217 = CARTESIAN_POINT ( 'NONE',  ( 10.15000000000000036, -21.18649999999999878, 4.650000000000000355 ) ) ;
#3218 = CARTESIAN_POINT ( 'NONE',  ( -1.274999999999999911, -15.34650000000000070, -3.310000000000000053 ) ) ;
#3219 = LINE ( 'NONE', #8764, #10433 ) ;
#3220 = AXIS2_PLACEMENT_3D ( 'NONE', #13208, #1524, #10900 ) ;
#3221 = DIRECTION ( 'NONE',  ( -0.000000000000000000, 1.000000000000000000, 0.000000000000000000 ) ) ;
#3222 = ORIENTED_EDGE ( 'NONE', *, *, #4639, .F. ) ;
#3223 = UNCERTAINTY_MEASURE_WITH_UNIT (LENGTH_MEASURE( 1.000000000000000082E-05 ), #9266, 'distance_accuracy_value', 'NONE');
#3224 = EDGE_CURVE ( 'NONE', #10559, #7639, #11911, .T. ) ;
#3225 = VECTOR ( 'NONE', #2783, 1000.000000000000000 ) ;
#3226 = VECTOR ( 'NONE', #9139, 1000.000000000000000 ) ;
#3227 = VERTEX_POINT ( 'NONE', #12956 ) ;
#3228 = CARTESIAN_POINT ( 'NONE',  ( -1.395000000000000018, -23.77649999999999864, -4.320000000000000284 ) ) ;
#3229 = ORIENTED_EDGE ( 'NONE', *, *, #11408, .T. ) ;
#3230 = ORIENTED_EDGE ( 'NONE', *, *, #8598, .T. ) ;
#3231 = ORIENTED_EDGE ( 'NONE', *, *, #6139, .F. ) ;
#3233 = ORIENTED_EDGE ( 'NONE', *, *, #13417, .T. ) ;
#3232 = CARTESIAN_POINT ( 'NONE',  ( 8.800000000000000711, 0.000000000000000000, -12.90000000000000213 ) ) ;
#3234 = LINE ( 'NONE', #11716, #4816 ) ;
#3235 = DIRECTION ( 'NONE',  ( 1.000000000000000000, 0.000000000000000000, -0.000000000000000000 ) ) ;
#3236 = AXIS2_PLACEMENT_3D ( 'NONE', #3654, #7901, #13385 ) ;
#3237 = LINE ( 'NONE', #19, #2772 ) ;
#3238 = VERTEX_POINT ( 'NONE', #5303 ) ;
#3239 = DIRECTION ( 'NONE',  ( -0.000000000000000000, -0.000000000000000000, -1.000000000000000000 ) ) ;
#3240 = COLOUR_RGB ( '',1.000000000000000000, 1.000000000000000000, 1.000000000000000000 ) ;
#3241 = CARTESIAN_POINT ( 'NONE',  ( -1.274999999999999911, -17.37650000000000006, -3.509999999999999787 ) ) ;
#3242 = LINE ( 'NONE', #5260, #8301 ) ;
#3243 = EDGE_CURVE ( 'NONE', #8029, #9108, #12761, .T. ) ;
#3244 = ORIENTED_EDGE ( 'NONE', *, *, #11585, .F. ) ;
#3245 = ORIENTED_EDGE ( 'NONE', *, *, #13524, .T. ) ;
#3246 = ORIENTED_EDGE ( 'NONE', *, *, #13162, .T. ) ;
#3247 = DIRECTION ( 'NONE',  ( -1.000000000000000000, 0.000000000000000000, -0.000000000000000000 ) ) ;
#3248 = DIRECTION ( 'NONE',  ( -0.000000000000000000, 0.000000000000000000, 1.000000000000000000 ) ) ;
#3249 = EDGE_CURVE ( 'NONE', #5246, #2775, #11836, .T. ) ;
#3250 = CARTESIAN_POINT ( 'NONE',  ( 3.850000000000000089, -22.58650000000000091, 3.840000000000000302 ) ) ;
#3251 = ORIENTED_EDGE ( 'NONE', *, *, #4787, .T. ) ;
#3252 = EDGE_CURVE ( 'NONE', #4703, #10364, #2244, .T. ) ;
#3253 = DIRECTION ( 'NONE',  ( -0.000000000000000000, -1.000000000000000000, 0.000000000000000000 ) ) ;
#3254 = LINE ( 'NONE', #8463, #4038 ) ;
#3255 = ORIENTED_EDGE ( 'NONE', *, *, #4106, .F. ) ;
#3256 = ORIENTED_EDGE ( 'NONE', *, *, #8772, .F. ) ;
#3257 = EDGE_CURVE ( 'NONE', #11061, #1357, #9539, .T. ) ;
#3258 = VECTOR ( 'NONE', #8113, 1000.000000000000000 ) ;
#3259 = EDGE_CURVE ( 'NONE', #6711, #80, #5443, .T. ) ;
#3260 = EDGE_LOOP ( 'NONE', ( #9623, #9316, #6814, #8905 ) ) ;
#3261 = LINE ( 'NONE', #2209, #1652 ) ;
#3262 = ORIENTED_EDGE ( 'NONE', *, *, #4997, .F. ) ;
#3263 = FACE_OUTER_BOUND ( 'NONE', #9686, .T. ) ;
#3264 = CARTESIAN_POINT ( 'NONE',  ( 7.635000000000000675, -23.77649999999999864, 15.50000000000000000 ) ) ;
#3265 = LINE ( 'NONE', #13059, #2529 ) ;
#3266 = DIRECTION ( 'NONE',  ( 0.8786293792632253741, 0.4775043600801140986, -0.000000000000000000 ) ) ;
#3267 = EDGE_CURVE ( 'NONE', #80, #9735, #7598, .T. ) ;
#3268 = SURFACE_SIDE_STYLE ('',( #12799 ) ) ;
#3269 = AXIS2_PLACEMENT_3D ( 'NONE', #7910, #2777, #9983 ) ;
#3270 = FACE_OUTER_BOUND ( 'NONE', #9336, .T. ) ;
#3271 = VERTEX_POINT ( 'NONE', #13722 ) ;
#3272 = EDGE_CURVE ( 'NONE', #6308, #13111, #12079, .T. ) ;
#3273 = CARTESIAN_POINT ( 'NONE',  ( -4.714999999999999858, -13.31649999999999956, -0.1000000000000020040 ) ) ;
#3274 = VERTEX_POINT ( 'NONE', #8441 ) ;
#3275 = ORIENTED_EDGE ( 'NONE', *, *, #9320, .F. ) ;
#3276 = ADVANCED_FACE ( 'NONE', ( #7401 ), #12692, .T. ) ;
#3277 = LINE ( 'NONE', #11757, #7757 ) ;
#3278 = CARTESIAN_POINT ( 'NONE',  ( 2.415000000000000036, -2.337200000000000166, 0.5000000000000004441 ) ) ;
#3279 = FACE_OUTER_BOUND ( 'NONE', #3052, .T. ) ;
#3280 = DIRECTION ( 'NONE',  ( 0.000000000000000000, 0.000000000000000000, 1.000000000000000000 ) ) ;
#3281 = DIRECTION ( 'NONE',  ( 0.000000000000000000, 0.000000000000000000, -1.000000000000000000 ) ) ;
#3282 = LINE ( 'NONE', #2168, #3544 ) ;
#3283 = LINE ( 'NONE', #9666, #4985 ) ;
#3284 = ORIENTED_EDGE ( 'NONE', *, *, #400, .F. ) ;
#3285 = DIRECTION ( 'NONE',  ( -0.000000000000000000, 0.000000000000000000, 1.000000000000000000 ) ) ;
#3286 = EDGE_CURVE ( 'NONE', #2375, #11446, #434, .T. ) ;
#3287 = ORIENTED_EDGE ( 'NONE', *, *, #2746, .T. ) ;
#3288 = CARTESIAN_POINT ( 'NONE',  ( 6.733679656440141770, 3.589199999999999946, -6.956320343560141950 ) ) ;
#3289 = CARTESIAN_POINT ( 'NONE',  ( 5.205000000000000071, -17.94999999999999929, -7.519999999999999574 ) ) ;
#3290 = DIRECTION ( 'NONE',  ( 0.000000000000000000, -0.000000000000000000, -1.000000000000000000 ) ) ;
#3291 = ADVANCED_FACE ( 'NONE', ( #7874 ), #3626, .F. ) ;
#3292 = ORIENTED_EDGE ( 'NONE', *, *, #7127, .T. ) ;
#3294 = ORIENTED_EDGE ( 'NONE', *, *, #8228, .F. ) ;
#3293 = SURFACE_STYLE_USAGE ( .BOTH. , #2246 ) ;
#3295 = CARTESIAN_POINT ( 'NONE',  ( 9.414999999999999147, -21.56650000000000134, 3.840000000000000302 ) ) ;
#3296 = FACE_OUTER_BOUND ( 'NONE', #7012, .T. ) ;
#3297 = CARTESIAN_POINT ( 'NONE',  ( 0.5099999999999998979, -3.313815743960000226, 0.4300000000000016032 ) ) ;
#3298 = DIRECTION ( 'NONE',  ( 0.000000000000000000, 0.000000000000000000, 1.000000000000000000 ) ) ;
#3299 = DIRECTION ( 'NONE',  ( -1.000000000000000000, -0.000000000000000000, 0.000000000000000000 ) ) ;
#3300 = DIRECTION ( 'NONE',  ( -0.000000000000000000, -1.000000000000000000, 0.000000000000000000 ) ) ;
#3301 = ADVANCED_FACE ( 'NONE', ( #6772 ), #13095, .F. ) ;
#3302 = EDGE_CURVE ( 'NONE', #9765, #7368, #1741, .T. ) ;
#3303 = VECTOR ( 'NONE', #10847, 1000.000000000000000 ) ;
#3304 = ORIENTED_EDGE ( 'NONE', *, *, #9060, .T. ) ;
#3305 = VERTEX_POINT ( 'NONE', #5013 ) ;
#3306 = CARTESIAN_POINT ( 'NONE',  ( -1.274999999999999911, -17.57000000000000384, -4.519999999999999574 ) ) ;
#3307 = VERTEX_POINT ( 'NONE', #3954 ) ;
#3308 = ORIENTED_EDGE ( 'NONE', *, *, #9573, .T. ) ;
#3309 = CARTESIAN_POINT ( 'NONE',  ( 10.47035354437000088, -2.399999999999999467, -14.30000000000000071 ) ) ;
#3310 = CARTESIAN_POINT ( 'NONE',  ( 10.36500000000000021, -22.96649999999999991, 0.000000000000000000 ) ) ;
#3311 = DIRECTION ( 'NONE',  ( 0.000000000000000000, -0.000000000000000000, 1.000000000000000000 ) ) ;
#3312 = ORIENTED_EDGE ( 'NONE', *, *, #3486, .F. ) ;
#3313 = CARTESIAN_POINT ( 'NONE',  ( 8.779999999999999361, -2.673278531665000290, -0.1000000000000002554 ) ) ;
#3314 = VECTOR ( 'NONE', #10839, 1000.000000000000000 ) ;
#3315 = VERTEX_POINT ( 'NONE', #10277 ) ;
#3316 = VERTEX_POINT ( 'NONE', #6043 ) ;
#3317 = EDGE_CURVE ( 'NONE', #11115, #5617, #1410, .T. ) ;
#3318 = AXIS2_PLACEMENT_3D ( 'NONE', #7822, #6331, #5597 ) ;
#3319 = ORIENTED_EDGE ( 'NONE', *, *, #6967, .T. ) ;
#3320 = DIRECTION ( 'NONE',  ( 1.000000000000000000, 0.000000000000000000, -0.000000000000000000 ) ) ;
#3321 = ORIENTED_EDGE ( 'NONE', *, *, #3895, .F. ) ;
#3322 = FACE_OUTER_BOUND ( 'NONE', #3394, .T. ) ;
#3323 = FACE_OUTER_BOUND ( 'NONE', #8051, .T. ) ;
#3324 = CARTESIAN_POINT ( 'NONE',  ( -8.474999999999999645, -19.40650000000000119, 4.650000000000000355 ) ) ;
#3325 = CARTESIAN_POINT ( 'NONE',  ( 2.284999999999999698, -15.34650000000000070, -3.330000000000000071 ) ) ;
#3326 = ORIENTED_EDGE ( 'NONE', *, *, #9663, .F. ) ;
#3327 = ORIENTED_EDGE ( 'NONE', *, *, #1230, .T. ) ;
#3328 = CARTESIAN_POINT ( 'NONE',  ( 1.300000000000000266, -3.556500000000000217, -4.320000000000000284 ) ) ;
#3329 = EDGE_CURVE ( 'NONE', #10354, #12293, #5978, .T. ) ;
#3330 = DIRECTION ( 'NONE',  ( 0.000000000000000000, 1.000000000000000000, 0.000000000000000000 ) ) ;
#3331 = CIRCLE ( 'NONE', #13764, 0.1999999999999996503 ) ;
#3332 = ORIENTED_EDGE ( 'NONE', *, *, #11468, .T. ) ;
#3333 = EDGE_CURVE ( 'NONE', #1802, #3076, #292, .T. ) ;
#3334 = ADVANCED_FACE ( 'NONE', ( #9245 ), #8206, .T. ) ;
#3335 = FACE_OUTER_BOUND ( 'NONE', #2022, .T. ) ;
#3336 = VERTEX_POINT ( 'NONE', #5721 ) ;
#3337 = EDGE_LOOP ( 'NONE', ( #2771, #8917, #10011, #6657 ) ) ;
#3338 = CARTESIAN_POINT ( 'NONE',  ( -13.50000000000000000, 0.000000000000000000, 15.80886698680999913 ) ) ;
#3340 = VECTOR ( 'NONE', #6913, 1000.000000000000114 ) ;
#3339 = CARTESIAN_POINT ( 'NONE',  ( 0.000000000000000000, -22.96649999999999991, 4.850000000000000533 ) ) ;
#3341 = PLANE ( 'NONE',  #12281 ) ;
#3342 = DIRECTION ( 'NONE',  ( -0.9949459368917742408, 0.1004120643276970315, 0.000000000000000000 ) ) ;
#3343 = DIRECTION ( 'NONE',  ( 0.000000000000000000, 1.000000000000000000, 0.000000000000000000 ) ) ;
#3344 = DIRECTION ( 'NONE',  ( 0.000000000000000000, 0.000000000000000000, -1.000000000000000000 ) ) ;
#3345 = VERTEX_POINT ( 'NONE', #5654 ) ;
#3346 = CARTESIAN_POINT ( 'NONE',  ( 10.36500000000000021, -22.96649999999999991, 3.509999999999999787 ) ) ;
#3347 = ORIENTED_EDGE ( 'NONE', *, *, #306, .F. ) ;
#3348 = LINE ( 'NONE', #6622, #9613 ) ;
#3349 = VERTEX_POINT ( 'NONE', #9950 ) ;
#3350 = CARTESIAN_POINT ( 'NONE',  ( 0.000000000000000000, -17.37650000000000006, -3.509999999999999787 ) ) ;
#3351 = ORIENTED_EDGE ( 'NONE', *, *, #739, .T. ) ;
#3352 = ORIENTED_EDGE ( 'NONE', *, *, #2409, .T. ) ;
#3353 = CARTESIAN_POINT ( 'NONE',  ( -1.394999999999999796, -22.96649999999999991, 7.519999999999999574 ) ) ;
#3354 = DIRECTION ( 'NONE',  ( 0.1004120643277483932, -0.9949459368917690227, 0.000000000000000000 ) ) ;
#3355 = PLANE ( 'NONE',  #4087 ) ;
#3356 = CARTESIAN_POINT ( 'NONE',  ( -11.42999999999999972, -15.22000000000000064, -1.017359312880999900 ) ) ;
#3357 = CARTESIAN_POINT ( 'NONE',  ( -3.634999999999999787, -22.96649999999999991, 4.650000000000000355 ) ) ;
#3358 = SURFACE_SIDE_STYLE ('',( #12894 ) ) ;
#3359 = DIRECTION ( 'NONE',  ( 1.000000000000000000, 0.000000000000000000, 0.000000000000000000 ) ) ;
#3360 =( GEOMETRIC_REPRESENTATION_CONTEXT ( 3 ) GLOBAL_UNCERTAINTY_ASSIGNED_CONTEXT ( ( #956 ) ) GLOBAL_UNIT_ASSIGNED_CONTEXT ( ( #966, #6330, #9442 ) ) REPRESENTATION_CONTEXT ( 'NONE', 'WORKASPACE' ) );
#3361 = ADVANCED_FACE ( 'NONE', ( #4672 ), #12453, .F. ) ;
#3362 = ORIENTED_EDGE ( 'NONE', *, *, #12712, .T. ) ;
#3363 = ORIENTED_EDGE ( 'NONE', *, *, #7467, .F. ) ;
#3364 = DIRECTION ( 'NONE',  ( -0.000000000000000000, 1.000000000000000000, 0.000000000000000000 ) ) ;
#3365 = ORIENTED_EDGE ( 'NONE', *, *, #7793, .T. ) ;
#3366 = EDGE_LOOP ( 'NONE', ( #1283, #4687, #11553, #10499 ) ) ;
#3367 = CARTESIAN_POINT ( 'NONE',  ( -1.395000000000000018, -22.58650000000000091, -4.320000000000000284 ) ) ;
#3368 = CIRCLE ( 'NONE', #8265, 8.000000000000000000 ) ;
#3369 = DIRECTION ( 'NONE',  ( 0.000000000000000000, 0.000000000000000000, 1.000000000000000000 ) ) ;
#3370 = ADVANCED_FACE ( 'NONE', ( #13163 ), #692, .F. ) ;
#3371 = FACE_OUTER_BOUND ( 'NONE', #7117, .T. ) ;
#3372 = VERTEX_POINT ( 'NONE', #13032 ) ;
#3373 = VECTOR ( 'NONE', #12257, 1000.000000000000000 ) ;
#3374 = PLANE ( 'NONE',  #9431 ) ;
#3375 = ORIENTED_EDGE ( 'NONE', *, *, #13156, .F. ) ;
#3376 = ORIENTED_EDGE ( 'NONE', *, *, #4355, .T. ) ;
#3377 = EDGE_CURVE ( 'NONE', #5745, #5047, #8144, .T. ) ;
#3378 = VECTOR ( 'NONE', #9586, 1000.000000000000000 ) ;
#3379 = ORIENTED_EDGE ( 'NONE', *, *, #3727, .T. ) ;
#3380 = CARTESIAN_POINT ( 'NONE',  ( 0.6350000000000000089, -22.96649999999999991, 19.69999999999999929 ) ) ;
#3381 = VECTOR ( 'NONE', #8791, 1000.000000000000000 ) ;
#3382 = ORIENTED_EDGE ( 'NONE', *, *, #10040, .T. ) ;
#3383 = FACE_OUTER_BOUND ( 'NONE', #4845, .T. ) ;
#3384 = PRESENTATION_STYLE_ASSIGNMENT (( #6662 ) ) ;
#3385 = LINE ( 'NONE', #8669, #6754 ) ;
#3386 = CARTESIAN_POINT ( 'NONE',  ( -1.270000000000000018, -21.18649999999999878, -4.320000000000000284 ) ) ;
#3387 = ORIENTED_EDGE ( 'NONE', *, *, #1128, .F. ) ;
#3388 = DIRECTION ( 'NONE',  ( 0.000000000000000000, 0.000000000000000000, -1.000000000000000000 ) ) ;
#3389 = LINE ( 'NONE', #9710, #10091 ) ;
#3390 = VERTEX_POINT ( 'NONE', #7099 ) ;
#3391 = EDGE_CURVE ( 'NONE', #6462, #8834, #9805, .T. ) ;
#3392 = SURFACE_SIDE_STYLE ('',( #11810 ) ) ;
#3393 = DIRECTION ( 'NONE',  ( -1.000000000000000000, 0.000000000000000000, 0.000000000000000000 ) ) ;
#3394 = EDGE_LOOP ( 'NONE', ( #731, #12806, #8518, #2973 ) ) ;
#3395 = VECTOR ( 'NONE', #208, 1000.000000000000000 ) ;
#3396 = AXIS2_PLACEMENT_3D ( 'NONE', #365, #12048, #707 ) ;
#3397 = VECTOR ( 'NONE', #8667, 1000.000000000000000 ) ;
#3398 = CARTESIAN_POINT ( 'NONE',  ( 5.705000000000000071, -17.94999999999999929, 4.830000000000000071 ) ) ;
#3399 = ORIENTED_EDGE ( 'NONE', *, *, #758, .F. ) ;
#3400 = VERTEX_POINT ( 'NONE', #1810 ) ;
#3401 = VECTOR ( 'NONE', #6293, 1000.000000000000000 ) ;
#3402 = FACE_OUTER_BOUND ( 'NONE', #3569, .T. ) ;
#3403 = EDGE_CURVE ( 'NONE', #7430, #3227, #3490, .T. ) ;
#3404 = DIRECTION ( 'NONE',  ( 0.000000000000000000, 1.000000000000000000, -0.000000000000000000 ) ) ;
#3405 = LINE ( 'NONE', #1471, #10491 ) ;
#3406 = PRESENTATION_LAYER_ASSIGNMENT (  '', '', ( #10727 ) ) ;
#3407 = VECTOR ( 'NONE', #11053, 1000.000000000000000 ) ;
#3408 = DIRECTION ( 'NONE',  ( -1.000000000000000000, 0.000000000000000000, 0.000000000000000000 ) ) ;
#3409 = EDGE_CURVE ( 'NONE', #1525, #446, #1858, .T. ) ;
#3410 = DIRECTION ( 'NONE',  ( 0.000000000000000000, 0.000000000000000000, -1.000000000000000000 ) ) ;
#3411 = AXIS2_PLACEMENT_3D ( 'NONE', #407, #1527, #5763 ) ;
#3412 = VECTOR ( 'NONE', #7271, 1000.000000000000000 ) ;
#3413 = DIRECTION ( 'NONE',  ( 0.000000000000000000, 0.000000000000000000, -1.000000000000000000 ) ) ;
#3414 = FACE_OUTER_BOUND ( 'NONE', #4999, .T. ) ;
#3415 = EDGE_LOOP ( 'NONE', ( #2225, #9294, #10617, #11180, #7474, #9483, #6066, #866 ) ) ;
#3416 = CARTESIAN_POINT ( 'NONE',  ( -7.509999999999999787, -3.313815743959999782, 4.500000000000000888 ) ) ;
#3417 = VECTOR ( 'NONE', #12346, 1000.000000000000000 ) ;
#3418 = VECTOR ( 'NONE', #9769, 1000.000000000000000 ) ;
#3419 = AXIS2_PLACEMENT_3D ( 'NONE', #8244, #2898, #1782 ) ;
#3420 = ORIENTED_EDGE ( 'NONE', *, *, #5170, .F. ) ;
#3421 = LINE ( 'NONE', #9884, #11412 ) ;
#3422 = EDGE_CURVE ( 'NONE', #12486, #1975, #368, .T. ) ;
#3423 = ORIENTED_EDGE ( 'NONE', *, *, #9450, .T. ) ;
#3424 = DIRECTION ( 'NONE',  ( 0.1004120643276970176, 0.9949459368917741298, 0.000000000000000000 ) ) ;
#3426 = EDGE_LOOP ( 'NONE', ( #6640, #9361, #10065, #13641, #9244, #13089 ) ) ;
#3425 = DIRECTION ( 'NONE',  ( -0.000000000000000000, 0.000000000000000000, 1.000000000000000000 ) ) ;
#3427 = AXIS2_PLACEMENT_3D ( 'NONE', #10705, #68, #11965 ) ;
#3428 = CARTESIAN_POINT ( 'NONE',  ( -8.779999999999976268, -2.673278531664988744, 4.650000000000000355 ) ) ;
#3429 = DIRECTION ( 'NONE',  ( 0.000000000000000000, -1.000000000000000000, 0.000000000000000000 ) ) ;
#3430 = DIRECTION ( 'NONE',  ( 0.000000000000000000, 0.000000000000000000, -1.000000000000000000 ) ) ;
#3431 = DIRECTION ( 'NONE',  ( 0.000000000000000000, 0.000000000000000000, 1.000000000000000000 ) ) ;
#3432 = DIRECTION ( 'NONE',  ( 0.000000000000000000, -0.000000000000000000, -1.000000000000000000 ) ) ;
#3433 = CIRCLE ( 'NONE', #12333, 0.2000000000000000944 ) ;
#3434 = LINE ( 'NONE', #9961, #8954 ) ;
#3435 = AXIS2_PLACEMENT_3D ( 'NONE', #10285, #7312, #10219 ) ;
#3436 = ORIENTED_EDGE ( 'NONE', *, *, #7251, .F. ) ;
#3437 = ORIENTED_EDGE ( 'NONE', *, *, #1510, .F. ) ;
#3438 = VECTOR ( 'NONE', #3253, 1000.000000000000000 ) ;
#3439 = ORIENTED_EDGE ( 'NONE', *, *, #1960, .T. ) ;
#3440 = VECTOR ( 'NONE', #11776, 1000.000000000000000 ) ;
#3441 = EDGE_LOOP ( 'NONE', ( #9687, #8027, #1709, #4954 ) ) ;
#3442 = DIRECTION ( 'NONE',  ( -0.000000000000000000, -1.000000000000000000, 0.000000000000000000 ) ) ;
#3443 = PLANE ( 'NONE',  #12064 ) ;
#3444 = DIRECTION ( 'NONE',  ( 0.000000000000000000, 1.000000000000000000, 0.000000000000000000 ) ) ;
#3445 = ORIENTED_EDGE ( 'NONE', *, *, #2653, .F. ) ;
#3446 = FACE_OUTER_BOUND ( 'NONE', #2485, .T. ) ;
#3447 = VERTEX_POINT ( 'NONE', #1033 ) ;
#3448 = ORIENTED_EDGE ( 'NONE', *, *, #4599, .T. ) ;
#3449 = AXIS2_PLACEMENT_3D ( 'NONE', #1244, #190, #10823 ) ;
#3450 = ADVANCED_FACE ( 'NONE', ( #2151 ), #6123, .T. ) ;
#3451 = ORIENTED_EDGE ( 'NONE', *, *, #7867, .F. ) ;
#3452 = CARTESIAN_POINT ( 'NONE',  ( 4.584999999999999964, -2.337200000000000166, 4.500000000000000888 ) ) ;
#3453 = EDGE_LOOP ( 'NONE', ( #4984, #11710, #7957, #756 ) ) ;
#3454 = CARTESIAN_POINT ( 'NONE',  ( 8.294999999999999929, -17.37650000000000006, 3.840000000000000302 ) ) ;
#3455 = DIRECTION ( 'NONE',  ( 0.000000000000000000, 1.000000000000000000, 0.000000000000000000 ) ) ;
#3456 = CARTESIAN_POINT ( 'NONE',  ( 6.365000000000000213, -22.96649999999999991, 19.46000000000000085 ) ) ;
#3457 = CARTESIAN_POINT ( 'NONE',  ( 1.294999999999999929, -15.34650000000000070, -3.330000000000000071 ) ) ;
#3458 = VERTEX_POINT ( 'NONE', #13757 ) ;
#3459 = EDGE_CURVE ( 'NONE', #10592, #7476, #8469, .T. ) ;
#3460 = VERTEX_POINT ( 'NONE', #10355 ) ;
#3461 = CARTESIAN_POINT ( 'NONE',  ( 0.000000000000000000, 3.589199999999999946, -7.834999999999999964 ) ) ;
#3462 = FACE_OUTER_BOUND ( 'NONE', #7501, .T. ) ;
#3463 = PLANE ( 'NONE',  #1444 ) ;
#3464 = ORIENTED_EDGE ( 'NONE', *, *, #8105, .T. ) ;
#3465 = PLANE ( 'NONE',  #10443 ) ;
#3466 = LINE ( 'NONE', #11811, #189 ) ;
#3467 = VERTEX_POINT ( 'NONE', #1099 ) ;
#3468 = AXIS2_PLACEMENT_3D ( 'NONE', #3719, #5738, #7958 ) ;
#3469 = EDGE_CURVE ( 'NONE', #12125, #11061, #12522, .T. ) ;
#3470 = EDGE_CURVE ( 'NONE', #4752, #3927, #963, .T. ) ;
#3471 = LINE ( 'NONE', #9655, #9622 ) ;
#3472 = VERTEX_POINT ( 'NONE', #13625 ) ;
#3473 = VERTEX_POINT ( 'NONE', #7505 ) ;
#3474 = DIRECTION ( 'NONE',  ( -0.000000000000000000, -1.000000000000000000, 0.000000000000000000 ) ) ;
#3475 = CARTESIAN_POINT ( 'NONE',  ( -2.415000000000000036, -21.56650000000000134, -4.500000000000000888 ) ) ;
#3477 = VECTOR ( 'NONE', #7534, 1000.000000000000000 ) ;
#3476 = DIRECTION ( 'NONE',  ( 0.000000000000000000, 0.000000000000000000, 1.000000000000000000 ) ) ;
#3478 = EDGE_CURVE ( 'NONE', #8502, #4056, #3059, .T. ) ;
#3479 = DIRECTION ( 'NONE',  ( -0.000000000000000000, 0.000000000000000000, 1.000000000000000000 ) ) ;
#3480 = EDGE_LOOP ( 'NONE', ( #6726, #3484, #6416, #4071, #3088 ) ) ;
#3481 = CARTESIAN_POINT ( 'NONE',  ( 1.270000000000000018, -19.40650000000000119, -4.320000000000000284 ) ) ;
#3482 = CARTESIAN_POINT ( 'NONE',  ( 5.730000000000001315, -17.37650000000000006, 4.500000000000000888 ) ) ;
#3483 = LINE ( 'NONE', #7791, #6518 ) ;
#3484 = ORIENTED_EDGE ( 'NONE', *, *, #6129, .T. ) ;
#3485 = CARTESIAN_POINT ( 'NONE',  ( -10.36500000000000021, -21.56650000000000134, 4.650000000000000355 ) ) ;
#3486 = EDGE_CURVE ( 'NONE', #10465, #9637, #5074, .T. ) ;
#3487 = EDGE_LOOP ( 'NONE', ( #7279, #10043, #1287, #3157 ) ) ;
#3488 = DIRECTION ( 'NONE',  ( 1.000000000000000000, 0.000000000000000000, 0.000000000000000000 ) ) ;
#3489 = CARTESIAN_POINT ( 'NONE',  ( -1.395000000000000018, -22.78650000000000020, -3.330000000000000071 ) ) ;
#3490 = LINE ( 'NONE', #7731, #8063 ) ;
#3492 = ORIENTED_EDGE ( 'NONE', *, *, #170, .T. ) ;
#3491 = LINE ( 'NONE', #7732, #265 ) ;
#3493 = FACE_OUTER_BOUND ( 'NONE', #149, .T. ) ;
#3494 = DIRECTION ( 'NONE',  ( -0.000000000000000000, -0.000000000000000000, -1.000000000000000000 ) ) ;
#3495 = CARTESIAN_POINT ( 'NONE',  ( 5.730000000000000426, -19.40650000000000119, 7.190000000000000391 ) ) ;
#3496 = CARTESIAN_POINT ( 'NONE',  ( -15.94999999999999929, -17.94999999999999929, 13.40000000000000036 ) ) ;
#3497 = CARTESIAN_POINT ( 'NONE',  ( 1.395000000000000018, -22.58650000000000091, -4.320000000000000284 ) ) ;
#3498 = FACE_OUTER_BOUND ( 'NONE', #12188, .T. ) ;
#3499 = ADVANCED_FACE ( 'NONE', ( #7305 ), #9364, .F. ) ;
#3500 = EDGE_CURVE ( 'NONE', #5112, #7578, #12794, .T. ) ;
#3501 = ORIENTED_EDGE ( 'NONE', *, *, #12335, .F. ) ;
#3502 = VERTEX_POINT ( 'NONE', #11543 ) ;
#3503 = ORIENTED_EDGE ( 'NONE', *, *, #9004, .F. ) ;
#3504 = VERTEX_POINT ( 'NONE', #4093 ) ;
#3505 = CARTESIAN_POINT ( 'NONE',  ( 0.000000000000000000, -2.337200000000000166, 0.000000000000000000 ) ) ;
#3506 = DIRECTION ( 'NONE',  ( -0.8786293792632253741, -0.4775043600801141541, 0.000000000000000000 ) ) ;
#3507 = DIRECTION ( 'NONE',  ( 0.000000000000000000, 1.000000000000000000, 0.000000000000000000 ) ) ;
#3508 = ORIENTED_EDGE ( 'NONE', *, *, #10601, .F. ) ;
#3509 = SURFACE_STYLE_FILL_AREA ( #1037 ) ;
#3510 = CARTESIAN_POINT ( 'NONE',  ( 0.000000000000000000, -22.96649999999999991, 4.850000000000000533 ) ) ;
#3511 = ORIENTED_EDGE ( 'NONE', *, *, #7596, .F. ) ;
#3512 = ORIENTED_EDGE ( 'NONE', *, *, #6038, .T. ) ;
#3513 = VECTOR ( 'NONE', #143, 1000.000000000000000 ) ;
#3514 = ORIENTED_EDGE ( 'NONE', *, *, #6617, .F. ) ;
#3515 = CARTESIAN_POINT ( 'NONE',  ( -10.15000000000000036, -22.58650000000000091, 4.650000000000000355 ) ) ;
#3516 = VERTEX_POINT ( 'NONE', #5339 ) ;
#3517 = VECTOR ( 'NONE', #1393, 1000.000000000000000 ) ;
#3518 = CARTESIAN_POINT ( 'NONE',  ( -9.414999999999999147, -2.337200000000000166, 4.500000000000000888 ) ) ;
#3519 = DIRECTION ( 'NONE',  ( -0.000000000000000000, -0.000000000000000000, -1.000000000000000000 ) ) ;
#3520 = LINE ( 'NONE', #333, #2087 ) ;
#3521 = DIRECTION ( 'NONE',  ( 0.000000000000000000, -1.000000000000000000, 0.000000000000000000 ) ) ;
#3522 = AXIS2_PLACEMENT_3D ( 'NONE', #13040, #6782, #11015 ) ;
#3523 = ORIENTED_EDGE ( 'NONE', *, *, #7711, .F. ) ;
#3524 = ORIENTED_EDGE ( 'NONE', *, *, #859, .F. ) ;
#3525 = CIRCLE ( 'NONE', #9077, 0.9899999999999999911 ) ;
#3526 = CARTESIAN_POINT ( 'NONE',  ( 5.724999999999999645, -13.31649999999999956, 3.640000000000000124 ) ) ;
#3527 = CARTESIAN_POINT ( 'NONE',  ( 5.500000000000000000, -17.57000000000000384, 4.649999999999999467 ) ) ;
#3528 = AXIS2_PLACEMENT_3D ( 'NONE', #2644, #6887, #10418 ) ;
#3529 = CARTESIAN_POINT ( 'NONE',  ( -1.270000000000000018, -21.18649999999999878, -3.509999999999999787 ) ) ;
#3530 = ORIENTED_EDGE ( 'NONE', *, *, #10041, .T. ) ;
#3531 = FILL_AREA_STYLE ('',( #5968 ) ) ;
#3532 = VERTEX_POINT ( 'NONE', #9569 ) ;
#3533 = AXIS2_PLACEMENT_3D ( 'NONE', #5559, #62, #8756 ) ;
#3534 = STYLED_ITEM ( 'NONE', ( #6426 ), #9254 ) ;
#3535 = CARTESIAN_POINT ( 'NONE',  ( 4.584999999999999964, -2.337200000000000166, 4.500000000000000888 ) ) ;
#3536 = ADVANCED_FACE ( 'NONE', ( #3263 ), #7246, .F. ) ;
#3537 = ORIENTED_EDGE ( 'NONE', *, *, #13539, .F. ) ;
#3538 = ORIENTED_EDGE ( 'NONE', *, *, #3040, .T. ) ;
#3539 = LINE ( 'NONE', #1469, #1090 ) ;
#3540 = CARTESIAN_POINT ( 'NONE',  ( 9.414999999999999147, -20.17650000000000077, 4.500000000000000888 ) ) ;
#3541 = CARTESIAN_POINT ( 'NONE',  ( -4.714999999999999858, -13.31649999999999956, 4.650000000000000355 ) ) ;
#3542 = PLANE ( 'NONE',  #7744 ) ;
#3543 = ORIENTED_EDGE ( 'NONE', *, *, #10799, .F. ) ;
#3544 = VECTOR ( 'NONE', #70, 1000.000000000000000 ) ;
#3545 = EDGE_CURVE ( 'NONE', #12209, #7453, #5141, .T. ) ;
#3546 = CARTESIAN_POINT ( 'NONE',  ( 5.500000000000000000, -17.94999999999999929, 7.190000000000000391 ) ) ;
#3547 = CARTESIAN_POINT ( 'NONE',  ( -1.068310202796999953, -2.286500000000000199, -4.320000000000000284 ) ) ;
#3548 = CARTESIAN_POINT ( 'NONE',  ( 15.94999999999999929, -17.94999999999999929, 13.40000000000000036 ) ) ;
#3549 = EDGE_CURVE ( 'NONE', #8850, #6734, #836, .T. ) ;
#3550 = VERTEX_POINT ( 'NONE', #43 ) ;
#3551 = DIRECTION ( 'NONE',  ( 0.000000000000000000, -0.000000000000000000, -1.000000000000000000 ) ) ;
#3552 = EDGE_CURVE ( 'NONE', #3472, #6880, #1949, .T. ) ;
#3553 = COLOUR_RGB ( '',1.000000000000000000, 1.000000000000000000, 1.000000000000000000 ) ;
#3554 = ORIENTED_EDGE ( 'NONE', *, *, #12853, .T. ) ;
#3555 = DIRECTION ( 'NONE',  ( 1.000000000000000000, 0.000000000000000000, -0.000000000000000000 ) ) ;
#3556 = CARTESIAN_POINT ( 'NONE',  ( 12.20500000000000007, -22.96649999999999991, -1.879999999999999893 ) ) ;
#3557 = DIRECTION ( 'NONE',  ( 0.000000000000000000, 1.000000000000000000, -0.000000000000000000 ) ) ;
#3558 = ORIENTED_EDGE ( 'NONE', *, *, #8176, .T. ) ;
#3559 = SURFACE_STYLE_USAGE ( .BOTH. , #2452 ) ;
#3560 =( NAMED_UNIT ( * ) SI_UNIT ( $, .STERADIAN. ) SOLID_ANGLE_UNIT ( ) );
#3561 = CARTESIAN_POINT ( 'NONE',  ( -20.00000000000000000, -2.399999999999999911, 1.750000000000000000 ) ) ;
#3562 = PLANE ( 'NONE',  #6318 ) ;
#3563 = LINE ( 'NONE', #13102, #9750 ) ;
#3564 = DIRECTION ( 'NONE',  ( 0.000000000000000000, -0.000000000000000000, 1.000000000000000000 ) ) ;
#3565 = CARTESIAN_POINT ( 'NONE',  ( -2.415000000000000036, -22.96649999999999991, 0.000000000000000000 ) ) ;
#3566 = EDGE_CURVE ( 'NONE', #3927, #13736, #4022, .T. ) ;
#3567 = ORIENTED_EDGE ( 'NONE', *, *, #8480, .T. ) ;
#3568 = EDGE_LOOP ( 'NONE', ( #11269, #7982, #5468, #564 ) ) ;
#3569 = EDGE_LOOP ( 'NONE', ( #8385, #6862, #1254, #6186 ) ) ;
#3570 = ORIENTED_EDGE ( 'NONE', *, *, #739, .F. ) ;
#3571 = EDGE_CURVE ( 'NONE', #10679, #5872, #2011, .T. ) ;
#3572 = DIRECTION ( 'NONE',  ( 0.000000000000000000, -1.000000000000000000, -0.000000000000000000 ) ) ;
#3573 = LINE ( 'NONE', #12215, #7222 ) ;
#3574 = VERTEX_POINT ( 'NONE', #9439 ) ;
#3575 = ADVANCED_FACE ( 'NONE', ( #4162 ), #8403, .F. ) ;
#3576 = PLANE ( 'NONE',  #11761 ) ;
#3577 = EDGE_CURVE ( 'NONE', #2347, #7098, #2411, .T. ) ;
#3578 = DIRECTION ( 'NONE',  ( 0.000000000000000000, 0.000000000000000000, -1.000000000000000000 ) ) ;
#3580 = ORIENTED_EDGE ( 'NONE', *, *, #9435, .T. ) ;
#3579 = ADVANCED_FACE ( 'NONE', ( #10891 ), #2480, .T. ) ;
#3581 = AXIS2_PLACEMENT_3D ( 'NONE', #7083, #11323, #1796 ) ;
#3582 = ORIENTED_EDGE ( 'NONE', *, *, #13697, .F. ) ;
#3583 = VECTOR ( 'NONE', #713, 1000.000000000000000 ) ;
#3584 = ORIENTED_EDGE ( 'NONE', *, *, #8050, .T. ) ;
#3585 = LINE ( 'NONE', #2696, #2308 ) ;
#3586 = AXIS2_PLACEMENT_3D ( 'NONE', #10449, #925, #5176 ) ;
#3587 = EDGE_LOOP ( 'NONE', ( #668, #273, #13294, #11766 ) ) ;
#3588 = ADVANCED_FACE ( 'NONE', ( #3383 ), #5607, .T. ) ;
#3589 = DIRECTION ( 'NONE',  ( -0.000000000000000000, -1.000000000000000000, -0.000000000000000000 ) ) ;
#3590 = LINE ( 'NONE', #8805, #1316 ) ;
#3591 = CARTESIAN_POINT ( 'NONE',  ( 9.881242789364000245, -17.94999999999999929, -11.50875721064000246 ) ) ;
#3592 = CARTESIAN_POINT ( 'NONE',  ( 5.730000000000000426, -15.34650000000000070, 3.840000000000000302 ) ) ;
#3593 = ORIENTED_EDGE ( 'NONE', *, *, #6154, .T. ) ;
#3594 = ORIENTED_EDGE ( 'NONE', *, *, #9833, .F. ) ;
#3595 = DIRECTION ( 'NONE',  ( -0.000000000000000000, 0.000000000000000000, -1.000000000000000000 ) ) ;
#3596 = CARTESIAN_POINT ( 'NONE',  ( 8.269999999999999574, -21.18649999999999878, 4.650000000000000355 ) ) ;
#3597 = CARTESIAN_POINT ( 'NONE',  ( -5.730000000000000426, -19.40650000000000119, 4.650000000000000355 ) ) ;
#3598 = EDGE_LOOP ( 'NONE', ( #7902, #7210, #494, #5815, #6251 ) ) ;
#3599 = CARTESIAN_POINT ( 'NONE',  ( -8.320800000000000196, 3.589199999999999946, 0.000000000000000000 ) ) ;
#3600 = ORIENTED_EDGE ( 'NONE', *, *, #11487, .F. ) ;
#3601 = CIRCLE ( 'NONE', #2059, 8.000000000000000000 ) ;
#3602 = VECTOR ( 'NONE', #13475, 1000.000000000000000 ) ;
#3603 = DIRECTION ( 'NONE',  ( 0.000000000000000000, 1.000000000000000000, 0.000000000000000000 ) ) ;
#3604 = VERTEX_POINT ( 'NONE', #9772 ) ;
#3605 = PLANE ( 'NONE',  #3528 ) ;
#3606 = CARTESIAN_POINT ( 'NONE',  ( 7.000000000000000000, -17.57000000000000384, 7.190000000000000391 ) ) ;
#3607 = CARTESIAN_POINT ( 'NONE',  ( 3.935000000000000053, -20.17650000000000077, -7.519999999999999574 ) ) ;
#3608 = VECTOR ( 'NONE', #11546, 1000.000000000000000 ) ;
#3609 = CARTESIAN_POINT ( 'NONE',  ( 2.285000000000000142, -17.37650000000000006, -3.509999999999999787 ) ) ;
#3610 = ORIENTED_EDGE ( 'NONE', *, *, #7127, .F. ) ;
#3611 = AXIS2_PLACEMENT_3D ( 'NONE', #6577, #7873, #1221 ) ;
#3612 = DIRECTION ( 'NONE',  ( 1.000000000000000000, 0.000000000000000000, -0.000000000000000000 ) ) ;
#3613 = AXIS2_PLACEMENT_3D ( 'NONE', #12334, #13290, #4946 ) ;
#3614 = PLANE ( 'NONE',  #6673 ) ;
#3615 = CARTESIAN_POINT ( 'NONE',  ( 0.000000000000000000, -22.96649999999999991, -0.5000000000000000000 ) ) ;
#3616 = ORIENTED_EDGE ( 'NONE', *, *, #58, .F. ) ;
#3617 = AXIS2_PLACEMENT_3D ( 'NONE', #2560, #7013, #6934 ) ;
#3618 = EDGE_CURVE ( 'NONE', #6758, #5473, #6450, .T. ) ;
#3619 = EDGE_CURVE ( 'NONE', #4839, #13677, #13057, .T. ) ;
#3620 = VERTEX_POINT ( 'NONE', #12918 ) ;
#3621 = VECTOR ( 'NONE', #13279, 1000.000000000000000 ) ;
#3622 = CARTESIAN_POINT ( 'NONE',  ( 8.474999999999999645, -17.57000000000000384, 4.850000000000000533 ) ) ;
#3623 = VECTOR ( 'NONE', #6480, 1000.000000000000114 ) ;
#3624 = LINE ( 'NONE', #10093, #11973 ) ;
#3625 = DIRECTION ( 'NONE',  ( 0.000000000000000000, 1.000000000000000000, -0.000000000000000000 ) ) ;
#3626 = PLANE ( 'NONE',  #2747 ) ;
#3627 = MECHANICAL_DESIGN_GEOMETRIC_PRESENTATION_REPRESENTATION (  '', ( #6965 ), #11628 ) ;
#3628 = AXIS2_PLACEMENT_3D ( 'NONE', #2531, #1353, #6633 ) ;
#3630 = EDGE_LOOP ( 'NONE', ( #9477, #10246, #4986, #3717 ) ) ;
#3629 = CARTESIAN_POINT ( 'NONE',  ( 4.612359312880999873, -15.22000000000000064, -4.834999999999999964 ) ) ;
#3631 = FACE_OUTER_BOUND ( 'NONE', #7180, .T. ) ;
#3632 = CARTESIAN_POINT ( 'NONE',  ( -1.270000000000000018, -19.40650000000000119, -3.509999999999999787 ) ) ;
#3633 = EDGE_CURVE ( 'NONE', #7859, #8172, #13128, .T. ) ;
#3634 = DIRECTION ( 'NONE',  ( 8.761229676650545343E-16, 0.000000000000000000, 1.000000000000000000 ) ) ;
#3635 = DIRECTION ( 'NONE',  ( -0.000000000000000000, 1.000000000000000000, 0.000000000000000000 ) ) ;
#3636 = VECTOR ( 'NONE', #155, 1000.000000000000000 ) ;
#3637 = PLANE ( 'NONE',  #5366 ) ;
#3638 = AXIS2_PLACEMENT_3D ( 'NONE', #3668, #5960, #2482 ) ;
#3639 = VECTOR ( 'NONE', #13501, 1000.000000000000000 ) ;
#3640 = DIRECTION ( 'NONE',  ( 0.000000000000000000, 0.000000000000000000, -1.000000000000000000 ) ) ;
#3641 = VECTOR ( 'NONE', #5463, 1000.000000000000000 ) ;
#3642 = DIRECTION ( 'NONE',  ( 1.000000000000000000, 0.000000000000000000, 0.000000000000000000 ) ) ;
#3643 = VERTEX_POINT ( 'NONE', #9916 ) ;
#3644 = ORIENTED_EDGE ( 'NONE', *, *, #689, .T. ) ;
#3645 = ORIENTED_EDGE ( 'NONE', *, *, #11034, .T. ) ;
#3646 = VERTEX_POINT ( 'NONE', #5405 ) ;
#3647 = DIRECTION ( 'NONE',  ( -1.000000000000000000, -0.000000000000000000, -0.000000000000000000 ) ) ;
#3648 = CARTESIAN_POINT ( 'NONE',  ( 9.414999999999999147, -17.94999999999999929, 4.500000000000000888 ) ) ;
#3649 = AXIS2_PLACEMENT_3D ( 'NONE', #5508, #4459, #5726 ) ;
#3650 = LINE ( 'NONE', #1504, #5210 ) ;
#3651 = ORIENTED_EDGE ( 'NONE', *, *, #8050, .F. ) ;
#3652 = EDGE_CURVE ( 'NONE', #4260, #6795, #10685, .T. ) ;
#3653 = CARTESIAN_POINT ( 'NONE',  ( 1.294999999999999929, -17.37650000000000006, -3.509999999999999787 ) ) ;
#3654 = CARTESIAN_POINT ( 'NONE',  ( 2.285000000000000142, -17.37650000000000006, -4.320000000000000284 ) ) ;
#3655 = ORIENTED_EDGE ( 'NONE', *, *, #10428, .F. ) ;
#3656 = AXIS2_PLACEMENT_3D ( 'NONE', #13699, #6051, #2019 ) ;
#3657 = VERTEX_POINT ( 'NONE', #8804 ) ;
#3658 = ADVANCED_FACE ( 'NONE', ( #11741 ), #2348, .T. ) ;
#3659 = VECTOR ( 'NONE', #6112, 1000.000000000000000 ) ;
#3660 = AXIS2_PLACEMENT_3D ( 'NONE', #5181, #11579, #8243 ) ;
#3661 = ADVANCED_FACE ( 'NONE', ( #6661 ), #1163, .T. ) ;
#3662 = ORIENTED_EDGE ( 'NONE', *, *, #6553, .T. ) ;
#3663 = CARTESIAN_POINT ( 'NONE',  ( -2.415000000000000036, -2.337200000000000166, 0.5000000000000000000 ) ) ;
#3664 = VERTEX_POINT ( 'NONE', #1304 ) ;
#3665 = ADVANCED_FACE ( 'NONE', ( #5541 ), #9641, .F. ) ;
#3666 = CARTESIAN_POINT ( 'NONE',  ( -14.85999999999999943, 3.200000000000000178, -2.307611844574999793 ) ) ;
#3667 = CARTESIAN_POINT ( 'NONE',  ( -15.94999999999999929, -17.94999999999999929, -3.472485578728000011 ) ) ;
#3668 = CARTESIAN_POINT ( 'NONE',  ( 5.705000000000000071, -15.34650000000000070, 3.660000000000000142 ) ) ;
#3669 = DIRECTION ( 'NONE',  ( -1.000000000000000000, -0.000000000000000000, -0.000000000000000000 ) ) ;
#3670 = EDGE_LOOP ( 'NONE', ( #3698, #3222 ) ) ;
#3671 = VERTEX_POINT ( 'NONE', #2279 ) ;
#3672 =( NAMED_UNIT ( * ) PLANE_ANGLE_UNIT ( ) SI_UNIT ( $, .RADIAN. ) );
#3673 = FACE_OUTER_BOUND ( 'NONE', #11258, .T. ) ;
#3674 = FACE_OUTER_BOUND ( 'NONE', #9689, .T. ) ;
#3675 = ORIENTED_EDGE ( 'NONE', *, *, #8424, .T. ) ;
#3676 = DIRECTION ( 'NONE',  ( 0.000000000000000000, 1.000000000000000000, 0.000000000000000000 ) ) ;
#3677 = ORIENTED_EDGE ( 'NONE', *, *, #9015, .T. ) ;
#3678 = EDGE_CURVE ( 'NONE', #4221, #12589, #395, .T. ) ;
#3679 = EDGE_CURVE ( 'NONE', #4051, #11328, #952, .T. ) ;
#3680 = DIRECTION ( 'NONE',  ( 0.000000000000000000, 0.000000000000000000, 1.000000000000000000 ) ) ;
#3681 = EDGE_CURVE ( 'NONE', #4585, #3516, #4568, .T. ) ;
#3682 = VERTEX_POINT ( 'NONE', #12015 ) ;
#3683 = DIRECTION ( 'NONE',  ( 0.000000000000000000, 0.000000000000000000, 1.000000000000000000 ) ) ;
#3684 = CARTESIAN_POINT ( 'NONE',  ( 0.000000000000000000, -19.40650000000000119, -6.860000000000000320 ) ) ;
#3685 = LINE ( 'NONE', #7996, #8931 ) ;
#3686 = CARTESIAN_POINT ( 'NONE',  ( 10.55132034355975001, 3.589199999999999946, -3.138679656440249488 ) ) ;
#3687 = VERTEX_POINT ( 'NONE', #117 ) ;
#3688 = AXIS2_PLACEMENT_3D ( 'NONE', #11928, #10876, #5675 ) ;
#3689 = DIRECTION ( 'NONE',  ( 1.000000000000000000, 0.000000000000000000, -0.000000000000000000 ) ) ;
#3690 = ADVANCED_FACE ( 'NONE', ( #3322 ), #7563, .T. ) ;
#3691 = CARTESIAN_POINT ( 'NONE',  ( -16.80000000000000071, 0.000000000000000000, 0.000000000000000000 ) ) ;
#3692 = ADVANCED_FACE ( 'NONE', ( #11039 ), #4994, .F. ) ;
#3693 = DIRECTION ( 'NONE',  ( 0.000000000000000000, 0.000000000000000000, 1.000000000000000000 ) ) ;
#3694 = ORIENTED_EDGE ( 'NONE', *, *, #5137, .T. ) ;
#3695 = CARTESIAN_POINT ( 'NONE',  ( -20.00000000000000000, -8.699999999999999289, 13.40886698681000055 ) ) ;
#3696 = EDGE_CURVE ( 'NONE', #9404, #5939, #13398, .T. ) ;
#3697 = EDGE_CURVE ( 'NONE', #5024, #1363, #7080, .T. ) ;
#3698 = ORIENTED_EDGE ( 'NONE', *, *, #178, .F. ) ;
#3699 = AXIS2_PLACEMENT_3D ( 'NONE', #10595, #152, #4393 ) ;
#3700 = CARTESIAN_POINT ( 'NONE',  ( 6.365000000000000213, -23.77649999999999864, 19.46000000000000085 ) ) ;
#3701 = CARTESIAN_POINT ( 'NONE',  ( 8.269999999999999574, -15.34650000000000070, 4.650000000000000355 ) ) ;
#3702 = LINE ( 'NONE', #4884, #4281 ) ;
#3704 = EDGE_LOOP ( 'NONE', ( #12497, #4371, #6841, #3995, #217, #4345, #2261, #6917, #9538, #11102, #3015, #7954, #8716, #12606, #4546, #9554 ) ) ;
#3703 = LINE ( 'NONE', #7944, #6268 ) ;
#3705 = FILL_AREA_STYLE_COLOUR ( '', #11920 ) ;
#3706 = PLANE ( 'NONE',  #3894 ) ;
#3707 = CARTESIAN_POINT ( 'NONE',  ( -2.415000000000000036, -2.337200000000000166, -4.650000000000000355 ) ) ;
#3708 = CARTESIAN_POINT ( 'NONE',  ( 8.429999999999999716, 3.589199999999999946, -1.017359312880999900 ) ) ;
#3709 = LINE ( 'NONE', #7949, #7110 ) ;
#3710 = EDGE_CURVE ( 'NONE', #13721, #11174, #1402, .T. ) ;
#3711 = CARTESIAN_POINT ( 'NONE',  ( 8.800000000000000711, 0.000000000000000000, -4.900000000000000355 ) ) ;
#3712 = LINE ( 'NONE', #8167, #11296 ) ;
#3713 = ADVANCED_FACE ( 'NONE', ( #10129 ), #5894, .T. ) ;
#3714 = LINE ( 'NONE', #12208, #12516 ) ;
#3715 = ORIENTED_EDGE ( 'NONE', *, *, #12307, .T. ) ;
#3716 = ORIENTED_EDGE ( 'NONE', *, *, #5589, .T. ) ;
#3717 = ORIENTED_EDGE ( 'NONE', *, *, #7711, .T. ) ;
#3718 = ORIENTED_EDGE ( 'NONE', *, *, #2750, .T. ) ;
#3719 = CARTESIAN_POINT ( 'NONE',  ( -7.000000000000000000, -17.37650000000000006, -0.1000000000000000056 ) ) ;
#3720 = DIRECTION ( 'NONE',  ( -0.000000000000000000, -0.000000000000000000, 1.000000000000000000 ) ) ;
#3721 = FACE_OUTER_BOUND ( 'NONE', #8587, .T. ) ;
#3722 = VERTEX_POINT ( 'NONE', #12375 ) ;
#3723 = LINE ( 'NONE', #6859, #300 ) ;
#3724 = PRESENTATION_STYLE_ASSIGNMENT (( #4697 ) ) ;
#3725 = EDGE_CURVE ( 'NONE', #1310, #8121, #2698, .T. ) ;
#3726 = ORIENTED_EDGE ( 'NONE', *, *, #12963, .F. ) ;
#3727 = EDGE_CURVE ( 'NONE', #974, #12695, #9231, .T. ) ;
#3728 = ORIENTED_EDGE ( 'NONE', *, *, #11275, .F. ) ;
#3729 = EDGE_LOOP ( 'NONE', ( #2780, #10263, #4469, #11725, #12613, #3159 ) ) ;
#3730 = CARTESIAN_POINT ( 'NONE',  ( 4.584999999999999964, -20.17650000000000077, 4.500000000000000888 ) ) ;
#3731 = ORIENTED_EDGE ( 'NONE', *, *, #9161, .T. ) ;
#3732 = DIRECTION ( 'NONE',  ( 0.1004120643276970176, 0.9949459368917741298, 0.000000000000000000 ) ) ;
#3733 = CARTESIAN_POINT ( 'NONE',  ( 5.181072524102999566, -2.337200000000000166, 4.500000000000000888 ) ) ;
#3734 = DIRECTION ( 'NONE',  ( -0.7071067811865475727, 0.000000000000000000, 0.7071067811865475727 ) ) ;
#3735 = DIRECTION ( 'NONE',  ( 0.000000000000000000, 0.000000000000000000, -1.000000000000000000 ) ) ;
#3736 = ORIENTED_EDGE ( 'NONE', *, *, #12408, .F. ) ;
#3737 = ORIENTED_EDGE ( 'NONE', *, *, #9282, .F. ) ;
#3738 = CARTESIAN_POINT ( 'NONE',  ( -8.294999999999999929, -15.34650000000000070, 3.660000000000000142 ) ) ;
#3739 = CARTESIAN_POINT ( 'NONE',  ( -24.89999999999999858, -15.40000000000000036, 13.40886698681000055 ) ) ;
#3740 = VECTOR ( 'NONE', #3983, 1000.000000000000000 ) ;
#3741 = CARTESIAN_POINT ( 'NONE',  ( 7.000000000000000000, -22.66649999999999920, 4.650000000000000355 ) ) ;
#3742 = VERTEX_POINT ( 'NONE', #10053 ) ;
#3743 = FILL_AREA_STYLE ('',( #9858 ) ) ;
#3744 = DIRECTION ( 'NONE',  ( -1.000000000000000000, -0.000000000000000000, -0.000000000000000000 ) ) ;
#3745 = ORIENTED_EDGE ( 'NONE', *, *, #13005, .F. ) ;
#3746 = EDGE_CURVE ( 'NONE', #11680, #6641, #5958, .T. ) ;
#3747 = LINE ( 'NONE', #12176, #2762 ) ;
#3748 = COLOUR_RGB ( '',1.000000000000000000, 1.000000000000000000, 1.000000000000000000 ) ;
#3749 = ORIENTED_EDGE ( 'NONE', *, *, #13500, .F. ) ;
#3750 = AXIS2_PLACEMENT_3D ( 'NONE', #10227, #8159, #11138 ) ;
#3751 = LINE ( 'NONE', #7993, #2426 ) ;
#3752 = CARTESIAN_POINT ( 'NONE',  ( 22.15638586528000076, 0.000000000000000000, -4.400000000000000355 ) ) ;
#3753 = LINE ( 'NONE', #13491, #2950 ) ;
#3754 = CIRCLE ( 'NONE', #4872, 4.750000000000000888 ) ;
#3755 = EDGE_CURVE ( 'NONE', #6801, #6607, #2971, .T. ) ;
#3756 = PLANE ( 'NONE',  #8845 ) ;
#3757 = ORIENTED_EDGE ( 'NONE', *, *, #5536, .F. ) ;
#3758 = ADVANCED_FACE ( 'NONE', ( #535 ), #604, .T. ) ;
#3759 = DIRECTION ( 'NONE',  ( 1.000000000000000000, 0.000000000000000000, -0.000000000000000000 ) ) ;
#3760 = EDGE_CURVE ( 'NONE', #7571, #3657, #748, .T. ) ;
#3761 = CARTESIAN_POINT ( 'NONE',  ( -3.064999999999999947, -20.17650000000000077, 13.40000000000000036 ) ) ;
#3762 = AXIS2_PLACEMENT_3D ( 'NONE', #8226, #5236, #9323 ) ;
#3763 = CARTESIAN_POINT ( 'NONE',  ( -5.500000000000000000, -17.57000000000000384, 13.40000000000000036 ) ) ;
#3764 = ORIENTED_EDGE ( 'NONE', *, *, #1104, .T. ) ;
#3765 = EDGE_CURVE ( 'NONE', #1668, #9899, #675, .T. ) ;
#3766 = PRESENTATION_STYLE_ASSIGNMENT (( #706 ) ) ;
#3767 = EDGE_CURVE ( 'NONE', #8523, #3271, #13473, .T. ) ;
#3768 = CARTESIAN_POINT ( 'NONE',  ( 5.525000000000000355, -19.40650000000000119, 4.850000000000000533 ) ) ;
#3769 = DIRECTION ( 'NONE',  ( 0.000000000000000000, 0.000000000000000000, 1.000000000000000000 ) ) ;
#3771 = VECTOR ( 'NONE', #8910, 1000.000000000000000 ) ;
#3770 = DIRECTION ( 'NONE',  ( 0.000000000000000000, -0.000000000000000000, -1.000000000000000000 ) ) ;
#3772 = CARTESIAN_POINT ( 'NONE',  ( -0.4949999999999999956, -31.28604151461000171, -0.2550000000000000044 ) ) ;
#3774 = ORIENTED_EDGE ( 'NONE', *, *, #11248, .F. ) ;
#3773 = CARTESIAN_POINT ( 'NONE',  ( 5.705000000000000071, -17.37650000000000006, 3.840000000000000302 ) ) ;
#3775 = DIRECTION ( 'NONE',  ( 0.000000000000000000, -0.000000000000000000, -1.000000000000000000 ) ) ;
#3776 = DIRECTION ( 'NONE',  ( 0.000000000000000000, 1.000000000000000000, 0.000000000000000000 ) ) ;
#3777 = CARTESIAN_POINT ( 'NONE',  ( 8.300000000000000711, -3.556500000000000217, 4.650000000000000355 ) ) ;
#3778 = CARTESIAN_POINT ( 'NONE',  ( -4.714999999999997193, -13.31650000000005107, -0.1000000000000007827 ) ) ;
#3779 = CARTESIAN_POINT ( 'NONE',  ( -0.6350000000000000089, -17.37650000000000006, 19.69999999999999929 ) ) ;
#3780 = DIRECTION ( 'NONE',  ( -1.000000000000000000, -0.000000000000000000, -0.000000000000000000 ) ) ;
#3781 = VECTOR ( 'NONE', #11133, 1000.000000000000000 ) ;
#3782 = SURFACE_STYLE_USAGE ( .BOTH. , #7129 ) ;
#3783 = ORIENTED_EDGE ( 'NONE', *, *, #11209, .T. ) ;
#3784 = ORIENTED_EDGE ( 'NONE', *, *, #10459, .F. ) ;
#3785 = ORIENTED_EDGE ( 'NONE', *, *, #13769, .F. ) ;
#3786 = ORIENTED_EDGE ( 'NONE', *, *, #10545, .T. ) ;
#3787 = DIRECTION ( 'NONE',  ( 0.000000000000000000, 0.000000000000000000, 1.000000000000000000 ) ) ;
#3788 = SURFACE_STYLE_USAGE ( .BOTH. , #12072 ) ;
#3789 = STYLED_ITEM ( 'NONE', ( #262 ), #10128 ) ;
#3790 = CARTESIAN_POINT ( 'NONE',  ( -8.320800000000000196, -2.337200000000000166, 4.500000000000000888 ) ) ;
#3791 = ORIENTED_EDGE ( 'NONE', *, *, #4605, .T. ) ;
#3792 = CARTESIAN_POINT ( 'NONE',  ( 5.205000000000000071, -22.96649999999999991, -1.879999999999999893 ) ) ;
#3793 = DIRECTION ( 'NONE',  ( 0.000000000000000000, -1.000000000000000000, 0.000000000000000000 ) ) ;
#3794 = ORIENTED_EDGE ( 'NONE', *, *, #699, .F. ) ;
#3795 = VERTEX_POINT ( 'NONE', #8938 ) ;
#3796 = EDGE_CURVE ( 'NONE', #4120, #10559, #6805, .T. ) ;
#3797 = VERTEX_POINT ( 'NONE', #9982 ) ;
#3798 = EDGE_CURVE ( 'NONE', #1465, #13195, #462, .T. ) ;
#3799 = CARTESIAN_POINT ( 'NONE',  ( 2.285000000000000142, -19.40650000000000119, -4.320000000000000284 ) ) ;
#3800 = VERTEX_POINT ( 'NONE', #3666 ) ;
#3801 = ORIENTED_EDGE ( 'NONE', *, *, #3035, .T. ) ;
#3802 = DIRECTION ( 'NONE',  ( 0.000000000000000000, 0.000000000000000000, -1.000000000000000000 ) ) ;
#3803 = DIRECTION ( 'NONE',  ( -0.000000000000000000, -1.000000000000000000, 0.000000000000000000 ) ) ;
#3804 = CARTESIAN_POINT ( 'NONE',  ( -7.919999999999999929, 3.589199999999999946, 7.834999999999999964 ) ) ;
#3805 = CARTESIAN_POINT ( 'NONE',  ( -8.269999999999999574, -15.34650000000000070, 4.500000000000000888 ) ) ;
#3806 = ORIENTED_EDGE ( 'NONE', *, *, #11063, .F. ) ;
#3807 = ORIENTED_EDGE ( 'NONE', *, *, #2650, .T. ) ;
#3808 = CARTESIAN_POINT ( 'NONE',  ( -4.584999999999999964, -22.96649999999999991, 4.650000000000000355 ) ) ;
#3809 = EDGE_CURVE ( 'NONE', #4413, #11885, #4958, .T. ) ;
#3810 = LINE ( 'NONE', #9095, #1384 ) ;
#3811 = ORIENTED_EDGE ( 'NONE', *, *, #5737, .F. ) ;
#3812 = CARTESIAN_POINT ( 'NONE',  ( -4.584999999999999964, -21.18649999999999878, 3.840000000000000302 ) ) ;
#3813 = ORIENTED_EDGE ( 'NONE', *, *, #11624, .F. ) ;
#3814 = AXIS2_PLACEMENT_3D ( 'NONE', #9234, #5201, #2980 ) ;
#3815 = CARTESIAN_POINT ( 'NONE',  ( 6.207611844575000148, 3.200000000000000178, -4.460000000000000853 ) ) ;
#3816 = ORIENTED_EDGE ( 'NONE', *, *, #4396, .F. ) ;
#3817 = DIRECTION ( 'NONE',  ( 0.000000000000000000, 0.000000000000000000, 1.000000000000000000 ) ) ;
#3818 = DIRECTION ( 'NONE',  ( -1.000000000000000000, -0.000000000000000000, 0.000000000000000000 ) ) ;
#3819 = DIRECTION ( 'NONE',  ( -0.7071067811865474617, -0.000000000000000000, -0.7071067811865474617 ) ) ;
#3820 = ADVANCED_FACE ( 'NONE', ( #7909 ), #2625, .F. ) ;
#3821 = DIRECTION ( 'NONE',  ( 0.000000000000000000, 0.000000000000000000, 1.000000000000000000 ) ) ;
#3822 = EDGE_LOOP ( 'NONE', ( #8005, #12655, #8253, #3275, #5749, #11937, #6994, #2274 ) ) ;
#3823 = VECTOR ( 'NONE', #10475, 1000.000000000000114 ) ;
#3824 = DIRECTION ( 'NONE',  ( 0.4775043600801200938, -0.8786293792632220434, 0.000000000000000000 ) ) ;
#3825 = DIRECTION ( 'NONE',  ( 0.000000000000000000, -1.000000000000000000, -0.000000000000000000 ) ) ;
#3826 = CARTESIAN_POINT ( 'NONE',  ( -7.000000000000000000, -22.66649999999999920, 4.650000000000000355 ) ) ;
#3827 = ORIENTED_EDGE ( 'NONE', *, *, #3809, .F. ) ;
#3828 = CARTESIAN_POINT ( 'NONE',  ( -9.414999999999999147, -22.96649999999999991, 0.000000000000000000 ) ) ;
#3829 = EDGE_CURVE ( 'NONE', #1203, #4209, #4739, .T. ) ;
#3830 = CARTESIAN_POINT ( 'NONE',  ( -9.414999999999999147, -21.56650000000000134, 4.650000000000000355 ) ) ;
#3831 = VECTOR ( 'NONE', #2647, 1000.000000000000000 ) ;
#3832 = DIRECTION ( 'NONE',  ( -0.1004120643276970176, 0.9949459368917741298, 0.000000000000000000 ) ) ;
#3833 = EDGE_CURVE ( 'NONE', #2684, #13287, #7151, .T. ) ;
#3834 = FACE_OUTER_BOUND ( 'NONE', #6927, .T. ) ;
#3835 = CARTESIAN_POINT ( 'NONE',  ( 7.919999999999999929, -15.22000000000000064, 7.834999999999999964 ) ) ;
#3836 = VECTOR ( 'NONE', #9419, 1000.000000000000000 ) ;
#3837 = AXIS2_PLACEMENT_3D ( 'NONE', #13047, #3506, #6713 ) ;
#3839 = ORIENTED_EDGE ( 'NONE', *, *, #1499, .T. ) ;
#3838 = LINE ( 'NONE', #5857, #9578 ) ;
#3840 = DIRECTION ( 'NONE',  ( 0.000000000000000000, 0.000000000000000000, -1.000000000000000000 ) ) ;
#3841 = FILL_AREA_STYLE_COLOUR ( '', #5242 ) ;
#3842 = DIRECTION ( 'NONE',  ( 1.000000000000000000, 0.000000000000000000, 0.000000000000000000 ) ) ;
#3843 = VECTOR ( 'NONE', #10618, 1000.000000000000000 ) ;
#3844 = FACE_OUTER_BOUND ( 'NONE', #3932, .T. ) ;
#3845 = DIRECTION ( 'NONE',  ( 0.000000000000000000, 0.000000000000000000, 1.000000000000000000 ) ) ;
#3846 = VECTOR ( 'NONE', #12958, 1000.000000000000000 ) ;
#3847 = CARTESIAN_POINT ( 'NONE',  ( -6.522485578728000277, -17.94999999999999929, -12.90000000000000036 ) ) ;
#3848 = AXIS2_PLACEMENT_3D ( 'NONE', #12678, #11427, #1902 ) ;
#3849 = AXIS2_PLACEMENT_3D ( 'NONE', #12254, #5993, #13159 ) ;
#3850 = EDGE_CURVE ( 'NONE', #3307, #1974, #6310, .T. ) ;
#3851 = ORIENTED_EDGE ( 'NONE', *, *, #754, .F. ) ;
#3852 = AXIS2_PLACEMENT_3D ( 'NONE', #8902, #3898, #2859 ) ;
#3853 = DIRECTION ( 'NONE',  ( -0.000000000000000000, -0.000000000000000000, 1.000000000000000000 ) ) ;
#3854 = ORIENTED_EDGE ( 'NONE', *, *, #6312, .F. ) ;
#3855 = ORIENTED_EDGE ( 'NONE', *, *, #4646, .T. ) ;
#3856 = DIRECTION ( 'NONE',  ( 0.9949459368917742408, 0.1004120643276970315, 0.000000000000000000 ) ) ;
#3857 = ORIENTED_EDGE ( 'NONE', *, *, #5373, .F. ) ;
#3858 = VERTEX_POINT ( 'NONE', #6376 ) ;
#3859 =( GEOMETRIC_REPRESENTATION_CONTEXT ( 3 ) GLOBAL_UNCERTAINTY_ASSIGNED_CONTEXT ( ( #6 ) ) GLOBAL_UNIT_ASSIGNED_CONTEXT ( ( #7482, #4539, #10664 ) ) REPRESENTATION_CONTEXT ( 'NONE', 'WORKASPACE' ) );
#3860 = CARTESIAN_POINT ( 'NONE',  ( 5.525000000000000355, -15.34650000000000070, 4.650000000000000355 ) ) ;
#3861 = LINE ( 'NONE', #1923, #1397 ) ;
#3862 = PLANE ( 'NONE',  #10962 ) ;
#3863 = VERTEX_POINT ( 'NONE', #8255 ) ;
#3864 = AXIS2_PLACEMENT_3D ( 'NONE', #2152, #6192, #7371 ) ;
#3865 = CARTESIAN_POINT ( 'NONE',  ( -1.780000000000000027, -2.673278531665000290, -4.320000000000000284 ) ) ;
#3866 = AXIS2_PLACEMENT_3D ( 'NONE', #7184, #1897, #11423 ) ;
#3867 = AXIS2_PLACEMENT_3D ( 'NONE', #4110, #849, #1962 ) ;
#3868 = FILL_AREA_STYLE_COLOUR ( '', #12349 ) ;
#3869 = ORIENTED_EDGE ( 'NONE', *, *, #1510, .T. ) ;
#3870 = AXIS2_PLACEMENT_3D ( 'NONE', #9530, #3221, #3149 ) ;
#3871 = EDGE_CURVE ( 'NONE', #777, #6037, #11667, .T. ) ;
#3872 = EDGE_LOOP ( 'NONE', ( #9008, #9565, #5801, #9784, #7264, #3791, #1431, #1043 ) ) ;
#3873 = STYLED_ITEM ( 'NONE', ( #5564 ), #5932 ) ;
#3874 = VECTOR ( 'NONE', #8340, 1000.000000000000227 ) ;
#3875 = ORIENTED_EDGE ( 'NONE', *, *, #5497, .F. ) ;
#3876 = AXIS2_PLACEMENT_3D ( 'NONE', #10675, #3444, #1226 ) ;
#3877 = CARTESIAN_POINT ( 'NONE',  ( 13.93517677218908446, -57.58451052000000203, -12.86482322780908305 ) ) ;
#3878 = ORIENTED_EDGE ( 'NONE', *, *, #2534, .T. ) ;
#3879 = VERTEX_POINT ( 'NONE', #1865 ) ;
#3880 = DIRECTION ( 'NONE',  ( -0.000000000000000000, -1.000000000000000000, -0.000000000000000000 ) ) ;
#3881 = FACE_OUTER_BOUND ( 'NONE', #4573, .T. ) ;
#3882 = DIRECTION ( 'NONE',  ( -0.000000000000000000, 0.000000000000000000, 1.000000000000000000 ) ) ;
#3883 = LINE ( 'NONE', #12166, #1593 ) ;
#3884 = ORIENTED_EDGE ( 'NONE', *, *, #7671, .T. ) ;
#3885 = ORIENTED_EDGE ( 'NONE', *, *, #3084, .F. ) ;
#3887 = VECTOR ( 'NONE', #2634, 1000.000000000000000 ) ;
#3886 = DIRECTION ( 'NONE',  ( 0.000000000000000000, 0.000000000000000000, 1.000000000000000000 ) ) ;
#3888 = UNCERTAINTY_MEASURE_WITH_UNIT (LENGTH_MEASURE( 1.000000000000000082E-05 ), #9890, 'distance_accuracy_value', 'NONE');
#3889 = DIRECTION ( 'NONE',  ( 0.000000000000000000, 0.000000000000000000, -1.000000000000000000 ) ) ;
#3890 = EDGE_LOOP ( 'NONE', ( #7649, #458, #4834, #5928 ) ) ;
#3891 = ADVANCED_FACE ( 'NONE', ( #884 ), #13738, .F. ) ;
#3892 = DIRECTION ( 'NONE',  ( -0.7071067811865475727, 0.000000000000000000, -0.7071067811865475727 ) ) ;
#3893 = ORIENTED_EDGE ( 'NONE', *, *, #7904, .F. ) ;
#3894 = AXIS2_PLACEMENT_3D ( 'NONE', #12197, #2668, #5034 ) ;
#3895 = EDGE_CURVE ( 'NONE', #12689, #11246, #4583, .T. ) ;
#3896 = CARTESIAN_POINT ( 'NONE',  ( 0.000000000000000000, -19.40650000000000119, -3.509999999999999787 ) ) ;
#3897 = ORIENTED_EDGE ( 'NONE', *, *, #2856, .F. ) ;
#3898 = DIRECTION ( 'NONE',  ( 0.000000000000000000, -1.000000000000000000, 0.000000000000000000 ) ) ;
#3899 = LINE ( 'NONE', #11608, #4869 ) ;
#3900 = PLANE ( 'NONE',  #743 ) ;
#3901 = CARTESIAN_POINT ( 'NONE',  ( 0.000000000000000000, -17.37650000000000006, -6.860000000000000320 ) ) ;
#3902 = VECTOR ( 'NONE', #9778, 1000.000000000000000 ) ;
#3903 = FACE_OUTER_BOUND ( 'NONE', #11384, .T. ) ;
#3904 = CARTESIAN_POINT ( 'NONE',  ( 4.714999999999999858, -13.31649999999999956, 4.650000000000000355 ) ) ;
#3905 = LINE ( 'NONE', #9252, #9549 ) ;
#3906 = DIRECTION ( 'NONE',  ( 1.000000000000000000, 0.000000000000000000, 0.000000000000000000 ) ) ;
#3907 = EDGE_CURVE ( 'NONE', #2958, #4653, #1079, .T. ) ;
#3908 = VERTEX_POINT ( 'NONE', #12643 ) ;
#3909 = DIRECTION ( 'NONE',  ( -0.000000000000000000, 0.000000000000000000, 1.000000000000000000 ) ) ;
#3910 = ADVANCED_FACE ( 'NONE', ( #4009 ), #3179, .T. ) ;
#3911 = FACE_OUTER_BOUND ( 'NONE', #11787, .T. ) ;
#3912 = CARTESIAN_POINT ( 'NONE',  ( -8.474999999999999645, -15.34650000000000070, -0.1000000000000001721 ) ) ;
#3913 = DIRECTION ( 'NONE',  ( 1.000000000000000000, 0.000000000000000000, -0.000000000000000000 ) ) ;
#3914 =( NAMED_UNIT ( * ) SI_UNIT ( $, .STERADIAN. ) SOLID_ANGLE_UNIT ( ) );
#3916 = VERTEX_POINT ( 'NONE', #4147 ) ;
#3915 = CARTESIAN_POINT ( 'NONE',  ( -1.475000000000000089, -19.40650000000000119, -4.320000000000000284 ) ) ;
#3917 = CARTESIAN_POINT ( 'NONE',  ( 4.714999999999999858, -15.34650000000000070, 4.650000000000000355 ) ) ;
#3918 = LINE ( 'NONE', #6149, #2320 ) ;
#3919 = CYLINDRICAL_SURFACE ( 'NONE', #2263, 0.8381999999999998341 ) ;
#3920 = LINE ( 'NONE', #7057, #2982 ) ;
#3921 = EDGE_CURVE ( 'NONE', #8375, #6454, #6177, .T. ) ;
#3922 = VECTOR ( 'NONE', #13379, 1000.000000000000000 ) ;
#3923 = CARTESIAN_POINT ( 'NONE',  ( -2.415000000000000036, -2.337200000000000166, 0.5000000000000000000 ) ) ;
#3924 = ORIENTED_EDGE ( 'NONE', *, *, #4422, .T. ) ;
#3925 = ORIENTED_EDGE ( 'NONE', *, *, #7434, .T. ) ;
#3926 = DIRECTION ( 'NONE',  ( 0.000000000000000000, 0.000000000000000000, -1.000000000000000000 ) ) ;
#3927 = VERTEX_POINT ( 'NONE', #8327 ) ;
#3928 = EDGE_LOOP ( 'NONE', ( #2954, #3086, #2824, #7899 ) ) ;
#3929 = DIRECTION ( 'NONE',  ( 0.000000000000000000, 0.000000000000000000, 1.000000000000000000 ) ) ;
#3930 = CARTESIAN_POINT ( 'NONE',  ( -5.700000000000000178, -3.556500000000000217, 4.500000000000000888 ) ) ;
#3931 = CARTESIAN_POINT ( 'NONE',  ( 1.714505518806294145E-16, -22.96649999999999991, 3.449999999999999734 ) ) ;
#3932 = EDGE_LOOP ( 'NONE', ( #7692, #205, #13204, #13550 ) ) ;
#3933 = CARTESIAN_POINT ( 'NONE',  ( -2.415000000000000036, -2.337200000000000166, -4.500000000000000888 ) ) ;
#3934 = EDGE_CURVE ( 'NONE', #11885, #8375, #2062, .T. ) ;
#3935 = DIRECTION ( 'NONE',  ( -0.000000000000000000, -1.000000000000000000, -0.000000000000000000 ) ) ;
#3936 = ORIENTED_EDGE ( 'NONE', *, *, #12941, .T. ) ;
#3937 = EDGE_CURVE ( 'NONE', #6078, #12518, #5266, .T. ) ;
#3938 = EDGE_LOOP ( 'NONE', ( #12759, #2539, #2774, #2754, #3117, #1394, #12872, #4359, #8803, #1775, #8263, #7274, #5496, #12301, #10199, #7685, #12233, #5695 ) ) ;
#3939 = PLANE ( 'NONE',  #8073 ) ;
#3940 = ORIENTED_EDGE ( 'NONE', *, *, #8593, .T. ) ;
#3941 = ORIENTED_EDGE ( 'NONE', *, *, #10668, .F. ) ;
#3942 = CARTESIAN_POINT ( 'NONE',  ( -5.219999999999999751, -2.673278531665000290, 4.650000000000000355 ) ) ;
#3943 = LINE ( 'NONE', #3160, #6739 ) ;
#3944 = DIRECTION ( 'NONE',  ( 0.000000000000000000, 1.000000000000000000, 0.000000000000000000 ) ) ;
#3945 = CARTESIAN_POINT ( 'NONE',  ( -8.269999999999999574, -17.37650000000000006, 4.650000000000000355 ) ) ;
#3946 = VERTEX_POINT ( 'NONE', #4074 ) ;
#3947 = ORIENTED_EDGE ( 'NONE', *, *, #38, .F. ) ;
#3948 = LINE ( 'NONE', #13406, #6554 ) ;
#3949 = DIRECTION ( 'NONE',  ( 0.000000000000000000, 0.000000000000000000, -1.000000000000000000 ) ) ;
#3950 = EDGE_LOOP ( 'NONE', ( #3785, #2430, #12368, #6551 ) ) ;
#3951 = ORIENTED_EDGE ( 'NONE', *, *, #11495, .F. ) ;
#3952 = FACE_OUTER_BOUND ( 'NONE', #7059, .T. ) ;
#3953 = ORIENTED_EDGE ( 'NONE', *, *, #11752, .F. ) ;
#3954 = CARTESIAN_POINT ( 'NONE',  ( 9.414999999999999147, -21.18649999999999878, 4.649999999999999467 ) ) ;
#3955 = CARTESIAN_POINT ( 'NONE',  ( -4.771619048833783516, -19.43146179653999894, 4.499999999999924505 ) ) ;
#3956 = DIRECTION ( 'NONE',  ( 0.000000000000000000, 0.000000000000000000, -1.000000000000000000 ) ) ;
#3957 = DIRECTION ( 'NONE',  ( 0.000000000000000000, 0.000000000000000000, -1.000000000000000000 ) ) ;
#3958 = ADVANCED_FACE ( 'NONE', ( #1997 ), #12438, .F. ) ;
#3959 = LINE ( 'NONE', #11339, #3984 ) ;
#3960 = CARTESIAN_POINT ( 'NONE',  ( 9.285000000000000142, -15.34650000000000070, 4.650000000000000355 ) ) ;
#3961 = CARTESIAN_POINT ( 'NONE',  ( -0.4949999999999999956, -23.77649999999999864, 1.145000000000000018 ) ) ;
#3962 = DIRECTION ( 'NONE',  ( -0.000000000000000000, -1.000000000000000000, -0.000000000000000000 ) ) ;
#3963 = ORIENTED_EDGE ( 'NONE', *, *, #9147, .F. ) ;
#3964 = CARTESIAN_POINT ( 'NONE',  ( -20.00000000000000000, 0.000000000000000000, 0.000000000000000000 ) ) ;
#3965 = COLOUR_RGB ( '',1.000000000000000000, 1.000000000000000000, 1.000000000000000000 ) ;
#3966 = ADVANCED_FACE ( 'NONE', ( #2910 ), #3045, .T. ) ;
#3967 = LINE ( 'NONE', #8353, #4072 ) ;
#3968 = CARTESIAN_POINT ( 'NONE',  ( -3.935000000000000053, -17.94999999999999929, 0.000000000000000000 ) ) ;
#3969 = DIRECTION ( 'NONE',  ( 0.000000000000000000, 1.000000000000000000, 0.000000000000000000 ) ) ;
#3970 = EDGE_CURVE ( 'NONE', #11229, #2704, #7292, .T. ) ;
#3971 = LINE ( 'NONE', #8013, #1612 ) ;
#3973 = ORIENTED_EDGE ( 'NONE', *, *, #10174, .F. ) ;
#3972 = DIRECTION ( 'NONE',  ( -1.000000000000000000, 0.000000000000000000, -0.000000000000000000 ) ) ;
#3974 = PRESENTATION_STYLE_ASSIGNMENT (( #12615 ) ) ;
#3975 = VECTOR ( 'NONE', #10704, 1000.000000000000000 ) ;
#3976 = CARTESIAN_POINT ( 'NONE',  ( -2.415000000000000036, -22.96649999999999991, -7.519999999999999574 ) ) ;
#3977 = EDGE_CURVE ( 'NONE', #2702, #2957, #10341, .T. ) ;
#3978 = SURFACE_STYLE_USAGE ( .BOTH. , #9385 ) ;
#3979 = AXIS2_PLACEMENT_3D ( 'NONE', #9372, #11343, #7254 ) ;
#3980 = DIRECTION ( 'NONE',  ( 0.000000000000000000, 1.000000000000000000, 0.000000000000000000 ) ) ;
#3981 = CARTESIAN_POINT ( 'NONE',  ( -5.705000000000000071, -19.40650000000000119, 3.840000000000000302 ) ) ;
#3982 = EDGE_CURVE ( 'NONE', #2462, #2177, #2144, .T. ) ;
#3983 = DIRECTION ( 'NONE',  ( -1.000000000000000000, -0.000000000000000000, 0.000000000000000000 ) ) ;
#3984 = VECTOR ( 'NONE', #10148, 1000.000000000000000 ) ;
#3985 = VECTOR ( 'NONE', #10394, 1000.000000000000000 ) ;
#3986 = LINE ( 'NONE', #5368, #4965 ) ;
#3987 = ORIENTED_EDGE ( 'NONE', *, *, #7178, .F. ) ;
#3988 = ORIENTED_EDGE ( 'NONE', *, *, #3545, .T. ) ;
#3989 = CARTESIAN_POINT ( 'NONE',  ( -24.89999999999999503, 0.000000000000000000, 15.80886698680999913 ) ) ;
#3990 = VERTEX_POINT ( 'NONE', #6502 ) ;
#3991 = VERTEX_POINT ( 'NONE', #3309 ) ;
#3992 = CARTESIAN_POINT ( 'NONE',  ( 0.6350000000000000089, -22.96649999999999991, -3.509999999999999787 ) ) ;
#3993 = DIRECTION ( 'NONE',  ( 0.000000000000000000, 0.000000000000000000, 1.000000000000000000 ) ) ;
#3994 = CARTESIAN_POINT ( 'NONE',  ( 1.780000000000000027, -2.673278531665000290, -4.320000000000000284 ) ) ;
#3995 = ORIENTED_EDGE ( 'NONE', *, *, #8609, .F. ) ;
#3996 = DIRECTION ( 'NONE',  ( 1.000000000000000000, 0.000000000000000000, 0.000000000000000000 ) ) ;
#3997 = EDGE_CURVE ( 'NONE', #9765, #2684, #4347, .T. ) ;
#3998 = CARTESIAN_POINT ( 'NONE',  ( -8.394999999999999574, -22.96649999999999991, 15.50000000000000000 ) ) ;
#3999 = VECTOR ( 'NONE', #989, 1000.000000000000000 ) ;
#4000 = LINE ( 'NONE', #8319, #1115 ) ;
#4001 = ORIENTED_EDGE ( 'NONE', *, *, #4605, .F. ) ;
#4002 = EDGE_CURVE ( 'NONE', #6883, #10404, #12979, .T. ) ;
#4003 = AXIS2_PLACEMENT_3D ( 'NONE', #10493, #3066, #12604 ) ;
#4004 = ORIENTED_EDGE ( 'NONE', *, *, #3871, .T. ) ;
#4005 = CARTESIAN_POINT ( 'NONE',  ( 8.275000000000000355, -17.37650000000000006, 4.650000000000000355 ) ) ;
#4006 = EDGE_LOOP ( 'NONE', ( #11010, #5954, #1511, #5528 ) ) ;
#4007 = ORIENTED_EDGE ( 'NONE', *, *, #2061, .F. ) ;
#4008 = ADVANCED_FACE ( 'NONE', ( #10807 ), #1289, .T. ) ;
#4009 = FACE_OUTER_BOUND ( 'NONE', #8734, .T. ) ;
#4010 = DIRECTION ( 'NONE',  ( 0.000000000000000000, -1.000000000000000000, 0.000000000000000000 ) ) ;
#4011 = LINE ( 'NONE', #1937, #11599 ) ;
#4012 = ORIENTED_EDGE ( 'NONE', *, *, #705, .T. ) ;
#4013 = EDGE_CURVE ( 'NONE', #7939, #12324, #10124, .T. ) ;
#4014 = FACE_OUTER_BOUND ( 'NONE', #666, .T. ) ;
#4015 = CARTESIAN_POINT ( 'NONE',  ( 1.300000000000000266, -3.556500000000000661, -4.320000000000000284 ) ) ;
#4016 = EDGE_LOOP ( 'NONE', ( #1016, #10546, #9070, #4225 ) ) ;
#4017 = ORIENTED_EDGE ( 'NONE', *, *, #5849, .T. ) ;
#4018 = EDGE_CURVE ( 'NONE', #4145, #13178, #2396, .T. ) ;
#4019 = ORIENTED_EDGE ( 'NONE', *, *, #5197, .T. ) ;
#4020 = PLANE ( 'NONE',  #10959 ) ;
#4021 = ORIENTED_EDGE ( 'NONE', *, *, #445, .T. ) ;
#4022 = LINE ( 'NONE', #8272, #57 ) ;
#4023 =( LENGTH_UNIT ( ) NAMED_UNIT ( * ) SI_UNIT ( .MILLI., .METRE. ) );
#4024 = PLANE ( 'NONE',  #3864 ) ;
#4025 = FACE_OUTER_BOUND ( 'NONE', #9263, .T. ) ;
#4026 = CARTESIAN_POINT ( 'NONE',  ( 9.285000000000000142, -17.94999999999999929, 4.830000000000000071 ) ) ;
#4027 = CARTESIAN_POINT ( 'NONE',  ( 4.584999999999999964, -20.17650000000000077, 7.519999999999999574 ) ) ;
#4028 = CARTESIAN_POINT ( 'NONE',  ( -8.800000000000000711, 0.000000000000000000, -12.90000000000000036 ) ) ;
#4029 = CARTESIAN_POINT ( 'NONE',  ( -10.80380592228999959, 3.200000000000000178, -9.056194077713001889 ) ) ;
#4030 = ORIENTED_EDGE ( 'NONE', *, *, #11060, .T. ) ;
#4031 = VECTOR ( 'NONE', #10621, 1000.000000000000000 ) ;
#4032 = CARTESIAN_POINT ( 'NONE',  ( 1.320799999999999974, -2.337200000000000166, 0.5000000000000000000 ) ) ;
#4033 = VERTEX_POINT ( 'NONE', #7688 ) ;
#4034 = AXIS2_PLACEMENT_3D ( 'NONE', #10303, #13441, #1829 ) ;
#4035 = DIRECTION ( 'NONE',  ( -0.8786293792631103550, 0.4775043600803258736, 0.000000000000000000 ) ) ;
#4036 = DIRECTION ( 'NONE',  ( 0.000000000000000000, -0.000000000000000000, 1.000000000000000000 ) ) ;
#4037 = FACE_OUTER_BOUND ( 'NONE', #11983, .T. ) ;
#4038 = VECTOR ( 'NONE', #12786, 1000.000000000000000 ) ;
#4039 = ORIENTED_EDGE ( 'NONE', *, *, #12850, .T. ) ;
#4040 = DIRECTION ( 'NONE',  ( 0.000000000000000000, -1.000000000000000000, 0.000000000000000000 ) ) ;
#4041 = DIRECTION ( 'NONE',  ( 1.000000000000000000, 0.000000000000000000, 0.000000000000000000 ) ) ;
#4042 = LINE ( 'NONE', #4891, #5429 ) ;
#4043 = CARTESIAN_POINT ( 'NONE',  ( 1.274999999999999911, -17.57000000000000384, -4.519999999999999574 ) ) ;
#4044 = DIRECTION ( 'NONE',  ( 0.000000000000000000, -0.000000000000000000, -1.000000000000000000 ) ) ;
#4045 = VECTOR ( 'NONE', #12834, 1000.000000000000000 ) ;
#4046 = PRESENTATION_STYLE_ASSIGNMENT (( #4189 ) ) ;
#4047 = EDGE_CURVE ( 'NONE', #10238, #1500, #2465, .T. ) ;
#4048 = MECHANICAL_DESIGN_GEOMETRIC_PRESENTATION_REPRESENTATION (  '', ( #11822 ), #8708 ) ;
#4049 = DIRECTION ( 'NONE',  ( 1.000000000000000000, -0.000000000000000000, 0.000000000000000000 ) ) ;
#4050 = VECTOR ( 'NONE', #7550, 1000.000000000000000 ) ;
#4051 = VERTEX_POINT ( 'NONE', #10946 ) ;
#4052 = ORIENTED_EDGE ( 'NONE', *, *, #13072, .F. ) ;
#4053 = DIRECTION ( 'NONE',  ( -0.000000000000000000, -1.000000000000000000, -0.000000000000000000 ) ) ;
#4054 = ADVANCED_FACE ( 'NONE', ( #12841 ), #29, .T. ) ;
#4055 = ORIENTED_EDGE ( 'NONE', *, *, #3571, .T. ) ;
#4056 = VERTEX_POINT ( 'NONE', #2195 ) ;
#4057 = DIRECTION ( 'NONE',  ( 1.000000000000000000, 0.000000000000000000, -0.000000000000000000 ) ) ;
#4058 = CARTESIAN_POINT ( 'NONE',  ( 5.605000000000000426, -23.77649999999999864, 3.840000000000000302 ) ) ;
#4059 = FACE_OUTER_BOUND ( 'NONE', #10697, .T. ) ;
#4060 = ORIENTED_EDGE ( 'NONE', *, *, #12181, .T. ) ;
#4061 = PLANE ( 'NONE',  #9186 ) ;
#4062 = SURFACE_STYLE_USAGE ( .BOTH. , #9342 ) ;
#4063 = VECTOR ( 'NONE', #5158, 1000.000000000000000 ) ;
#4064 = CARTESIAN_POINT ( 'NONE',  ( -8.300000000000000711, -3.556500000000000661, -0.1000000000000000056 ) ) ;
#4065 = EDGE_CURVE ( 'NONE', #11952, #3187, #6645, .T. ) ;
#4066 = AXIS2_PLACEMENT_3D ( 'NONE', #11683, #13692, #1884 ) ;
#4067 = ADVANCED_FACE ( 'NONE', ( #12904 ), #5592, .F. ) ;
#4068 = VERTEX_POINT ( 'NONE', #11860 ) ;
#4069 = DIRECTION ( 'NONE',  ( -1.000000000000000000, 0.000000000000000000, 0.000000000000000000 ) ) ;
#4070 = EDGE_CURVE ( 'NONE', #2202, #4257, #8656, .T. ) ;
#4071 = ORIENTED_EDGE ( 'NONE', *, *, #1629, .T. ) ;
#4072 = VECTOR ( 'NONE', #12464, 1000.000000000000000 ) ;
#4073 = ORIENTED_EDGE ( 'NONE', *, *, #4467, .T. ) ;
#4074 = CARTESIAN_POINT ( 'NONE',  ( 6.489999999999998437, -3.313815743960000226, -0.1000000000000007827 ) ) ;
#4075 = CARTESIAN_POINT ( 'NONE',  ( -5.219999999999999751, -2.673278531665000290, 4.500000000000000888 ) ) ;
#4076 = CARTESIAN_POINT ( 'NONE',  ( 9.285000000000000142, -19.40650000000000119, 4.650000000000000355 ) ) ;
#4077 = ORIENTED_EDGE ( 'NONE', *, *, #4122, .T. ) ;
#4078 = AXIS2_PLACEMENT_3D ( 'NONE', #2187, #1990, #94 ) ;
#4079 = CIRCLE ( 'NONE', #9398, 8.000000000000000000 ) ;
#4080 = CARTESIAN_POINT ( 'NONE',  ( 20.00000000000000000, -2.399999999999999911, 0.000000000000000000 ) ) ;
#4081 = ORIENTED_EDGE ( 'NONE', *, *, #5586, .F. ) ;
#4082 = MECHANICAL_DESIGN_GEOMETRIC_PRESENTATION_REPRESENTATION (  '', ( #6750 ), #3859 ) ;
#4083 = EDGE_CURVE ( 'NONE', #2119, #2520, #2262, .T. ) ;
#4084 = VERTEX_POINT ( 'NONE', #9826 ) ;
#4085 = VECTOR ( 'NONE', #10752, 1000.000000000000000 ) ;
#4086 = EDGE_CURVE ( 'NONE', #11894, #8695, #6580, .T. ) ;
#4087 = AXIS2_PLACEMENT_3D ( 'NONE', #6489, #2123, #9744 ) ;
#4088 = EDGE_CURVE ( 'NONE', #9675, #7939, #5524, .T. ) ;
#4089 = ORIENTED_EDGE ( 'NONE', *, *, #4844, .F. ) ;
#4090 = LINE ( 'NONE', #834, #7627 ) ;
#4091 = VERTEX_POINT ( 'NONE', #9757 ) ;
#4092 = VECTOR ( 'NONE', #11082, 1000.000000000000000 ) ;
#4093 = CARTESIAN_POINT ( 'NONE',  ( 3.935000000000000053, -17.94999999999999929, -4.500000000000000888 ) ) ;
#4094 = FACE_OUTER_BOUND ( 'NONE', #8026, .T. ) ;
#4095 = CARTESIAN_POINT ( 'NONE',  ( 0.000000000000000000, -22.58650000000000091, -4.320000000000000284 ) ) ;
#4096 = FACE_OUTER_BOUND ( 'NONE', #1142, .T. ) ;
#4097 = DIRECTION ( 'NONE',  ( 0.000000000000000000, 1.000000000000000000, 0.000000000000000000 ) ) ;
#4098 = VECTOR ( 'NONE', #6812, 1000.000000000000000 ) ;
#4099 = DIRECTION ( 'NONE',  ( 1.000000000000000000, 0.000000000000000000, -0.000000000000000000 ) ) ;
#4100 = EDGE_CURVE ( 'NONE', #9715, #164, #240, .T. ) ;
#4101 = DIRECTION ( 'NONE',  ( -1.000000000000000000, -0.000000000000000000, 0.000000000000000000 ) ) ;
#4102 = EDGE_CURVE ( 'NONE', #8619, #1585, #11999, .T. ) ;
#4103 = DIRECTION ( 'NONE',  ( 1.000000000000000000, 0.000000000000000000, -0.000000000000000000 ) ) ;
#4104 = ORIENTED_EDGE ( 'NONE', *, *, #4418, .T. ) ;
#4105 = VECTOR ( 'NONE', #7933, 1000.000000000000000 ) ;
#4106 = EDGE_CURVE ( 'NONE', #3682, #5822, #6435, .T. ) ;
#4107 = DIRECTION ( 'NONE',  ( -0.000000000000000000, -0.000000000000000000, -1.000000000000000000 ) ) ;
#4108 = VECTOR ( 'NONE', #7407, 1000.000000000000000 ) ;
#4109 = ORIENTED_EDGE ( 'NONE', *, *, #5767, .T. ) ;
#4110 = CARTESIAN_POINT ( 'NONE',  ( -5.724999999999999645, -12.30150000000000254, 3.640000000000000124 ) ) ;
#4111 = CARTESIAN_POINT ( 'NONE',  ( -6.733679656439999661, -15.22000000000000774, -6.956320343559999841 ) ) ;
#4112 = SURFACE_STYLE_FILL_AREA ( #8288 ) ;
#4113 = ORIENTED_EDGE ( 'NONE', *, *, #5211, .F. ) ;
#4114 = CARTESIAN_POINT ( 'NONE',  ( -18.25000000000000000, -8.699999999999999289, 15.80886698680999913 ) ) ;
#4115 = ADVANCED_FACE ( 'NONE', ( #5389 ), #9624, .F. ) ;
#4116 = LINE ( 'NONE', #7053, #8323 ) ;
#4117 = DIRECTION ( 'NONE',  ( -0.000000000000000000, 0.000000000000000000, -1.000000000000000000 ) ) ;
#4118 = CARTESIAN_POINT ( 'NONE',  ( -20.00000000000000000, -2.399999999999999911, -1.750000000000000000 ) ) ;
#4119 = DIRECTION ( 'NONE',  ( 0.000000000000000000, -0.000000000000000000, 1.000000000000000000 ) ) ;
#4120 = VERTEX_POINT ( 'NONE', #4902 ) ;
#4121 = VECTOR ( 'NONE', #7266, 1000.000000000000000 ) ;
#4122 = EDGE_CURVE ( 'NONE', #4579, #10541, #7484, .T. ) ;
#4123 = CARTESIAN_POINT ( 'NONE',  ( -7.000000000000000000, -21.18649999999999878, 4.650000000000000355 ) ) ;
#4124 = ORIENTED_EDGE ( 'NONE', *, *, #9573, .F. ) ;
#4125 = DIRECTION ( 'NONE',  ( 0.000000000000000000, 1.000000000000000000, 0.000000000000000000 ) ) ;
#4126 = EDGE_LOOP ( 'NONE', ( #6319, #1301, #1521, #2058, #12153, #4785 ) ) ;
#4127 = EDGE_LOOP ( 'NONE', ( #7038, #8801, #3053, #10908 ) ) ;
#4128 = PLANE ( 'NONE',  #11153 ) ;
#4129 = ORIENTED_EDGE ( 'NONE', *, *, #3833, .F. ) ;
#4130 = ORIENTED_EDGE ( 'NONE', *, *, #12929, .F. ) ;
#4131 = CARTESIAN_POINT ( 'NONE',  ( 8.320800000000000196, -2.337200000000000166, 0.000000000000000000 ) ) ;
#4132 = CARTESIAN_POINT ( 'NONE',  ( -8.320800000000000196, 3.589199999999999946, 4.500000000000000888 ) ) ;
#4133 = CARTESIAN_POINT ( 'NONE',  ( 1.474999999999999867, -16.36152659300000067, -3.310000000036999790 ) ) ;
#4134 = ORIENTED_EDGE ( 'NONE', *, *, #12529, .F. ) ;
#4135 = DIRECTION ( 'NONE',  ( 0.000000000000000000, 0.000000000000000000, 1.000000000000000000 ) ) ;
#4136 = CARTESIAN_POINT ( 'NONE',  ( -15.94999999999999929, -17.94999999999999929, 13.40000000000000036 ) ) ;
#4137 = VECTOR ( 'NONE', #6995, 1000.000000000000000 ) ;
#4138 = CARTESIAN_POINT ( 'NONE',  ( -0.5100000000000000089, -3.313815743959999338, 0.4300000000000019362 ) ) ;
#4139 = CARTESIAN_POINT ( 'NONE',  ( -10.15000000000000036, -22.58650000000000091, 4.650000000000000355 ) ) ;
#4140 = EDGE_CURVE ( 'NONE', #5808, #10692, #5944, .T. ) ;
#4141 = EDGE_CURVE ( 'NONE', #1250, #4091, #2828, .T. ) ;
#4142 = ORIENTED_EDGE ( 'NONE', *, *, #8406, .T. ) ;
#4143 = VECTOR ( 'NONE', #638, 1000.000000000000000 ) ;
#4144 = CARTESIAN_POINT ( 'NONE',  ( -5.679199999999999804, -2.337200000000000166, -0.5000000000000000000 ) ) ;
#4145 = VERTEX_POINT ( 'NONE', #2612 ) ;
#4146 = ORIENTED_EDGE ( 'NONE', *, *, #3977, .T. ) ;
#4147 = CARTESIAN_POINT ( 'NONE',  ( 8.269999999999999574, -17.37650000000000006, 4.500000000000000888 ) ) ;
#4148 = DIRECTION ( 'NONE',  ( -0.8786293792632253741, 0.4775043600801141541, -0.000000000000000000 ) ) ;
#4149 = EDGE_CURVE ( 'NONE', #9933, #1805, #4620, .T. ) ;
#4150 = FACE_OUTER_BOUND ( 'NONE', #13545, .T. ) ;
#4151 = ORIENTED_EDGE ( 'NONE', *, *, #12365, .F. ) ;
#4152 = CARTESIAN_POINT ( 'NONE',  ( -7.509999999999999787, -3.313815743959999782, 3.629999999999999449 ) ) ;
#4153 = EDGE_CURVE ( 'NONE', #2958, #12684, #1502, .T. ) ;
#4154 = DIRECTION ( 'NONE',  ( -1.000000000000000000, 0.000000000000000000, -0.000000000000000000 ) ) ;
#4155 = EDGE_LOOP ( 'NONE', ( #9621, #4486, #907, #10257 ) ) ;
#4156 = VERTEX_POINT ( 'NONE', #9000 ) ;
#4157 = EDGE_CURVE ( 'NONE', #12482, #656, #12071, .T. ) ;
#4158 = UNCERTAINTY_MEASURE_WITH_UNIT (LENGTH_MEASURE( 1.000000000000000082E-05 ), #7047, 'distance_accuracy_value', 'NONE');
#4159 = ORIENTED_EDGE ( 'NONE', *, *, #11905, .F. ) ;
#4160 = LINE ( 'NONE', #6041, #3874 ) ;
#4161 = ORIENTED_EDGE ( 'NONE', *, *, #6198, .F. ) ;
#4162 = FACE_OUTER_BOUND ( 'NONE', #5735, .T. ) ;
#4163 = DIRECTION ( 'NONE',  ( 1.000000000000000000, -0.000000000000000000, 0.000000000000000000 ) ) ;
#4164 = PLANE ( 'NONE',  #5850 ) ;
#4165 = CARTESIAN_POINT ( 'NONE',  ( 5.605000000000000426, -22.96649999999999991, 3.840000000000000302 ) ) ;
#4166 = CARTESIAN_POINT ( 'NONE',  ( -0.4949999999999999956, -33.95649999999871937, 1.145000000000000240 ) ) ;
#4167 = DIRECTION ( 'NONE',  ( 0.000000000000000000, 0.000000000000000000, 1.000000000000000000 ) ) ;
#4168 = EDGE_CURVE ( 'NONE', #9223, #3574, #6918, .T. ) ;
#4169 = SURFACE_STYLE_USAGE ( .BOTH. , #3392 ) ;
#4170 = DIRECTION ( 'NONE',  ( 1.000000000000000000, 0.000000000000000000, -0.000000000000000000 ) ) ;
#4171 = ORIENTED_EDGE ( 'NONE', *, *, #9560, .T. ) ;
#4172 = CARTESIAN_POINT ( 'NONE',  ( 4.584999999999999964, -21.18649999999999878, 3.840000000000000302 ) ) ;
#4173 = VERTEX_POINT ( 'NONE', #450 ) ;
#4174 = EDGE_CURVE ( 'NONE', #9899, #8936, #6855, .T. ) ;
#4175 = DIRECTION ( 'NONE',  ( 0.000000000000000000, 0.000000000000000000, 1.000000000000000000 ) ) ;
#4176 = DIRECTION ( 'NONE',  ( 0.000000000000000000, -1.000000000000000000, 0.000000000000000000 ) ) ;
#4177 = CARTESIAN_POINT ( 'NONE',  ( -5.500000000000000000, -17.57000000000000384, 4.649999999999999467 ) ) ;
#4178 = EDGE_CURVE ( 'NONE', #5313, #3316, #4689, .T. ) ;
#4179 = EDGE_CURVE ( 'NONE', #11931, #4631, #1780, .T. ) ;
#4180 = LINE ( 'NONE', #12812, #12207 ) ;
#4181 = CARTESIAN_POINT ( 'NONE',  ( 10.15000000000000036, -22.58650000000000091, 4.650000000000000355 ) ) ;
#4182 = EDGE_CURVE ( 'NONE', #6081, #5065, #1637, .T. ) ;
#4183 =( NAMED_UNIT ( * ) PLANE_ANGLE_UNIT ( ) SI_UNIT ( $, .RADIAN. ) );
#4184 = FACE_OUTER_BOUND ( 'NONE', #4155, .T. ) ;
#4185 = EDGE_CURVE ( 'NONE', #13113, #6444, #13114, .T. ) ;
#4186 = PLANE ( 'NONE',  #10522 ) ;
#4187 = ORIENTED_EDGE ( 'NONE', *, *, #2432, .T. ) ;
#4188 = VECTOR ( 'NONE', #5568, 1000.000000000000000 ) ;
#4189 = SURFACE_STYLE_USAGE ( .BOTH. , #992 ) ;
#4190 = ORIENTED_EDGE ( 'NONE', *, *, #6445, .T. ) ;
#4191 = ORIENTED_EDGE ( 'NONE', *, *, #4888, .T. ) ;
#4192 = ORIENTED_EDGE ( 'NONE', *, *, #5868, .F. ) ;
#4193 = DIRECTION ( 'NONE',  ( -0.000000000000000000, 1.000000000000000000, -0.000000000000000000 ) ) ;
#4194 = VECTOR ( 'NONE', #7040, 1000.000000000000000 ) ;
#4195 = ORIENTED_EDGE ( 'NONE', *, *, #3500, .T. ) ;
#4196 = VECTOR ( 'NONE', #1590, 1000.000000000000000 ) ;
#4197 = VERTEX_POINT ( 'NONE', #1710 ) ;
#4198 = VECTOR ( 'NONE', #3832, 1000.000000000000227 ) ;
#4199 = LINE ( 'NONE', #12696, #6142 ) ;
#4200 = CARTESIAN_POINT ( 'NONE',  ( -5.705000000000000071, -17.37650000000000006, 4.830000000000000071 ) ) ;
#4201 = CARTESIAN_POINT ( 'NONE',  ( 7.000000000000000000, -17.37650000000000006, 19.46000000000000085 ) ) ;
#4202 = VERTEX_POINT ( 'NONE', #11095 ) ;
#4203 = CARTESIAN_POINT ( 'NONE',  ( 13.93517677218704165, 0.000000000000000000, -12.86482322781204068 ) ) ;
#4204 = CARTESIAN_POINT ( 'NONE',  ( 5.605000000000000426, -23.77649999999999864, 4.940000000000000391 ) ) ;
#4205 = VECTOR ( 'NONE', #1676, 1000.000000000000000 ) ;
#4206 = LINE ( 'NONE', #7540, #4045 ) ;
#4207 = VECTOR ( 'NONE', #12725, 1000.000000000000000 ) ;
#4208 = VECTOR ( 'NONE', #6094, 1000.000000000000000 ) ;
#4209 = VERTEX_POINT ( 'NONE', #1567 ) ;
#4210 = DIRECTION ( 'NONE',  ( 0.000000000000000000, 0.000000000000000000, -1.000000000000000000 ) ) ;
#4211 = ORIENTED_EDGE ( 'NONE', *, *, #9770, .F. ) ;
#4212 = ORIENTED_EDGE ( 'NONE', *, *, #11261, .F. ) ;
#4213 = DIRECTION ( 'NONE',  ( -0.000000000000000000, -1.000000000000000000, -0.000000000000000000 ) ) ;
#4214 = DIRECTION ( 'NONE',  ( 0.000000000000000000, 0.000000000000000000, -1.000000000000000000 ) ) ;
#4215 = VECTOR ( 'NONE', #3825, 1000.000000000000000 ) ;
#4216 = PLANE ( 'NONE',  #7156 ) ;
#4217 = ORIENTED_EDGE ( 'NONE', *, *, #12998, .F. ) ;
#4218 = PLANE ( 'NONE',  #4327 ) ;
#4219 = EDGE_CURVE ( 'NONE', #1461, #9968, #10035, .T. ) ;
#4220 = LINE ( 'NONE', #3119, #486 ) ;
#4221 = VERTEX_POINT ( 'NONE', #12150 ) ;
#4222 = ORIENTED_EDGE ( 'NONE', *, *, #6852, .F. ) ;
#4223 = AXIS2_PLACEMENT_3D ( 'NONE', #12396, #2803, #902 ) ;
#4224 = EDGE_CURVE ( 'NONE', #9933, #5744, #517, .T. ) ;
#4225 = ORIENTED_EDGE ( 'NONE', *, *, #5921, .F. ) ;
#4226 = CARTESIAN_POINT ( 'NONE',  ( -0.4949999999999999956, -23.77649999999999864, 1.145000000000000240 ) ) ;
#4227 = ORIENTED_EDGE ( 'NONE', *, *, #12426, .T. ) ;
#4228 = CARTESIAN_POINT ( 'NONE',  ( -0.4949999999999999956, -33.95649999999844226, -1.654999999998748583 ) ) ;
#4229 = CARTESIAN_POINT ( 'NONE',  ( -1.270000000000000018, -17.37650000000000006, -4.320000000000000284 ) ) ;
#4230 = CARTESIAN_POINT ( 'NONE',  ( 3.149999999999999911, -22.58650000000000091, -4.320000000000000284 ) ) ;
#4231 = ADVANCED_FACE ( 'NONE', ( #10177 ), #4836, .T. ) ;
#4232 = FACE_OUTER_BOUND ( 'NONE', #4900, .T. ) ;
#4233 = VECTOR ( 'NONE', #406, 1000.000000000000000 ) ;
#4234 = DIRECTION ( 'NONE',  ( 0.000000000000000000, 0.000000000000000000, -1.000000000000000000 ) ) ;
#4235 = DIRECTION ( 'NONE',  ( -0.000000000000000000, -1.000000000000000000, 0.000000000000000000 ) ) ;
#4236 = ORIENTED_EDGE ( 'NONE', *, *, #874, .T. ) ;
#4237 = CARTESIAN_POINT ( 'NONE',  ( 1.395000000000000018, -22.96649999999999991, -3.310000000000000053 ) ) ;
#4238 = ORIENTED_EDGE ( 'NONE', *, *, #3224, .T. ) ;
#4239 = CYLINDRICAL_SURFACE ( 'NONE', #12754, 0.9899999999999999911 ) ;
#4240 = DIRECTION ( 'NONE',  ( 0.000000000000000000, 0.000000000000000000, -1.000000000000000000 ) ) ;
#4241 = CARTESIAN_POINT ( 'NONE',  ( -1.475000000000000089, -13.31649999999999956, -4.320000000000000284 ) ) ;
#4242 = CARTESIAN_POINT ( 'NONE',  ( 4.714999999999999858, -13.31649999999999956, 4.650000000000000355 ) ) ;
#4243 = AXIS2_PLACEMENT_3D ( 'NONE', #5328, #3507, #12982 ) ;
#4244 = LINE ( 'NONE', #12943, #2537 ) ;
#4245 = CARTESIAN_POINT ( 'NONE',  ( 5.500000000000000000, -17.94999999999999929, 13.40000000000000036 ) ) ;
#4246 = LINE ( 'NONE', #5167, #10302 ) ;
#4247 = EDGE_LOOP ( 'NONE', ( #3451, #1004, #8178, #3005 ) ) ;
#4248 = UNCERTAINTY_MEASURE_WITH_UNIT (LENGTH_MEASURE( 1.000000000000000082E-05 ), #4917, 'distance_accuracy_value', 'NONE');
#4249 = DIRECTION ( 'NONE',  ( -1.000000000000000000, -0.000000000000000000, -0.000000000000000000 ) ) ;
#4250 = EDGE_CURVE ( 'NONE', #13123, #6711, #9969, .T. ) ;
#4251 = VECTOR ( 'NONE', #3425, 1000.000000000000000 ) ;
#4252 = ADVANCED_FACE ( 'NONE', ( #11161 ), #5876, .F. ) ;
#4253 = ORIENTED_EDGE ( 'NONE', *, *, #9414, .T. ) ;
#4254 =( NAMED_UNIT ( * ) PLANE_ANGLE_UNIT ( ) SI_UNIT ( $, .RADIAN. ) );
#4255 = VECTOR ( 'NONE', #6808, 1000.000000000000000 ) ;
#4256 = EDGE_CURVE ( 'NONE', #3991, #539, #10324, .T. ) ;
#4257 = VERTEX_POINT ( 'NONE', #6163 ) ;
#4258 = ORIENTED_EDGE ( 'NONE', *, *, #1873, .T. ) ;
#4259 =( NAMED_UNIT ( * ) SI_UNIT ( $, .STERADIAN. ) SOLID_ANGLE_UNIT ( ) );
#4260 = VERTEX_POINT ( 'NONE', #3162 ) ;
#4262 = VERTEX_POINT ( 'NONE', #13663 ) ;
#4261 = CARTESIAN_POINT ( 'NONE',  ( -10.93500000000000050, -17.94999999999999929, 4.500000000000000888 ) ) ;
#4263 = LINE ( 'NONE', #8505, #13252 ) ;
#4264 = DIRECTION ( 'NONE',  ( 0.000000000000000000, 0.000000000000000000, 1.000000000000000000 ) ) ;
#4265 = DIRECTION ( 'NONE',  ( 1.000000000000000000, 0.000000000000000000, 0.000000000000000000 ) ) ;
#4266 = ORIENTED_EDGE ( 'NONE', *, *, #9521, .F. ) ;
#4267 = CARTESIAN_POINT ( 'NONE',  ( -5.205000000000000071, -22.96649999999999991, -1.879999999999999893 ) ) ;
#4268 = FILL_AREA_STYLE_COLOUR ( '', #1095 ) ;
#4269 = EDGE_CURVE ( 'NONE', #2903, #10774, #11448, .T. ) ;
#4270 = AXIS2_PLACEMENT_3D ( 'NONE', #9494, #8595, #4154 ) ;
#4271 = CARTESIAN_POINT ( 'NONE',  ( 5.525000000000000355, -13.31649999999999956, 3.629999999999999893 ) ) ;
#4272 = EDGE_CURVE ( 'NONE', #5669, #12224, #12487, .T. ) ;
#4273 = VERTEX_POINT ( 'NONE', #7136 ) ;
#4274 = ORIENTED_EDGE ( 'NONE', *, *, #9785, .F. ) ;
#4275 = VECTOR ( 'NONE', #2165, 1000.000000000000000 ) ;
#4276 = ORIENTED_EDGE ( 'NONE', *, *, #7258, .T. ) ;
#4277 = CARTESIAN_POINT ( 'NONE',  ( -12.20500000000000007, -22.96649999999999991, 7.519999999999999574 ) ) ;
#4278 = CARTESIAN_POINT ( 'NONE',  ( -9.228380951166229806, -17.37650000000000006, 4.499999999999962697 ) ) ;
#4279 = LINE ( 'NONE', #7493, #8526 ) ;
#4280 = VERTEX_POINT ( 'NONE', #1848 ) ;
#4281 = VECTOR ( 'NONE', #13230, 1000.000000000000000 ) ;
#4282 = EDGE_CURVE ( 'NONE', #5313, #6557, #11578, .T. ) ;
#4283 = DIRECTION ( 'NONE',  ( -0.9949459368917742408, 0.1004120643276970315, 0.000000000000000000 ) ) ;
#4284 = AXIS2_PLACEMENT_3D ( 'NONE', #3518, #12855, #1452 ) ;
#4285 = SURFACE_SIDE_STYLE ('',( #7496 ) ) ;
#4286 = ORIENTED_EDGE ( 'NONE', *, *, #7178, .T. ) ;
#4287 = VERTEX_POINT ( 'NONE', #8446 ) ;
#4288 = MECHANICAL_DESIGN_GEOMETRIC_PRESENTATION_REPRESENTATION (  '', ( #872 ), #3189 ) ;
#4289 = VECTOR ( 'NONE', #694, 1000.000000000000000 ) ;
#4290 = AXIS2_PLACEMENT_3D ( 'NONE', #11441, #3087, #6281 ) ;
#4291 = ORIENTED_EDGE ( 'NONE', *, *, #11570, .T. ) ;
#4292 = VECTOR ( 'NONE', #9739, 1000.000000000000000 ) ;
#4293 = DIRECTION ( 'NONE',  ( 0.000000000000000000, 0.000000000000000000, -1.000000000000000000 ) ) ;
#4294 = ORIENTED_EDGE ( 'NONE', *, *, #11520, .F. ) ;
#4295 = DIRECTION ( 'NONE',  ( 0.000000000000000000, 1.000000000000000000, 0.000000000000000000 ) ) ;
#4296 = DIRECTION ( 'NONE',  ( -1.000000000000000000, 0.000000000000000000, -0.000000000000000000 ) ) ;
#4297 = CARTESIAN_POINT ( 'NONE',  ( -8.394999999999999574, -23.77649999999999864, 4.650000000000000355 ) ) ;
#4298 = CARTESIAN_POINT ( 'NONE',  ( 9.414999999999999147, -22.96649999999999991, 7.519999999999999574 ) ) ;
#4299 = FACE_OUTER_BOUND ( 'NONE', #9850, .T. ) ;
#4300 = EDGE_CURVE ( 'NONE', #11446, #10123, #9474, .T. ) ;
#4301 = VECTOR ( 'NONE', #10195, 1000.000000000000000 ) ;
#4302 = CARTESIAN_POINT ( 'NONE',  ( 5.525000000000000355, -19.40650000000000119, 4.650000000000000355 ) ) ;
#4303 = VECTOR ( 'NONE', #5630, 1000.000000000000000 ) ;
#4304 = FILL_AREA_STYLE ('',( #6603 ) ) ;
#4305 = DIRECTION ( 'NONE',  ( -1.000000000000000000, -0.000000000000000000, 0.000000000000000000 ) ) ;
#4306 = COLOUR_RGB ( '',1.000000000000000000, 1.000000000000000000, 1.000000000000000000 ) ;
#4307 = ORIENTED_EDGE ( 'NONE', *, *, #11432, .F. ) ;
#4308 = CIRCLE ( 'NONE', #526, 1.300000000000000266 ) ;
#4309 = EDGE_CURVE ( 'NONE', #245, #4262, #8242, .T. ) ;
#4310 = CIRCLE ( 'NONE', #5422, 0.2000000000000000944 ) ;
#4311 = DIRECTION ( 'NONE',  ( 0.000000000000000000, -1.000000000000000000, -0.000000000000000000 ) ) ;
#4312 = AXIS2_PLACEMENT_3D ( 'NONE', #3515, #6868, #13197 ) ;
#4313 = VERTEX_POINT ( 'NONE', #10389 ) ;
#4314 = ORIENTED_EDGE ( 'NONE', *, *, #9667, .T. ) ;
#4315 = CARTESIAN_POINT ( 'NONE',  ( -2.415000000000000036, -2.337200000000000166, -3.509999999999999787 ) ) ;
#4316 = CARTESIAN_POINT ( 'NONE',  ( -5.181072524102999566, -2.337200000000000166, 4.500000000000000888 ) ) ;
#4317 = CARTESIAN_POINT ( 'NONE',  ( -6.365000000000000213, -22.96649999999999991, 3.840000000000000302 ) ) ;
#4318 = PLANE ( 'NONE',  #4879 ) ;
#4319 = EDGE_CURVE ( 'NONE', #759, #1274, #868, .T. ) ;
#4320 = CYLINDRICAL_SURFACE ( 'NONE', #12100, 1.750000000000001554 ) ;
#4321 = CARTESIAN_POINT ( 'NONE',  ( 8.394999999999999574, -23.77649999999999508, 15.50000000000000000 ) ) ;
#4322 = VECTOR ( 'NONE', #9251, 1000.000000000000000 ) ;
#4323 = LINE ( 'NONE', #12814, #5856 ) ;
#4324 = EDGE_CURVE ( 'NONE', #747, #13478, #7214, .T. ) ;
#4325 = VERTEX_POINT ( 'NONE', #13591 ) ;
#4326 = DIRECTION ( 'NONE',  ( -1.000000000000000000, 0.000000000000000000, 0.000000000000000000 ) ) ;
#4327 = AXIS2_PLACEMENT_3D ( 'NONE', #951, #12586, #10612 ) ;
#4328 = VECTOR ( 'NONE', #2323, 1000.000000000000000 ) ;
#4329 = ORIENTED_EDGE ( 'NONE', *, *, #1803, .F. ) ;
#4330 = ORIENTED_EDGE ( 'NONE', *, *, #13108, .T. ) ;
#4331 = ORIENTED_EDGE ( 'NONE', *, *, #2540, .F. ) ;
#4332 = ORIENTED_EDGE ( 'NONE', *, *, #789, .T. ) ;
#4333 = DIRECTION ( 'NONE',  ( -0.000000000000000000, 1.000000000000000000, -0.000000000000000000 ) ) ;
#4334 = DIRECTION ( 'NONE',  ( -1.000000000000000000, 0.000000000000000000, -0.000000000000000000 ) ) ;
#4335 = VECTOR ( 'NONE', #7070, 1000.000000000000000 ) ;
#4336 = CARTESIAN_POINT ( 'NONE',  ( 8.068310202796908470, -2.286500000000173394, -0.1000000000000002554 ) ) ;
#4337 = PLANE ( 'NONE',  #5864 ) ;
#4338 = FILL_AREA_STYLE ('',( #4268 ) ) ;
#4339 = DIRECTION ( 'NONE',  ( 0.000000000000000000, -0.000000000000000000, 1.000000000000000000 ) ) ;
#4340 = EDGE_CURVE ( 'NONE', #10676, #4068, #4199, .T. ) ;
#4341 = CARTESIAN_POINT ( 'NONE',  ( -6.733679656439999661, 3.589199999999999946, -6.956320343559999841 ) ) ;
#4342 = ORIENTED_EDGE ( 'NONE', *, *, #6161, .T. ) ;
#4343 = CARTESIAN_POINT ( 'NONE',  ( -9.285000000000000142, -13.31649999999999956, 3.660000000000000142 ) ) ;
#4344 = VERTEX_POINT ( 'NONE', #1005 ) ;
#4345 = ORIENTED_EDGE ( 'NONE', *, *, #8550, .F. ) ;
#4346 = EDGE_CURVE ( 'NONE', #6687, #4615, #8376, .T. ) ;
#4347 = LINE ( 'NONE', #7549, #2362 ) ;
#4348 = DIRECTION ( 'NONE',  ( 1.000000000000000000, -0.000000000000000000, 0.000000000000000000 ) ) ;
#4349 = CARTESIAN_POINT ( 'NONE',  ( -14.55875721064000139, -2.399999999999999911, -6.831242789364000423 ) ) ;
#4350 = VECTOR ( 'NONE', #10244, 1000.000000000000114 ) ;
#4351 = ORIENTED_EDGE ( 'NONE', *, *, #9099, .T. ) ;
#4352 = EDGE_CURVE ( 'NONE', #10134, #3458, #8310, .T. ) ;
#4353 = DIRECTION ( 'NONE',  ( -1.000000000000000000, 0.000000000000000000, -0.000000000000000000 ) ) ;
#4354 =( NAMED_UNIT ( * ) SI_UNIT ( $, .STERADIAN. ) SOLID_ANGLE_UNIT ( ) );
#4356 = ORIENTED_EDGE ( 'NONE', *, *, #8680, .T. ) ;
#4355 = EDGE_CURVE ( 'NONE', #7049, #8078, #6087, .T. ) ;
#4357 = EDGE_LOOP ( 'NONE', ( #9582, #11728, #7490, #3420 ) ) ;
#4358 = VECTOR ( 'NONE', #6979, 1000.000000000000000 ) ;
#4359 = ORIENTED_EDGE ( 'NONE', *, *, #9663, .T. ) ;
#4360 = CARTESIAN_POINT ( 'NONE',  ( 6.733679656440320294, 3.589199999999999946, -6.956320343559821318 ) ) ;
#4361 = ORIENTED_EDGE ( 'NONE', *, *, #4140, .F. ) ;
#4362 = CARTESIAN_POINT ( 'NONE',  ( -8.394999999999999574, -22.58650000000000091, 4.650000000000000355 ) ) ;
#4363 = CARTESIAN_POINT ( 'NONE',  ( 5.525000000000000355, -19.40650000000000119, 4.650000000000000355 ) ) ;
#4364 = FACE_OUTER_BOUND ( 'NONE', #13350, .T. ) ;
#4365 = VERTEX_POINT ( 'NONE', #3031 ) ;
#4366 = CARTESIAN_POINT ( 'NONE',  ( 8.394999999999999574, -22.58650000000000091, 4.650000000000000355 ) ) ;
#4367 = CARTESIAN_POINT ( 'NONE',  ( 3.634999999999999787, -22.96649999999999991, 3.509999999999999787 ) ) ;
#4368 = ORIENTED_EDGE ( 'NONE', *, *, #10126, .T. ) ;
#4369 = DIRECTION ( 'NONE',  ( -1.000000000000000000, 0.000000000000000000, -0.000000000000000000 ) ) ;
#4370 = LINE ( 'NONE', #10767, #5757 ) ;
#4371 = ORIENTED_EDGE ( 'NONE', *, *, #5708, .F. ) ;
#4372 = EDGE_CURVE ( 'NONE', #8521, #11535, #6012, .T. ) ;
#4373 = LINE ( 'NONE', #8617, #76 ) ;
#4374 = ORIENTED_EDGE ( 'NONE', *, *, #5002, .F. ) ;
#4375 = ORIENTED_EDGE ( 'NONE', *, *, #11086, .T. ) ;
#4376 = LINE ( 'NONE', #11959, #2763 ) ;
#4377 = DIRECTION ( 'NONE',  ( 1.000000000000000000, 0.000000000000000000, 0.000000000000000000 ) ) ;
#4378 = DIRECTION ( 'NONE',  ( -0.000000000000000000, 1.000000000000000000, -0.000000000000000000 ) ) ;
#4379 = DIRECTION ( 'NONE',  ( 0.4775043600801141541, -0.8786293792632253741, 0.000000000000000000 ) ) ;
#4380 = AXIS2_PLACEMENT_3D ( 'NONE', #9738, #219, #2243 ) ;
#4381 = CARTESIAN_POINT ( 'NONE',  ( 3.634999999999999787, -22.96649999999999991, 4.650000000000000355 ) ) ;
#4382 = CARTESIAN_POINT ( 'NONE',  ( -2.415000000000000036, -2.337200000000000166, -4.500000000000000888 ) ) ;
#4383 = ORIENTED_EDGE ( 'NONE', *, *, #6605, .F. ) ;
#4384 = EDGE_CURVE ( 'NONE', #7895, #6939, #7281, .T. ) ;
#4385 = DIRECTION ( 'NONE',  ( -0.000000000000000000, 0.000000000000000000, 1.000000000000000000 ) ) ;
#4386 = ADVANCED_FACE ( 'NONE', ( #5180 ), #9406, .T. ) ;
#4387 = VERTEX_POINT ( 'NONE', #5253 ) ;
#4388 = DIRECTION ( 'NONE',  ( 0.000000000000000000, 0.000000000000000000, -1.000000000000000000 ) ) ;
#4389 = DIRECTION ( 'NONE',  ( -1.000000000000000000, -0.000000000000000000, 0.000000000000000000 ) ) ;
#4390 = EDGE_LOOP ( 'NONE', ( #8268, #3058, #6674, #3953, #9883, #5120 ) ) ;
#4392 = ORIENTED_EDGE ( 'NONE', *, *, #1716, .F. ) ;
#4391 = PLANE ( 'NONE',  #5618 ) ;
#4393 = DIRECTION ( 'NONE',  ( 0.000000000000000000, 0.000000000000000000, 1.000000000000000000 ) ) ;
#4394 = PLANE ( 'NONE',  #6555 ) ;
#4395 = CARTESIAN_POINT ( 'NONE',  ( -5.730000000000001315, -19.40650000000000119, 3.840000000000000302 ) ) ;
#4396 = EDGE_CURVE ( 'NONE', #12695, #4839, #11370, .T. ) ;
#4397 = LINE ( 'NONE', #1349, #8958 ) ;
#4398 =( NAMED_UNIT ( * ) SI_UNIT ( $, .STERADIAN. ) SOLID_ANGLE_UNIT ( ) );
#4399 = LINE ( 'NONE', #5581, #3193 ) ;
#4400 = CARTESIAN_POINT ( 'NONE',  ( 5.679199999999999804, 3.589199999999999946, 4.500000000000000888 ) ) ;
#4401 = AXIS2_PLACEMENT_3D ( 'NONE', #9533, #5168, #9390 ) ;
#4402 = CIRCLE ( 'NONE', #6637, 0.9899999999999995470 ) ;
#4403 = ORIENTED_EDGE ( 'NONE', *, *, #5878, .T. ) ;
#4404 = ORIENTED_EDGE ( 'NONE', *, *, #6018, .T. ) ;
#4405 = VECTOR ( 'NONE', #9017, 1000.000000000000000 ) ;
#4406 = SURFACE_STYLE_USAGE ( .BOTH. , #165 ) ;
#4407 = ORIENTED_EDGE ( 'NONE', *, *, #3267, .T. ) ;
#4408 = EDGE_CURVE ( 'NONE', #12910, #6007, #2896, .T. ) ;
#4409 = ORIENTED_EDGE ( 'NONE', *, *, #8386, .T. ) ;
#4410 = CARTESIAN_POINT ( 'NONE',  ( -8.474999999999999645, -17.57000000000000384, 13.40000000000000036 ) ) ;
#4411 = CARTESIAN_POINT ( 'NONE',  ( -7.000000000000000000, -17.37650000000000006, 3.840000000000000302 ) ) ;
#4412 = DIRECTION ( 'NONE',  ( 0.1004120643276970176, 0.9949459368917741298, 0.000000000000000000 ) ) ;
#4413 = VERTEX_POINT ( 'NONE', #9742 ) ;
#4414 = CARTESIAN_POINT ( 'NONE',  ( -8.394999999999999574, -22.58649999999999736, 3.840000000000000302 ) ) ;
#4415 = AXIS2_PLACEMENT_3D ( 'NONE', #986, #2875, #7050 ) ;
#4416 = ORIENTED_EDGE ( 'NONE', *, *, #2511, .T. ) ;
#4417 = ORIENTED_EDGE ( 'NONE', *, *, #9329, .T. ) ;
#4418 = EDGE_CURVE ( 'NONE', #4593, #11680, #12960, .T. ) ;
#4419 = MECHANICAL_DESIGN_GEOMETRIC_PRESENTATION_REPRESENTATION (  '', ( #10426 ), #12219 ) ;
#4420 = VERTEX_POINT ( 'NONE', #85 ) ;
#4421 = CARTESIAN_POINT ( 'NONE',  ( -1.270000000000000018, -17.37650000000000006, -4.320000000000000284 ) ) ;
#4422 = EDGE_CURVE ( 'NONE', #7945, #2583, #7477, .T. ) ;
#4423 = VERTEX_POINT ( 'NONE', #3295 ) ;
#4424 = DIRECTION ( 'NONE',  ( -0.000000000000000000, -1.000000000000000000, 0.000000000000000000 ) ) ;
#4425 =( NAMED_UNIT ( * ) PLANE_ANGLE_UNIT ( ) SI_UNIT ( $, .RADIAN. ) );
#4426 = LINE ( 'NONE', #3324, #5413 ) ;
#4427 = CARTESIAN_POINT ( 'NONE',  ( -20.30000000000000071, 0.000000000000000000, -4.400000000000000355 ) ) ;
#4428 = ORIENTED_EDGE ( 'NONE', *, *, #5039, .F. ) ;
#4429 = FACE_OUTER_BOUND ( 'NONE', #3950, .T. ) ;
#4430 = CARTESIAN_POINT ( 'NONE',  ( -1.475000000000000089, -13.31649999999999956, -3.299999999999999822 ) ) ;
#4431 = PLANE ( 'NONE',  #10754 ) ;
#4432 = ORIENTED_EDGE ( 'NONE', *, *, #7321, .F. ) ;
#4433 = PLANE ( 'NONE',  #7353 ) ;
#4434 = LINE ( 'NONE', #1320, #10409 ) ;
#4435 = VECTOR ( 'NONE', #11966, 1000.000000000000000 ) ;
#4436 = ORIENTED_EDGE ( 'NONE', *, *, #5502, .F. ) ;
#4437 = EDGE_CURVE ( 'NONE', #7240, #8583, #1713, .T. ) ;
#4438 = CARTESIAN_POINT ( 'NONE',  ( 8.779999999999992255, -2.673278531664996294, -0.1000000000000001721 ) ) ;
#4439 = VERTEX_POINT ( 'NONE', #2383 ) ;
#4440 = ORIENTED_EDGE ( 'NONE', *, *, #10243, .F. ) ;
#4441 = FACE_OUTER_BOUND ( 'NONE', #9151, .T. ) ;
#4443 = VECTOR ( 'NONE', #1892, 1000.000000000000000 ) ;
#4442 = DIRECTION ( 'NONE',  ( -0.000000000000000000, 1.000000000000000000, 0.000000000000000000 ) ) ;
#4444 = DIRECTION ( 'NONE',  ( 1.000000000000000000, 0.000000000000000000, -0.000000000000000000 ) ) ;
#4445 = DIRECTION ( 'NONE',  ( 0.000000000000000000, -1.000000000000000000, 0.000000000000000000 ) ) ;
#4446 = DIRECTION ( 'NONE',  ( -0.000000000000000000, -1.000000000000000000, -0.000000000000000000 ) ) ;
#4447 = LINE ( 'NONE', #4381, #11331 ) ;
#4448 = LINE ( 'NONE', #5361, #8737 ) ;
#4449 = EDGE_LOOP ( 'NONE', ( #2977, #11871, #1846, #3784, #12359, #4966 ) ) ;
#4450 = CARTESIAN_POINT ( 'NONE',  ( 8.859999999999999432, -15.22000000000000242, 10.96000000000000085 ) ) ;
#4451 = ORIENTED_EDGE ( 'NONE', *, *, #10062, .F. ) ;
#4452 = CARTESIAN_POINT ( 'NONE',  ( -5.730000000000000426, -17.37650000000000006, 3.840000000000000302 ) ) ;
#4453 = CARTESIAN_POINT ( 'NONE',  ( -7.000000000000000000, -23.77649999999999864, 19.46000000000000085 ) ) ;
#4454 = DIRECTION ( 'NONE',  ( -0.000000000000000000, -1.000000000000000000, -0.000000000000000000 ) ) ;
#4456 = ORIENTED_EDGE ( 'NONE', *, *, #2801, .F. ) ;
#4455 =( LENGTH_UNIT ( ) NAMED_UNIT ( * ) SI_UNIT ( .MILLI., .METRE. ) );
#4457 = DIRECTION ( 'NONE',  ( 0.000000000000000000, -1.000000000000000000, 0.000000000000000000 ) ) ;
#4458 = DIRECTION ( 'NONE',  ( 0.000000000000000000, 0.000000000000000000, -1.000000000000000000 ) ) ;
#4459 = DIRECTION ( 'NONE',  ( -0.000000000000000000, 1.000000000000000000, 0.000000000000000000 ) ) ;
#4460 = CARTESIAN_POINT ( 'NONE',  ( -7.000000000000000000, -17.37650000000000006, 3.840000000000000302 ) ) ;
#4461 = CARTESIAN_POINT ( 'NONE',  ( -14.85999999999999943, 3.200000000000000178, -2.307611844574999793 ) ) ;
#4462 = EDGE_CURVE ( 'NONE', #12623, #13111, #6420, .T. ) ;
#4463 = DIRECTION ( 'NONE',  ( -0.000000000000000000, 1.000000000000000000, 0.000000000000000000 ) ) ;
#4464 = EDGE_CURVE ( 'NONE', #13244, #8999, #2180, .T. ) ;
#4465 = CARTESIAN_POINT ( 'NONE',  ( 0.005000000000000006176, -23.77649999999999864, 1.145000000000000240 ) ) ;
#4466 = VECTOR ( 'NONE', #12919, 1000.000000000000000 ) ;
#4467 = EDGE_CURVE ( 'NONE', #308, #3742, #5506, .T. ) ;
#4468 = ORIENTED_EDGE ( 'NONE', *, *, #177, .T. ) ;
#4469 = ORIENTED_EDGE ( 'NONE', *, *, #8599, .F. ) ;
#4470 = PLANE ( 'NONE',  #8723 ) ;
#4471 = ORIENTED_EDGE ( 'NONE', *, *, #3138, .F. ) ;
#4472 = EDGE_LOOP ( 'NONE', ( #251, #9438, #1268, #1339, #1634, #10829 ) ) ;
#4473 = CARTESIAN_POINT ( 'NONE',  ( -8.269999999999999574, -15.34650000000000070, -0.1000000000000002554 ) ) ;
#4474 = VECTOR ( 'NONE', #11084, 1000.000000000000000 ) ;
#4475 = LINE ( 'NONE', #2339, #11826 ) ;
#4476 = DIRECTION ( 'NONE',  ( -1.000000000000000000, -0.000000000000000000, 0.000000000000000000 ) ) ;
#4477 = ORIENTED_EDGE ( 'NONE', *, *, #11152, .T. ) ;
#4478 = VECTOR ( 'NONE', #6035, 1000.000000000000000 ) ;
#4479 = CARTESIAN_POINT ( 'NONE',  ( -0.4949999999999999956, -23.77649999999999864, -4.320000000000000284 ) ) ;
#4480 = LINE ( 'NONE', #6653, #5670 ) ;
#4481 = ADVANCED_FACE ( 'NONE', ( #10660 ), #7676, .T. ) ;
#4482 = VERTEX_POINT ( 'NONE', #224 ) ;
#4483 = EDGE_CURVE ( 'NONE', #6676, #12784, #12811, .T. ) ;
#4484 = ORIENTED_EDGE ( 'NONE', *, *, #10308, .T. ) ;
#4485 = EDGE_CURVE ( 'NONE', #7697, #11386, #7603, .T. ) ;
#4486 = ORIENTED_EDGE ( 'NONE', *, *, #2904, .F. ) ;
#4487 = LINE ( 'NONE', #11799, #11616 ) ;
#4488 = AXIS2_PLACEMENT_3D ( 'NONE', #9827, #3369, #8525 ) ;
#4489 = ORIENTED_EDGE ( 'NONE', *, *, #6020, .T. ) ;
#4490 = DIRECTION ( 'NONE',  ( 1.000000000000000000, 0.000000000000000000, 0.000000000000000000 ) ) ;
#4491 = CARTESIAN_POINT ( 'NONE',  ( -20.00000000000000000, -2.399999999999999911, 0.000000000000000000 ) ) ;
#4492 = DIRECTION ( 'NONE',  ( 0.000000000000000000, -1.000000000000000000, 0.000000000000000000 ) ) ;
#4493 = VECTOR ( 'NONE', #7444, 1000.000000000000000 ) ;
#4494 = ORIENTED_EDGE ( 'NONE', *, *, #2587, .F. ) ;
#4495 = ORIENTED_EDGE ( 'NONE', *, *, #12963, .T. ) ;
#4496 = CARTESIAN_POINT ( 'NONE',  ( 21.69999999999999929, -15.40000000000000036, 15.80886698680999913 ) ) ;
#4497 = DIRECTION ( 'NONE',  ( 1.000000000000000000, 0.000000000000000000, 0.000000000000000000 ) ) ;
#4498 = VERTEX_POINT ( 'NONE', #12827 ) ;
#4499 = COLOUR_RGB ( '',1.000000000000000000, 1.000000000000000000, 1.000000000000000000 ) ;
#4500 = CARTESIAN_POINT ( 'NONE',  ( 1.270000000000000018, -21.18649999999999878, -4.320000000000000284 ) ) ;
#4501 = DIRECTION ( 'NONE',  ( -1.000000000000000000, -0.000000000000000000, -0.000000000000000000 ) ) ;
#4502 = EDGE_CURVE ( 'NONE', #999, #4586, #6487, .T. ) ;
#4503 = ORIENTED_EDGE ( 'NONE', *, *, #9099, .F. ) ;
#4504 = VECTOR ( 'NONE', #11139, 1000.000000000000000 ) ;
#4505 = CIRCLE ( 'NONE', #3849, 4.750000000000000000 ) ;
#4506 = VECTOR ( 'NONE', #2315, 1000.000000000000000 ) ;
#4507 = DIRECTION ( 'NONE',  ( -1.000000000000000000, -0.000000000000000000, -0.000000000000000000 ) ) ;
#4508 = ORIENTED_EDGE ( 'NONE', *, *, #5547, .F. ) ;
#4509 = ORIENTED_EDGE ( 'NONE', *, *, #879, .F. ) ;
#4510 = AXIS2_PLACEMENT_3D ( 'NONE', #8449, #5113, #12699 ) ;
#4511 = DIRECTION ( 'NONE',  ( -1.000000000000000000, 0.000000000000000000, -0.000000000000000000 ) ) ;
#4512 = CARTESIAN_POINT ( 'NONE',  ( 1.500000000000000000, -17.94999999999999929, 0.000000000000000000 ) ) ;
#4513 = DIRECTION ( 'NONE',  ( -0.9949459368917742408, -0.1004120643276970315, 0.000000000000000000 ) ) ;
#4514 = VECTOR ( 'NONE', #7170, 1000.000000000000000 ) ;
#4515 = VECTOR ( 'NONE', #961, 1000.000000000000000 ) ;
#4516 = ADVANCED_FACE ( 'NONE', ( #9678 ), #2122, .T. ) ;
#4517 = DIRECTION ( 'NONE',  ( 1.000000000000000000, 0.000000000000000000, 0.000000000000000000 ) ) ;
#4518 = ORIENTED_EDGE ( 'NONE', *, *, #3478, .F. ) ;
#4519 = CYLINDRICAL_SURFACE ( 'NONE', #4766, 0.9899999999999999911 ) ;
#4520 = VECTOR ( 'NONE', #12897, 1000.000000000000000 ) ;
#4521 = AXIS2_PLACEMENT_3D ( 'NONE', #7863, #3906, #5845 ) ;
#4522 = PLANE ( 'NONE',  #3122 ) ;
#4523 = CARTESIAN_POINT ( 'NONE',  ( -20.30000000000000071, 0.000000000000000000, -6.500000000000000888 ) ) ;
#4524 = VERTEX_POINT ( 'NONE', #3353 ) ;
#4525 = EDGE_CURVE ( 'NONE', #10712, #3795, #8777, .T. ) ;
#4526 = CARTESIAN_POINT ( 'NONE',  ( 1.395000000000000018, -22.58650000000000091, -4.320000000000000284 ) ) ;
#4527 = VECTOR ( 'NONE', #1835, 1000.000000000000000 ) ;
#4528 = AXIS2_PLACEMENT_3D ( 'NONE', #2975, #3110, #672 ) ;
#4529 = VECTOR ( 'NONE', #518, 1000.000000000000000 ) ;
#4530 = ORIENTED_EDGE ( 'NONE', *, *, #8616, .T. ) ;
#4531 = LINE ( 'NONE', #1484, #12741 ) ;
#4532 = LINE ( 'NONE', #3556, #13358 ) ;
#4533 = CARTESIAN_POINT ( 'NONE',  ( -3.935000000000000053, -20.17650000000000077, -12.90000000000000036 ) ) ;
#4535 = ORIENTED_EDGE ( 'NONE', *, *, #3907, .F. ) ;
#4534 = CARTESIAN_POINT ( 'NONE',  ( 14.55875721063805095, -17.94999999999999929, -6.831242789364050161 ) ) ;
#4536 = VECTOR ( 'NONE', #3689, 1000.000000000000000 ) ;
#4537 = CARTESIAN_POINT ( 'NONE',  ( 9.414999999999999147, -17.94999999999999929, 4.500000000000000888 ) ) ;
#4538 = LINE ( 'NONE', #12697, #4990 ) ;
#4539 =( NAMED_UNIT ( * ) PLANE_ANGLE_UNIT ( ) SI_UNIT ( $, .RADIAN. ) );
#4540 = EDGE_CURVE ( 'NONE', #1920, #5827, #6565, .T. ) ;
#4541 = DIRECTION ( 'NONE',  ( 0.000000000000000000, -1.000000000000000000, -0.000000000000000000 ) ) ;
#4542 = VECTOR ( 'NONE', #12264, 1000.000000000000000 ) ;
#4543 = CIRCLE ( 'NONE', #9650, 6.500000000000000888 ) ;
#4544 = CARTESIAN_POINT ( 'NONE',  ( 6.489999999999997549, -3.313815743960002891, 4.500000000000000888 ) ) ;
#4545 = VECTOR ( 'NONE', #3949, 1000.000000000000000 ) ;
#4546 = ORIENTED_EDGE ( 'NONE', *, *, #1561, .F. ) ;
#4547 = VERTEX_POINT ( 'NONE', #10861 ) ;
#4548 = VECTOR ( 'NONE', #2471, 1000.000000000000000 ) ;
#4549 = ORIENTED_EDGE ( 'NONE', *, *, #5586, .T. ) ;
#4550 = PLANE ( 'NONE',  #8278 ) ;
#4551 = MECHANICAL_DESIGN_GEOMETRIC_PRESENTATION_REPRESENTATION (  '', ( #10772 ), #2570 ) ;
#4552 = ORIENTED_EDGE ( 'NONE', *, *, #159, .T. ) ;
#4553 = CARTESIAN_POINT ( 'NONE',  ( 2.415000000000000036, -2.337200000000000166, -4.500000000000000888 ) ) ;
#4554 = DIRECTION ( 'NONE',  ( -0.4775043600801200938, -0.8786293792632220434, 0.000000000000000000 ) ) ;
#4555 = FACE_OUTER_BOUND ( 'NONE', #9024, .T. ) ;
#4556 = EDGE_LOOP ( 'NONE', ( #3387, #5817, #515, #1978 ) ) ;
#4557 = DIRECTION ( 'NONE',  ( 0.000000000000000000, 0.000000000000000000, -1.000000000000000000 ) ) ;
#4558 = CARTESIAN_POINT ( 'NONE',  ( -4.584999999999999964, -17.37650000000000006, 3.840000000000000302 ) ) ;
#4559 = ADVANCED_FACE ( 'NONE', ( #3493 ), #17, .F. ) ;
#4560 = VERTEX_POINT ( 'NONE', #5309 ) ;
#4561 = ORIENTED_EDGE ( 'NONE', *, *, #10027, .T. ) ;
#4562 = EDGE_CURVE ( 'NONE', #4439, #2957, #4263, .T. ) ;
#4563 = VECTOR ( 'NONE', #11219, 1000.000000000000000 ) ;
#4564 = EDGE_LOOP ( 'NONE', ( #1842, #7135, #2800, #1091 ) ) ;
#4565 = EDGE_CURVE ( 'NONE', #4173, #9765, #3234, .T. ) ;
#4566 = DIRECTION ( 'NONE',  ( 1.000000000000000000, 0.000000000000000000, 0.000000000000000000 ) ) ;
#4567 = ORIENTED_EDGE ( 'NONE', *, *, #11432, .T. ) ;
#4568 = LINE ( 'NONE', #7768, #5190 ) ;
#4569 = CARTESIAN_POINT ( 'NONE',  ( 8.300000000000030909, -3.556499999999983785, 4.500000000000000888 ) ) ;
#4570 =( LENGTH_UNIT ( ) NAMED_UNIT ( * ) SI_UNIT ( .MILLI., .METRE. ) );
#4571 = EDGE_CURVE ( 'NONE', #12373, #12027, #9889, .T. ) ;
#4572 = DIRECTION ( 'NONE',  ( -0.000000000000000000, -1.000000000000000000, -0.000000000000000000 ) ) ;
#4573 = EDGE_LOOP ( 'NONE', ( #11774, #6515, #7361, #3807 ) ) ;
#4574 = ORIENTED_EDGE ( 'NONE', *, *, #11359, .F. ) ;
#4575 = DIRECTION ( 'NONE',  ( -1.000000000000000000, -0.000000000000000000, -0.000000000000000000 ) ) ;
#4576 = CARTESIAN_POINT ( 'NONE',  ( 20.30000000000000071, 0.000000000000000000, -4.400000000000000355 ) ) ;
#4577 = EDGE_CURVE ( 'NONE', #2704, #11676, #2521, .T. ) ;
#4578 = DIRECTION ( 'NONE',  ( -1.000000000000000000, -0.000000000000000000, -0.000000000000000000 ) ) ;
#4579 = VERTEX_POINT ( 'NONE', #2599 ) ;
#4580 = CARTESIAN_POINT ( 'NONE',  ( -8.859999999999999432, 3.200000000000000178, 10.96000000000000085 ) ) ;
#4581 = SURFACE_STYLE_USAGE ( .BOTH. , #547 ) ;
#4582 = VERTEX_POINT ( 'NONE', #11143 ) ;
#4583 = CIRCLE ( 'NONE', #13469, 0.2000000000000000944 ) ;
#4584 = CARTESIAN_POINT ( 'NONE',  ( 9.414999999999999147, -2.337200000000000166, 4.500000000000000888 ) ) ;
#4585 = VERTEX_POINT ( 'NONE', #4889 ) ;
#4586 = VERTEX_POINT ( 'NONE', #10099 ) ;
#4587 = PLANE ( 'NONE',  #7424 ) ;
#4588 = DIRECTION ( 'NONE',  ( 0.000000000000000000, 1.000000000000000000, 0.000000000000000000 ) ) ;
#4589 = PLANE ( 'NONE',  #7174 ) ;
#4590 =( GEOMETRIC_REPRESENTATION_CONTEXT ( 3 ) GLOBAL_UNCERTAINTY_ASSIGNED_CONTEXT ( ( #5363 ) ) GLOBAL_UNIT_ASSIGNED_CONTEXT ( ( #4023, #11742, #253 ) ) REPRESENTATION_CONTEXT ( 'NONE', 'WORKASPACE' ) );
#4591 = EDGE_CURVE ( 'NONE', #5367, #5822, #6697, .T. ) ;
#4592 = DIRECTION ( 'NONE',  ( -0.9949459368917742408, -0.1004120643276970315, 0.000000000000000000 ) ) ;
#4593 = VERTEX_POINT ( 'NONE', #1696 ) ;
#4594 = CARTESIAN_POINT ( 'NONE',  ( -5.524999999999999467, -17.57000000000000384, 7.189999999999999503 ) ) ;
#4595 = CARTESIAN_POINT ( 'NONE',  ( 8.294999999999999929, -17.37650000000000006, 4.830000000000000071 ) ) ;
#4596 = LINE ( 'NONE', #3548, #11191 ) ;
#4597 = ORIENTED_EDGE ( 'NONE', *, *, #5164, .F. ) ;
#4598 = CARTESIAN_POINT ( 'NONE',  ( 0.005000000000000013115, -23.77649999999999864, -4.320000000000000284 ) ) ;
#4599 = EDGE_CURVE ( 'NONE', #309, #345, #8016, .T. ) ;
#4600 = EDGE_LOOP ( 'NONE', ( #11864, #4638, #12012, #11528, #1685 ) ) ;
#4601 = EDGE_CURVE ( 'NONE', #7571, #6105, #1931, .T. ) ;
#4602 = ADVANCED_FACE ( 'NONE', ( #5724 ), #10927, .F. ) ;
#4603 = FACE_BOUND ( 'NONE', #8943, .T. ) ;
#4604 = CARTESIAN_POINT ( 'NONE',  ( 7.000000000000000000, -17.37650000000000006, -0.1000000000000000056 ) ) ;
#4605 = EDGE_CURVE ( 'NONE', #12585, #5723, #6842, .T. ) ;
#4607 = ORIENTED_EDGE ( 'NONE', *, *, #12612, .T. ) ;
#4606 = FILL_AREA_STYLE ('',( #4673 ) ) ;
#4608 = SURFACE_STYLE_FILL_AREA ( #8906 ) ;
#4609 = CARTESIAN_POINT ( 'NONE',  ( 8.394999999999999574, -23.77649999999999864, 4.650000000000000355 ) ) ;
#4610 = DIRECTION ( 'NONE',  ( 0.000000000000000000, -0.000000000000000000, 1.000000000000000000 ) ) ;
#4611 = DIRECTION ( 'NONE',  ( 1.000000000000000000, 0.000000000000000000, 0.000000000000000000 ) ) ;
#4612 = PLANE ( 'NONE',  #7990 ) ;
#4613 = CARTESIAN_POINT ( 'NONE',  ( -24.89999999999999858, -2.399999999999999911, 0.000000000000000000 ) ) ;
#4614 = CARTESIAN_POINT ( 'NONE',  ( 11.42999999999999972, 3.589199999999999946, -1.017359312880999900 ) ) ;
#4615 = VERTEX_POINT ( 'NONE', #9954 ) ;
#4616 = ORIENTED_EDGE ( 'NONE', *, *, #11791, .F. ) ;
#4617 = ORIENTED_EDGE ( 'NONE', *, *, #10266, .F. ) ;
#4618 = DIRECTION ( 'NONE',  ( 0.000000000000000000, 1.000000000000000000, 0.000000000000000000 ) ) ;
#4619 = ORIENTED_EDGE ( 'NONE', *, *, #12990, .T. ) ;
#4620 = LINE ( 'NONE', #13179, #3922 ) ;
#4621 = CARTESIAN_POINT ( 'NONE',  ( 1.068310202796968644, -2.286500000000057486, -4.320000000000000284 ) ) ;
#4622 = LINE ( 'NONE', #6920, #5869 ) ;
#4623 = ORIENTED_EDGE ( 'NONE', *, *, #7233, .T. ) ;
#4624 = LINE ( 'NONE', #10490, #10643 ) ;
#4625 = CARTESIAN_POINT ( 'NONE',  ( -1.779999999999985372, -2.673278531664992297, 0.4299999999999998268 ) ) ;
#4626 = ORIENTED_EDGE ( 'NONE', *, *, #3850, .F. ) ;
#4627 = ORIENTED_EDGE ( 'NONE', *, *, #1831, .F. ) ;
#4628 = VECTOR ( 'NONE', #7865, 1000.000000000000114 ) ;
#4629 = VERTEX_POINT ( 'NONE', #10018 ) ;
#4630 = LINE ( 'NONE', #5891, #12977 ) ;
#4631 = VERTEX_POINT ( 'NONE', #12262 ) ;
#4632 = CIRCLE ( 'NONE', #13531, 1.750000000000001554 ) ;
#4633 = CARTESIAN_POINT ( 'NONE',  ( 8.859999999999999432, 3.200000000000000178, 4.959999999999999964 ) ) ;
#4634 = LINE ( 'NONE', #12229, #8800 ) ;
#4635 = CARTESIAN_POINT ( 'NONE',  ( 5.679199999999999804, 3.589199999999999946, -0.5000000000000000000 ) ) ;
#4636 = LINE ( 'NONE', #7016, #12711 ) ;
#4637 = STYLED_ITEM ( 'NONE', ( #3766 ), #2999 ) ;
#4638 = ORIENTED_EDGE ( 'NONE', *, *, #11752, .T. ) ;
#4639 = EDGE_CURVE ( 'NONE', #4972, #3908, #8368, .T. ) ;
#4640 = ORIENTED_EDGE ( 'NONE', *, *, #2242, .T. ) ;
#4641 = DIRECTION ( 'NONE',  ( 0.000000000000000000, 0.000000000000000000, -1.000000000000000000 ) ) ;
#4642 = DIRECTION ( 'NONE',  ( 1.000000000000000000, 0.000000000000000000, -0.000000000000000000 ) ) ;
#4643 = DIRECTION ( 'NONE',  ( 0.000000000000000000, -0.000000000000000000, -1.000000000000000000 ) ) ;
#4644 = ORIENTED_EDGE ( 'NONE', *, *, #5716, .T. ) ;
#4645 =( LENGTH_UNIT ( ) NAMED_UNIT ( * ) SI_UNIT ( .MILLI., .METRE. ) );
#4646 = EDGE_CURVE ( 'NONE', #2331, #13320, #9053, .T. ) ;
#4647 = ORIENTED_EDGE ( 'NONE', *, *, #12686, .T. ) ;
#4648 = VECTOR ( 'NONE', #12005, 1000.000000000000114 ) ;
#4649 = VECTOR ( 'NONE', #13369, 1000.000000000000000 ) ;
#4650 = ADVANCED_FACE ( 'NONE', ( #3631 ), #11077, .T. ) ;
#4651 = CARTESIAN_POINT ( 'NONE',  ( -2.285000000000000142, -13.31649999999999956, 0.4299999999999998268 ) ) ;
#4652 = ORIENTED_EDGE ( 'NONE', *, *, #8514, .T. ) ;
#4653 = VERTEX_POINT ( 'NONE', #6906 ) ;
#4654 = LINE ( 'NONE', #11196, #11977 ) ;
#4655 = CARTESIAN_POINT ( 'NONE',  ( 0.000000000000000000, -2.337200000000000166, -4.500000000000000888 ) ) ;
#4656 = EDGE_CURVE ( 'NONE', #9276, #7403, #11984, .T. ) ;
#4657 = DIRECTION ( 'NONE',  ( -1.000000000000000000, 0.000000000000000000, -0.000000000000000000 ) ) ;
#4658 = DIRECTION ( 'NONE',  ( 0.000000000000000000, 0.000000000000000000, -1.000000000000000000 ) ) ;
#4659 = ORIENTED_EDGE ( 'NONE', *, *, #12286, .T. ) ;
#4660 = CIRCLE ( 'NONE', #1337, 1.750000000000000000 ) ;
#4661 = LINE ( 'NONE', #8892, #779 ) ;
#4662 = DIRECTION ( 'NONE',  ( -0.000000000000000000, 0.000000000000000000, 1.000000000000000000 ) ) ;
#4663 = CARTESIAN_POINT ( 'NONE',  ( -0.5099999999999998979, -3.313815743960000226, -4.320000000000000284 ) ) ;
#4664 = EDGE_LOOP ( 'NONE', ( #11054, #11571, #10949, #12242 ) ) ;
#4665 = LINE ( 'NONE', #9731, #3513 ) ;
#4666 = EDGE_CURVE ( 'NONE', #5872, #4700, #4632, .T. ) ;
#4667 = AXIS2_PLACEMENT_3D ( 'NONE', #11747, #10693, #1173 ) ;
#4668 = ORIENTED_EDGE ( 'NONE', *, *, #2650, .F. ) ;
#4669 = CARTESIAN_POINT ( 'NONE',  ( 2.415000000000000036, -22.96649999999999991, 0.000000000000000000 ) ) ;
#4670 = ADVANCED_FACE ( 'NONE', ( #6146 ), #7328, .T. ) ;
#4671 = DIRECTION ( 'NONE',  ( -0.000000000000000000, 0.000000000000000000, -1.000000000000000000 ) ) ;
#4672 = FACE_OUTER_BOUND ( 'NONE', #12976, .T. ) ;
#4674 = ORIENTED_EDGE ( 'NONE', *, *, #13349, .F. ) ;
#4673 = FILL_AREA_STYLE_COLOUR ( '', #4499 ) ;
#4675 = CARTESIAN_POINT ( 'NONE',  ( -13.93517677218999928, -2.399999999999999911, -12.86482322780999965 ) ) ;
#4676 = LINE ( 'NONE', #8907, #2555 ) ;
#4677 = CARTESIAN_POINT ( 'NONE',  ( -5.525000000000000355, -12.30150000000000254, 3.640000000000000124 ) ) ;
#4678 = CARTESIAN_POINT ( 'NONE',  ( -1.294999999999999929, -23.77649999999999864, 0.5831999999999998296 ) ) ;
#4679 = CARTESIAN_POINT ( 'NONE',  ( -3.365000000000000213, -22.96649999999999991, -3.509999999999999787 ) ) ;
#4680 = LINE ( 'NONE', #10581, #10479 ) ;
#4681 = ADVANCED_FACE ( 'NONE', ( #10374 ), #13507, .T. ) ;
#4682 = DIRECTION ( 'NONE',  ( -1.000000000000000000, -0.000000000000000000, -0.000000000000000000 ) ) ;
#4683 = EDGE_CURVE ( 'NONE', #2287, #1934, #9264, .T. ) ;
#4684 = EDGE_CURVE ( 'NONE', #5484, #7859, #13574, .T. ) ;
#4685 = ORIENTED_EDGE ( 'NONE', *, *, #1698, .F. ) ;
#4686 = ORIENTED_EDGE ( 'NONE', *, *, #1197, .T. ) ;
#4687 = ORIENTED_EDGE ( 'NONE', *, *, #12712, .F. ) ;
#4688 = ORIENTED_EDGE ( 'NONE', *, *, #4185, .F. ) ;
#4689 = LINE ( 'NONE', #12360, #5914 ) ;
#4690 = ADVANCED_FACE ( 'NONE', ( #10505 ), #9199, .T. ) ;
#4691 = LINE ( 'NONE', #10947, #5605 ) ;
#4692 = DIRECTION ( 'NONE',  ( 0.000000000000000000, -0.000000000000000000, 1.000000000000000000 ) ) ;
#4693 = ORIENTED_EDGE ( 'NONE', *, *, #1777, .T. ) ;
#4694 = LINE ( 'NONE', #8924, #968 ) ;
#4695 = ADVANCED_FACE ( 'NONE', ( #1907 ), #7194, .T. ) ;
#4696 = ADVANCED_FACE ( 'NONE', ( #7118 ), #3017, .T. ) ;
#4697 = SURFACE_STYLE_USAGE ( .BOTH. , #4841 ) ;
#4698 = ORIENTED_EDGE ( 'NONE', *, *, #13703, .F. ) ;
#4699 = VECTOR ( 'NONE', #10757, 1000.000000000000000 ) ;
#4700 = VERTEX_POINT ( 'NONE', #4114 ) ;
#4701 = ADVANCED_FACE ( 'NONE', ( #790 ), #2942, .T. ) ;
#4702 =( GEOMETRIC_REPRESENTATION_CONTEXT ( 3 ) GLOBAL_UNCERTAINTY_ASSIGNED_CONTEXT ( ( #11767 ) ) GLOBAL_UNIT_ASSIGNED_CONTEXT ( ( #5795, #10105, #13239 ) ) REPRESENTATION_CONTEXT ( 'NONE', 'WORKASPACE' ) );
#4703 = VERTEX_POINT ( 'NONE', #7265 ) ;
#4704 = LINE ( 'NONE', #2623, #10977 ) ;
#4705 = VECTOR ( 'NONE', #13588, 1000.000000000000000 ) ;
#4706 = EDGE_LOOP ( 'NONE', ( #7009, #4456, #8553, #4192 ) ) ;
#4707 = ADVANCED_FACE ( 'NONE', ( #11496 ), #6210, .F. ) ;
#4708 = DIRECTION ( 'NONE',  ( 0.000000000000000000, 1.000000000000000000, 0.000000000000000000 ) ) ;
#4709 = ADVANCED_FACE ( 'NONE', ( #1832 ), #5033, .T. ) ;
#4710 = DIRECTION ( 'NONE',  ( -1.000000000000000000, 0.000000000000000000, 0.000000000000000000 ) ) ;
#4711 = LINE ( 'NONE', #7911, #6064 ) ;
#4712 = LINE ( 'NONE', #7835, #10473 ) ;
#4713 = ORIENTED_EDGE ( 'NONE', *, *, #1232, .F. ) ;
#4714 = ORIENTED_EDGE ( 'NONE', *, *, #1265, .T. ) ;
#4715 = DIRECTION ( 'NONE',  ( -1.752245935330109069E-15, 0.000000000000000000, 1.000000000000000000 ) ) ;
#4716 = CARTESIAN_POINT ( 'NONE',  ( -8.500000000000000000, -17.94999999999999929, 7.189999999999999503 ) ) ;
#4717 = CARTESIAN_POINT ( 'NONE',  ( 7.000000000000000000, -21.56650000000000134, 3.840000000000000302 ) ) ;
#4718 = VERTEX_POINT ( 'NONE', #1050 ) ;
#4719 = CARTESIAN_POINT ( 'NONE',  ( -8.269999999999999574, -17.37650000000000006, 3.840000000000000302 ) ) ;
#4720 = EDGE_CURVE ( 'NONE', #7018, #6719, #7975, .T. ) ;
#4721 = CYLINDRICAL_SURFACE ( 'NONE', #69, 3.509999999999999787 ) ;
#4722 = ORIENTED_EDGE ( 'NONE', *, *, #12484, .T. ) ;
#4723 = STYLED_ITEM ( 'NONE', ( #4772 ), #13069 ) ;
#4724 = DIRECTION ( 'NONE',  ( 0.09602825923645796902, 0.9953786080823796567, -0.000000000000000000 ) ) ;
#4725 = EDGE_LOOP ( 'NONE', ( #13256, #822, #11313, #10821 ) ) ;
#4726 = ADVANCED_FACE ( 'NONE', ( #2300 ), #9723, .T. ) ;
#4727 = CARTESIAN_POINT ( 'NONE',  ( 8.800000000000000711, 3.200000000000000178, 4.900000000000000355 ) ) ;
#4728 = CARTESIAN_POINT ( 'NONE',  ( -5.724999999999999645, -17.37650000000000006, 3.840000000000000302 ) ) ;
#4729 = FACE_OUTER_BOUND ( 'NONE', #927, .T. ) ;
#4730 = VECTOR ( 'NONE', #9572, 1000.000000000000000 ) ;
#4731 = CARTESIAN_POINT ( 'NONE',  ( 0.000000000000000000, -1.376499999999999169, 6.250000000000000000 ) ) ;
#4732 = ORIENTED_EDGE ( 'NONE', *, *, #5132, .F. ) ;
#4733 = VECTOR ( 'NONE', #5458, 1000.000000000000114 ) ;
#4734 = CARTESIAN_POINT ( 'NONE',  ( -2.415000000000000036, -22.96649999999999991, 0.000000000000000000 ) ) ;
#4735 =( GEOMETRIC_REPRESENTATION_CONTEXT ( 3 ) GLOBAL_UNCERTAINTY_ASSIGNED_CONTEXT ( ( #5003 ) ) GLOBAL_UNIT_ASSIGNED_CONTEXT ( ( #11709, #4254, #5299 ) ) REPRESENTATION_CONTEXT ( 'NONE', 'WORKASPACE' ) );
#4736 = CARTESIAN_POINT ( 'NONE',  ( -14.85999999999999943, -15.22000000000000242, -2.307611844574999793 ) ) ;
#4737 = CARTESIAN_POINT ( 'NONE',  ( -5.931689797203000047, -2.286500000000000199, -0.1000000000000002554 ) ) ;
#4738 = VERTEX_POINT ( 'NONE', #9792 ) ;
#4739 = CIRCLE ( 'NONE', #6509, 1.400000000000000133 ) ;
#4740 = ADVANCED_FACE ( 'NONE', ( #7461 ), #5563, .T. ) ;
#4741 = DIRECTION ( 'NONE',  ( 1.000000000000000000, 0.000000000000000000, 0.000000000000000000 ) ) ;
#4742 = ORIENTED_EDGE ( 'NONE', *, *, #8069, .T. ) ;
#4743 = VECTOR ( 'NONE', #10836, 1000.000000000000227 ) ;
#4744 = DIRECTION ( 'NONE',  ( 0.000000000000000000, -0.000000000000000000, -1.000000000000000000 ) ) ;
#4745 = AXIS2_PLACEMENT_3D ( 'NONE', #8481, #9258, #2095 ) ;
#4746 = CARTESIAN_POINT ( 'NONE',  ( 2.285000000000000142, -13.31649999999999956, -3.299999999999999378 ) ) ;
#4747 = CARTESIAN_POINT ( 'NONE',  ( 3.365000000000000213, -22.96649999999999991, -4.650000000000000355 ) ) ;
#4748 = ADVANCED_FACE ( 'NONE', ( #11627 ), #4318, .T. ) ;
#4749 = CIRCLE ( 'NONE', #4078, 3.510000000000000231 ) ;
#4750 = VECTOR ( 'NONE', #2947, 1000.000000000000000 ) ;
#4752 = VERTEX_POINT ( 'NONE', #210 ) ;
#4751 = PLANE ( 'NONE',  #7592 ) ;
#4753 = DIRECTION ( 'NONE',  ( 0.000000000000000000, 0.000000000000000000, -1.000000000000000000 ) ) ;
#4754 = FACE_BOUND ( 'NONE', #1996, .T. ) ;
#4755 = EDGE_CURVE ( 'NONE', #10541, #10031, #6404, .T. ) ;
#4756 = CARTESIAN_POINT ( 'NONE',  ( -3.149999999999999911, -21.56650000000000134, -3.509999999999999787 ) ) ;
#4757 = FACE_OUTER_BOUND ( 'NONE', #2170, .T. ) ;
#4758 = DIRECTION ( 'NONE',  ( -0.000000000000000000, 0.000000000000000000, 1.000000000000000000 ) ) ;
#4759 = VECTOR ( 'NONE', #13101, 1000.000000000000000 ) ;
#4760 = CARTESIAN_POINT ( 'NONE',  ( -0.4949999999999999956, -32.60964151460999716, -0.2550000000000000044 ) ) ;
#4761 = AXIS2_PLACEMENT_3D ( 'NONE', #9918, #4791, #6807 ) ;
#4762 = VECTOR ( 'NONE', #10889, 1000.000000000000000 ) ;
#4763 = LINE ( 'NONE', #8023, #7631 ) ;
#4764 = VECTOR ( 'NONE', #8032, 1000.000000000000000 ) ;
#4765 = DIRECTION ( 'NONE',  ( -0.000000000000000000, 1.000000000000000000, 0.000000000000000000 ) ) ;
#4766 = AXIS2_PLACEMENT_3D ( 'NONE', #8692, #1051, #3410 ) ;
#4767 = VERTEX_POINT ( 'NONE', #12876 ) ;
#4768 = EDGE_LOOP ( 'NONE', ( #11038, #10913, #6249, #8896 ) ) ;
#4769 = ORIENTED_EDGE ( 'NONE', *, *, #5261, .F. ) ;
#4770 = ORIENTED_EDGE ( 'NONE', *, *, #8149, .T. ) ;
#4771 = CARTESIAN_POINT ( 'NONE',  ( 0.000000000000000000, 3.200000000000000178, -10.96000000000000085 ) ) ;
#4772 = PRESENTATION_STYLE_ASSIGNMENT (( #3788 ) ) ;
#4773 = EDGE_CURVE ( 'NONE', #3165, #13506, #11701, .T. ) ;
#4774 = AXIS2_PLACEMENT_3D ( 'NONE', #11497, #2029, #856 ) ;
#4775 = DIRECTION ( 'NONE',  ( -0.000000000000000000, 1.000000000000000000, 0.000000000000000000 ) ) ;
#4776 = ORIENTED_EDGE ( 'NONE', *, *, #3997, .F. ) ;
#4777 = CARTESIAN_POINT ( 'NONE',  ( 20.00000000000000000, -8.699999999999999289, 13.40886698681000055 ) ) ;
#4778 = CARTESIAN_POINT ( 'NONE',  ( 0.000000000000000000, -17.57000000000000384, -6.860000000000000320 ) ) ;
#4779 = ORIENTED_EDGE ( 'NONE', *, *, #12006, .T. ) ;
#4780 = VECTOR ( 'NONE', #5079, 1000.000000000000000 ) ;
#4781 = ORIENTED_EDGE ( 'NONE', *, *, #10937, .F. ) ;
#4782 = STYLED_ITEM ( 'NONE', ( #7363 ), #8895 ) ;
#4783 = CIRCLE ( 'NONE', #8990, 0.1999999999999996503 ) ;
#4784 = EDGE_CURVE ( 'NONE', #7337, #6323, #4180, .T. ) ;
#4785 = ORIENTED_EDGE ( 'NONE', *, *, #7393, .F. ) ;
#4786 = CARTESIAN_POINT ( 'NONE',  ( -8.275000000000000355, -17.37650000000000006, 3.840000000000000302 ) ) ;
#4787 = EDGE_CURVE ( 'NONE', #12836, #5469, #12742, .T. ) ;
#4788 = VERTEX_POINT ( 'NONE', #6347 ) ;
#4789 = DIRECTION ( 'NONE',  ( 1.000000000000000000, 0.000000000000000000, -0.000000000000000000 ) ) ;
#4790 = DIRECTION ( 'NONE',  ( -0.000000000000000000, -1.000000000000000000, -0.000000000000000000 ) ) ;
#4791 = DIRECTION ( 'NONE',  ( -0.000000000000000000, 1.000000000000000000, 0.000000000000000000 ) ) ;
#4792 = LINE ( 'NONE', #12299, #6471 ) ;
#4793 = VERTEX_POINT ( 'NONE', #12942 ) ;
#4794 = EDGE_LOOP ( 'NONE', ( #1482, #1137, #9966, #3987 ) ) ;
#4795 = EDGE_CURVE ( 'NONE', #8638, #4498, #8487, .T. ) ;
#4796 = DIRECTION ( 'NONE',  ( -0.7071067811865476838, 0.000000000000000000, 0.7071067811865474617 ) ) ;
#4797 = CARTESIAN_POINT ( 'NONE',  ( -7.919999999999999929, -15.22000000000000064, 7.834999999999999964 ) ) ;
#4798 = CARTESIAN_POINT ( 'NONE',  ( -14.85999999999999943, -15.22000000000000242, 4.960000000000000853 ) ) ;
#4799 = ORIENTED_EDGE ( 'NONE', *, *, #9106, .T. ) ;
#4800 = FACE_OUTER_BOUND ( 'NONE', #11835, .T. ) ;
#4801 = DIRECTION ( 'NONE',  ( 0.000000000000000000, 1.000000000000000000, 0.000000000000000000 ) ) ;
#4802 = ORIENTED_EDGE ( 'NONE', *, *, #4002, .F. ) ;
#4803 = LINE ( 'NONE', #12241, #3407 ) ;
#4804 = ORIENTED_EDGE ( 'NONE', *, *, #13419, .F. ) ;
#4805 = CARTESIAN_POINT ( 'NONE',  ( -21.69999999999999929, -15.39999999999999858, 55.05878599081000146 ) ) ;
#4806 = CARTESIAN_POINT ( 'NONE',  ( -5.724999999999999645, -15.34650000000000070, 3.840000000000000302 ) ) ;
#4807 = CARTESIAN_POINT ( 'NONE',  ( 18.25000000000000000, -8.699999999999999289, 15.80886698680999913 ) ) ;
#4808 = CARTESIAN_POINT ( 'NONE',  ( 5.705000000000000071, -13.31649999999999956, 3.660000000000000142 ) ) ;
#4809 = ORIENTED_EDGE ( 'NONE', *, *, #10591, .F. ) ;
#4810 = AXIS2_PLACEMENT_3D ( 'NONE', #658, #8854, #3787 ) ;
#4811 = DIRECTION ( 'NONE',  ( -0.000000000000000000, 0.000000000000000000, 1.000000000000000000 ) ) ;
#4812 = DIRECTION ( 'NONE',  ( 0.000000000000000000, 0.000000000000000000, -1.000000000000000000 ) ) ;
#4813 = FACE_OUTER_BOUND ( 'NONE', #6598, .T. ) ;
#4814 = ORIENTED_EDGE ( 'NONE', *, *, #10561, .F. ) ;
#4815 = CARTESIAN_POINT ( 'NONE',  ( -21.69999999999999929, -15.40000000000000036, 15.80886698680999913 ) ) ;
#4816 = VECTOR ( 'NONE', #5859, 1000.000000000000000 ) ;
#4817 = LINE ( 'NONE', #3768, #11400 ) ;
#4818 = FACE_OUTER_BOUND ( 'NONE', #892, .T. ) ;
#4819 = CARTESIAN_POINT ( 'NONE',  ( 24.89999999999999858, -2.399999999999999911, 13.40886698681000055 ) ) ;
#4821 = ORIENTED_EDGE ( 'NONE', *, *, #9118, .F. ) ;
#4820 = DIRECTION ( 'NONE',  ( 0.000000000000000000, 0.000000000000000000, -1.000000000000000000 ) ) ;
#4822 = CARTESIAN_POINT ( 'NONE',  ( -0.4949999999999999956, -23.77649999999999864, 1.145000000000000018 ) ) ;
#4823 = FACE_OUTER_BOUND ( 'NONE', #9422, .T. ) ;
#4824 = EDGE_CURVE ( 'NONE', #13585, #4197, #12660, .T. ) ;
#4825 = CARTESIAN_POINT ( 'NONE',  ( 20.00000000000000000, 0.000000000000000000, 0.000000000000000000 ) ) ;
#4826 = LINE ( 'NONE', #505, #11551 ) ;
#4827 = DIRECTION ( 'NONE',  ( -1.000000000000000000, -0.000000000000000000, -0.000000000000000000 ) ) ;
#4828 = DIRECTION ( 'NONE',  ( -0.000000000000000000, -1.000000000000000000, -0.000000000000000000 ) ) ;
#4829 = EDGE_CURVE ( 'NONE', #459, #11443, #1329, .T. ) ;
#4830 =( LENGTH_UNIT ( ) NAMED_UNIT ( * ) SI_UNIT ( .MILLI., .METRE. ) );
#4831 = ORIENTED_EDGE ( 'NONE', *, *, #3124, .T. ) ;
#4832 = ORIENTED_EDGE ( 'NONE', *, *, #10979, .F. ) ;
#4833 = EDGE_CURVE ( 'NONE', #8614, #3092, #6469, .T. ) ;
#4834 = ORIENTED_EDGE ( 'NONE', *, *, #567, .T. ) ;
#4835 = ORIENTED_EDGE ( 'NONE', *, *, #5211, .T. ) ;
#4836 = PLANE ( 'NONE',  #3468 ) ;
#4837 = FILL_AREA_STYLE_COLOUR ( '', #8929 ) ;
#4838 = CARTESIAN_POINT ( 'NONE',  ( -20.00000000000000000, -2.399999999999999911, 0.000000000000000000 ) ) ;
#4839 = VERTEX_POINT ( 'NONE', #11823 ) ;
#4840 = CARTESIAN_POINT ( 'NONE',  ( 5.724999999999999645, -17.35153820345999875, 4.850000000000000533 ) ) ;
#4841 = SURFACE_SIDE_STYLE ('',( #11030 ) ) ;
#4842 = ORIENTED_EDGE ( 'NONE', *, *, #5409, .T. ) ;
#4843 = ORIENTED_EDGE ( 'NONE', *, *, #3459, .T. ) ;
#4844 = EDGE_CURVE ( 'NONE', #10680, #6379, #1, .T. ) ;
#4845 = EDGE_LOOP ( 'NONE', ( #5646, #9668, #8571, #12864 ) ) ;
#4846 = LINE ( 'NONE', #13324, #6320 ) ;
#4847 = VERTEX_POINT ( 'NONE', #1187 ) ;
#4848 = DIRECTION ( 'NONE',  ( 0.09602825923645796902, 0.9953786080823796567, 0.000000000000000000 ) ) ;
#4849 = FACE_OUTER_BOUND ( 'NONE', #10907, .T. ) ;
#4850 = DIRECTION ( 'NONE',  ( 0.000000000000000000, 0.000000000000000000, 1.000000000000000000 ) ) ;
#4851 = LINE ( 'NONE', #10197, #4255 ) ;
#4852 = ORIENTED_EDGE ( 'NONE', *, *, #11834, .T. ) ;
#4853 = ORIENTED_EDGE ( 'NONE', *, *, #8189, .F. ) ;
#4854 = CARTESIAN_POINT ( 'NONE',  ( 0.000000000000000000, 0.000000000000000000, 0.000000000000000000 ) ) ;
#4855 = LINE ( 'NONE', #7984, #13653 ) ;
#4856 = VECTOR ( 'NONE', #9799, 1000.000000000000000 ) ;
#4857 = FILL_AREA_STYLE_COLOUR ( '', #7387 ) ;
#4858 = ORIENTED_EDGE ( 'NONE', *, *, #11114, .F. ) ;
#4859 = CARTESIAN_POINT ( 'NONE',  ( -1.394999999999999796, -22.96649999999999991, 1.320000000000000062 ) ) ;
#4860 = ADVANCED_FACE ( 'NONE', ( #8428 ), #5431, .T. ) ;
#4861 = ORIENTED_EDGE ( 'NONE', *, *, #5513, .T. ) ;
#4862 = ADVANCED_FACE ( 'NONE', ( #5774 ), #13281, .F. ) ;
#4863 = CIRCLE ( 'NONE', #2200, 3.200000000000001510 ) ;
#4864 = DIRECTION ( 'NONE',  ( -0.000000000000000000, 0.000000000000000000, -1.000000000000000000 ) ) ;
#4865 = VECTOR ( 'NONE', #12026, 1000.000000000000000 ) ;
#4866 = ORIENTED_EDGE ( 'NONE', *, *, #876, .F. ) ;
#4867 = VECTOR ( 'NONE', #10431, 1000.000000000000000 ) ;
#4868 = DIRECTION ( 'NONE',  ( 1.000000000000000000, 0.000000000000000000, 0.000000000000000000 ) ) ;
#4869 = VECTOR ( 'NONE', #4163, 1000.000000000000000 ) ;
#4870 = LINE ( 'NONE', #6045, #4289 ) ;
#4871 = PLANE ( 'NONE',  #1392 ) ;
#4872 = AXIS2_PLACEMENT_3D ( 'NONE', #10130, #7475, #10658 ) ;
#4873 = DIRECTION ( 'NONE',  ( 0.000000000000000000, -0.000000000000000000, 1.000000000000000000 ) ) ;
#4874 = ORIENTED_EDGE ( 'NONE', *, *, #8395, .T. ) ;
#4875 = VECTOR ( 'NONE', #553, 1000.000000000000000 ) ;
#4876 = CARTESIAN_POINT ( 'NONE',  ( 0.005000000000000000104, -24.27649999999999864, -41.48361599999999783 ) ) ;
#4877 = LINE ( 'NONE', #6961, #8451 ) ;
#4878 = EDGE_CURVE ( 'NONE', #4899, #5745, #6757, .T. ) ;
#4879 = AXIS2_PLACEMENT_3D ( 'NONE', #6546, #8559, #4379 ) ;
#4880 = LINE ( 'NONE', #2508, #12314 ) ;
#4881 = ORIENTED_EDGE ( 'NONE', *, *, #11155, .T. ) ;
#4882 = CARTESIAN_POINT ( 'NONE',  ( -8.269999999999999574, -15.34650000000000070, 4.500000000000000888 ) ) ;
#4883 = CARTESIAN_POINT ( 'NONE',  ( 1.714505518806294391E-16, -22.96649999999999991, 3.449999999999999734 ) ) ;
#4884 = CARTESIAN_POINT ( 'NONE',  ( 8.800000000000002487, 0.000000000000000000, 12.90000000000000213 ) ) ;
#4885 = FILL_AREA_STYLE_COLOUR ( '', #6040 ) ;
#4887 = ORIENTED_EDGE ( 'NONE', *, *, #12536, .T. ) ;
#4886 = DIRECTION ( 'NONE',  ( 0.9953786080823797677, 0.09602825923645798289, 0.000000000000000000 ) ) ;
#4888 = EDGE_CURVE ( 'NONE', #13601, #955, #12247, .T. ) ;
#4889 = CARTESIAN_POINT ( 'NONE',  ( -4.715000000000000746, -13.31649999999999956, 3.660000000000000142 ) ) ;
#4890 = CARTESIAN_POINT ( 'NONE',  ( -1.395000000000000018, -22.96649999999999991, -3.509999999999999787 ) ) ;
#4891 = CARTESIAN_POINT ( 'NONE',  ( -4.714999999999999858, -15.34650000000000070, 4.500000000000000888 ) ) ;
#4892 = CARTESIAN_POINT ( 'NONE',  ( 7.000000000000000000, -19.40650000000000119, 4.650000000000000355 ) ) ;
#4893 = CARTESIAN_POINT ( 'NONE',  ( -1.320799999999999974, -2.337200000000000166, 0.5000000000000000000 ) ) ;
#4894 = LINE ( 'NONE', #9131, #8697 ) ;
#4895 = CARTESIAN_POINT ( 'NONE',  ( 4.584999999999999964, -21.56650000000000134, 3.509999999999999787 ) ) ;
#4896 = VECTOR ( 'NONE', #10085, 1000.000000000000000 ) ;
#4897 = ORIENTED_EDGE ( 'NONE', *, *, #12583, .T. ) ;
#4898 = ORIENTED_EDGE ( 'NONE', *, *, #2149, .F. ) ;
#4899 = VERTEX_POINT ( 'NONE', #11130 ) ;
#4900 = EDGE_LOOP ( 'NONE', ( #4897, #7480, #804, #12379, #2130, #8249 ) ) ;
#4901 = ADVANCED_FACE ( 'NONE', ( #12036 ), #1600, .T. ) ;
#4902 = CARTESIAN_POINT ( 'NONE',  ( 0.005000000000000040003, -22.96649999999999991, 1.145000000000000240 ) ) ;
#4903 = LINE ( 'NONE', #6013, #102 ) ;
#4904 = AXIS2_PLACEMENT_3D ( 'NONE', #6881, #1526, #9928 ) ;
#4905 = LINE ( 'NONE', #9140, #1654 ) ;
#4906 = ORIENTED_EDGE ( 'NONE', *, *, #11381, .F. ) ;
#4907 = LINE ( 'NONE', #521, #4973 ) ;
#4908 = CARTESIAN_POINT ( 'NONE',  ( -5.205000000000000071, -17.94999999999999929, -7.519999999999999574 ) ) ;
#4909 = ORIENTED_EDGE ( 'NONE', *, *, #12553, .F. ) ;
#4910 = ORIENTED_EDGE ( 'NONE', *, *, #11936, .T. ) ;
#4911 = ADVANCED_FACE ( 'NONE', ( #13220 ), #3756, .T. ) ;
#4912 = ORIENTED_EDGE ( 'NONE', *, *, #2070, .T. ) ;
#4913 = PLANE ( 'NONE',  #3210 ) ;
#4914 = ORIENTED_EDGE ( 'NONE', *, *, #9030, .T. ) ;
#4915 = ORIENTED_EDGE ( 'NONE', *, *, #9635, .T. ) ;
#4916 = CARTESIAN_POINT ( 'NONE',  ( 5.705000000000000071, -19.40650000000000119, 4.830000000000000071 ) ) ;
#4917 =( LENGTH_UNIT ( ) NAMED_UNIT ( * ) SI_UNIT ( .MILLI., .METRE. ) );
#4918 = LINE ( 'NONE', #7978, #9619 ) ;
#4919 = EDGE_CURVE ( 'NONE', #1020, #461, #10995, .T. ) ;
#4920 = FACE_OUTER_BOUND ( 'NONE', #11632, .T. ) ;
#4921 = VERTEX_POINT ( 'NONE', #11200 ) ;
#4922 = ORIENTED_EDGE ( 'NONE', *, *, #1868, .T. ) ;
#4923 = LINE ( 'NONE', #10200, #12576 ) ;
#4924 = CARTESIAN_POINT ( 'NONE',  ( 21.69999999999999929, -12.19999999999999929, 55.05878599081000146 ) ) ;
#4925 = EDGE_CURVE ( 'NONE', #4899, #6288, #559, .T. ) ;
#4926 = CARTESIAN_POINT ( 'NONE',  ( 1.270000000000000018, -21.18649999999999878, -4.320000000000000284 ) ) ;
#4927 = ORIENTED_EDGE ( 'NONE', *, *, #6009, .F. ) ;
#4928 = FACE_OUTER_BOUND ( 'NONE', #13459, .T. ) ;
#4929 = ORIENTED_EDGE ( 'NONE', *, *, #9392, .T. ) ;
#4930 = EDGE_CURVE ( 'NONE', #2953, #549, #9737, .T. ) ;
#4931 = AXIS2_PLACEMENT_3D ( 'NONE', #1023, #2064, #5268 ) ;
#4932 = DIRECTION ( 'NONE',  ( -1.000000000000000000, 0.000000000000000000, -0.000000000000000000 ) ) ;
#4933 = ORIENTED_EDGE ( 'NONE', *, *, #7892, .T. ) ;
#4934 = CARTESIAN_POINT ( 'NONE',  ( 0.000000000000000000, -17.37650000000000006, -4.320000000000000284 ) ) ;
#4935 = CARTESIAN_POINT ( 'NONE',  ( -1.300000000000000266, -3.556500000000000217, -4.320000000000000284 ) ) ;
#4936 = DIRECTION ( 'NONE',  ( 0.000000000000000000, -1.000000000000000000, -0.000000000000000000 ) ) ;
#4937 = LINE ( 'NONE', #556, #496 ) ;
#4938 = CARTESIAN_POINT ( 'NONE',  ( 2.284999999999999698, -13.31649999999999956, -3.330000000000000071 ) ) ;
#4939 = EDGE_CURVE ( 'NONE', #8437, #9290, #6635, .T. ) ;
#4940 = MECHANICAL_DESIGN_GEOMETRIC_PRESENTATION_REPRESENTATION (  '', ( #12717 ), #721 ) ;
#4941 = LINE ( 'NONE', #13563, #7877 ) ;
#4942 = LINE ( 'NONE', #12327, #13340 ) ;
#4943 = CARTESIAN_POINT ( 'NONE',  ( -8.859999999999999432, -15.22000000000000242, 10.96000000000000085 ) ) ;
#4944 = ORIENTED_EDGE ( 'NONE', *, *, #6139, .T. ) ;
#4945 = CARTESIAN_POINT ( 'NONE',  ( 8.320800000000000196, 3.589199999999999946, -0.5000000000000002220 ) ) ;
#4946 = DIRECTION ( 'NONE',  ( 0.000000000000000000, 0.000000000000000000, -1.000000000000000000 ) ) ;
#4947 = AXIS2_PLACEMENT_3D ( 'NONE', #8760, #11821, #3476 ) ;
#4948 = ADVANCED_FACE ( 'NONE', ( #6956 ), #6682, .F. ) ;
#4949 = LINE ( 'NONE', #3701, #1313 ) ;
#4950 = CARTESIAN_POINT ( 'NONE',  ( 0.000000000000000000, -15.22000000000000242, -10.96000000000000085 ) ) ;
#4951 = DIRECTION ( 'NONE',  ( 0.000000000000000000, 0.000000000000000000, -1.000000000000000000 ) ) ;
#4952 = AXIS2_PLACEMENT_3D ( 'NONE', #2732, #3969, #5029 ) ;
#4954 = ORIENTED_EDGE ( 'NONE', *, *, #493, .F. ) ;
#4953 = CARTESIAN_POINT ( 'NONE',  ( 1.320799999999999974, -2.337200000000000166, 0.5000000000000000000 ) ) ;
#4955 =( NAMED_UNIT ( * ) SI_UNIT ( $, .STERADIAN. ) SOLID_ANGLE_UNIT ( ) );
#4956 = CARTESIAN_POINT ( 'NONE',  ( 1.395000000000000018, -22.96649999999999991, -3.509999999999999787 ) ) ;
#4957 = CARTESIAN_POINT ( 'NONE',  ( 5.205000000000000071, -22.96649999999999991, -1.879999999999999893 ) ) ;
#4958 = CIRCLE ( 'NONE', #12733, 0.9899999999999995470 ) ;
#4959 = ADVANCED_FACE ( 'NONE', ( #5912 ), #12182, .T. ) ;
#4960 = CARTESIAN_POINT ( 'NONE',  ( -7.635000000000000675, -22.96649999999999991, 19.46000000000000085 ) ) ;
#4961 = DIRECTION ( 'NONE',  ( -1.000000000000000000, -0.000000000000000000, -0.000000000000000000 ) ) ;
#4962 = FACE_OUTER_BOUND ( 'NONE', #2395, .T. ) ;
#4963 = DIRECTION ( 'NONE',  ( 1.000000000000000000, 0.000000000000000000, 0.000000000000000000 ) ) ;
#4964 = VECTOR ( 'NONE', #11266, 1000.000000000000000 ) ;
#4965 = VECTOR ( 'NONE', #3025, 1000.000000000000000 ) ;
#4966 = ORIENTED_EDGE ( 'NONE', *, *, #3829, .T. ) ;
#4967 = VECTOR ( 'NONE', #4339, 1000.000000000000000 ) ;
#4968 = ORIENTED_EDGE ( 'NONE', *, *, #7951, .F. ) ;
#4969 = VERTEX_POINT ( 'NONE', #2582 ) ;
#4970 = CARTESIAN_POINT ( 'NONE',  ( -8.799999999999998934, 0.000000000000000000, -12.90000000000000213 ) ) ;
#4971 = ORIENTED_EDGE ( 'NONE', *, *, #10040, .F. ) ;
#4972 = VERTEX_POINT ( 'NONE', #1536 ) ;
#4973 = VECTOR ( 'NONE', #9142, 1000.000000000000227 ) ;
#4974 = DIRECTION ( 'NONE',  ( 0.000000000000000000, 1.000000000000000000, -0.000000000000000000 ) ) ;
#4975 = FACE_OUTER_BOUND ( 'NONE', #4357, .T. ) ;
#4976 = CARTESIAN_POINT ( 'NONE',  ( -8.500000000000000000, -17.57000000000000384, 13.40000000000000036 ) ) ;
#4977 = VERTEX_POINT ( 'NONE', #13079 ) ;
#4978 = CIRCLE ( 'NONE', #13413, 0.8381999999999998341 ) ;
#4979 = CARTESIAN_POINT ( 'NONE',  ( 1.714505518806294145E-16, -1.376499999999999169, 3.449999999999999734 ) ) ;
#4980 = AXIS2_PLACEMENT_3D ( 'NONE', #3140, #11556, #9515 ) ;
#4981 = VECTOR ( 'NONE', #7259, 1000.000000000000000 ) ;
#4982 = DIRECTION ( 'NONE',  ( 0.000000000000000000, 1.000000000000000000, -0.000000000000000000 ) ) ;
#4983 = VECTOR ( 'NONE', #730, 1000.000000000000114 ) ;
#4984 = ORIENTED_EDGE ( 'NONE', *, *, #939, .F. ) ;
#4985 = VECTOR ( 'NONE', #5566, 1000.000000000000114 ) ;
#4986 = ORIENTED_EDGE ( 'NONE', *, *, #9360, .F. ) ;
#4987 = ADVANCED_FACE ( 'NONE', ( #10003 ), #3542, .F. ) ;
#4988 = VECTOR ( 'NONE', #41, 1000.000000000000000 ) ;
#4989 = ORIENTED_EDGE ( 'NONE', *, *, #815, .T. ) ;
#4990 = VECTOR ( 'NONE', #154, 1000.000000000000000 ) ;
#4991 = DIRECTION ( 'NONE',  ( 0.000000000000000000, 0.000000000000000000, -1.000000000000000000 ) ) ;
#4992 = VERTEX_POINT ( 'NONE', #4731 ) ;
#4993 = VERTEX_POINT ( 'NONE', #3686 ) ;
#4994 = PLANE ( 'NONE',  #12519 ) ;
#4995 = PLANE ( 'NONE',  #10944 ) ;
#4996 = CARTESIAN_POINT ( 'NONE',  ( 7.000000000000000000, -17.37650000000000006, 7.190000000000000391 ) ) ;
#4997 = EDGE_CURVE ( 'NONE', #9771, #13122, #7931, .T. ) ;
#4998 = CARTESIAN_POINT ( 'NONE',  ( 1.395000000000000018, -22.96649999999999991, 0.4999999999999998890 ) ) ;
#4999 = EDGE_LOOP ( 'NONE', ( #13137, #9219, #13753, #3109 ) ) ;
#5000 = ORIENTED_EDGE ( 'NONE', *, *, #6799, .T. ) ;
#5001 = CARTESIAN_POINT ( 'NONE',  ( -1.320799999999999974, -2.337200000000000166, 0.5000000000000000000 ) ) ;
#5002 = EDGE_CURVE ( 'NONE', #1585, #12020, #2436, .T. ) ;
#5003 = UNCERTAINTY_MEASURE_WITH_UNIT (LENGTH_MEASURE( 1.000000000000000082E-05 ), #11709, 'distance_accuracy_value', 'NONE');
#5004 = DIRECTION ( 'NONE',  ( 0.000000000000000000, 0.000000000000000000, 1.000000000000000000 ) ) ;
#5005 = ORIENTED_EDGE ( 'NONE', *, *, #11889, .T. ) ;
#5006 = AXIS2_PLACEMENT_3D ( 'NONE', #2139, #9354, #3118 ) ;
#5007 = ORIENTED_EDGE ( 'NONE', *, *, #10935, .T. ) ;
#5008 =( GEOMETRIC_REPRESENTATION_CONTEXT ( 3 ) GLOBAL_UNCERTAINTY_ASSIGNED_CONTEXT ( ( #9162 ) ) GLOBAL_UNIT_ASSIGNED_CONTEXT ( ( #12961, #86, #5310 ) ) REPRESENTATION_CONTEXT ( 'NONE', 'WORKASPACE' ) );
#5009 = ADVANCED_FACE ( 'NONE', ( #5639 ), #9873, .T. ) ;
#5010 = EDGE_CURVE ( 'NONE', #5252, #6222, #1888, .T. ) ;
#5011 = DIRECTION ( 'NONE',  ( -0.8786293792632253741, 0.4775043600801140986, 0.000000000000000000 ) ) ;
#5012 = ORIENTED_EDGE ( 'NONE', *, *, #949, .F. ) ;
#5013 = CARTESIAN_POINT ( 'NONE',  ( 8.474999999999999645, -13.31649999999999956, 3.640000000000000124 ) ) ;
#5014 = PRESENTATION_STYLE_ASSIGNMENT (( #11544 ) ) ;
#5015 = LINE ( 'NONE', #12666, #4514 ) ;
#5016 = AXIS2_PLACEMENT_3D ( 'NONE', #1573, #12155, #1507 ) ;
#5017 = DIRECTION ( 'NONE',  ( 0.000000000000000000, -1.000000000000000000, 0.000000000000000000 ) ) ;
#5018 = ADVANCED_FACE ( 'NONE', ( #3063 ), #5146, .T. ) ;
#5019 = VECTOR ( 'NONE', #8810, 1000.000000000000000 ) ;
#5020 = CARTESIAN_POINT ( 'NONE',  ( -16.80000000000000071, 0.000000000000000000, 4.899999999999998579 ) ) ;
#5021 = CARTESIAN_POINT ( 'NONE',  ( 18.25000000000000000, -8.699999999999999289, 13.40886698681000055 ) ) ;
#5022 = CARTESIAN_POINT ( 'NONE',  ( -6.489999999999997549, -3.313815743960002891, 4.500000000000000888 ) ) ;
#5023 = PLANE ( 'NONE',  #12430 ) ;
#5024 = VERTEX_POINT ( 'NONE', #3000 ) ;
#5025 = DIRECTION ( 'NONE',  ( 0.000000000000000000, 0.000000000000000000, 1.000000000000000000 ) ) ;
#5026 = DIRECTION ( 'NONE',  ( 0.000000000000000000, 0.000000000000000000, 1.000000000000000000 ) ) ;
#5027 = EDGE_CURVE ( 'NONE', #6641, #13245, #6048, .T. ) ;
#5028 = CARTESIAN_POINT ( 'NONE',  ( -5.219999999999999751, -2.673278531664999846, -0.1000000000000000056 ) ) ;
#5029 = DIRECTION ( 'NONE',  ( 0.000000000000000000, 0.000000000000000000, 1.000000000000000000 ) ) ;
#5030 = AXIS2_PLACEMENT_3D ( 'NONE', #3942, #10469, #945 ) ;
#5032 = ORIENTED_EDGE ( 'NONE', *, *, #7473, .T. ) ;
#5031 = LINE ( 'NONE', #10230, #3583 ) ;
#5033 = PLANE ( 'NONE',  #7329 ) ;
#5034 = DIRECTION ( 'NONE',  ( 0.000000000000000000, -0.000000000000000000, -1.000000000000000000 ) ) ;
#5035 = CARTESIAN_POINT ( 'NONE',  ( 9.228380951166000656, -2.337200000000000166, 4.500000000000000888 ) ) ;
#5036 = LINE ( 'NONE', #10440, #9534 ) ;
#5037 = PLANE ( 'NONE',  #12535 ) ;
#5038 = LINE ( 'NONE', #2742, #12199 ) ;
#5039 = EDGE_CURVE ( 'NONE', #5550, #5487, #7311, .T. ) ;
#5040 = VECTOR ( 'NONE', #8174, 1000.000000000000000 ) ;
#5041 = ADVANCED_FACE ( 'NONE', ( #3903 ), #8346, .F. ) ;
#5042 = EDGE_CURVE ( 'NONE', #7562, #747, #13629, .T. ) ;
#5043 = ORIENTED_EDGE ( 'NONE', *, *, #8683, .F. ) ;
#5044 = ORIENTED_EDGE ( 'NONE', *, *, #10887, .F. ) ;
#5045 = CARTESIAN_POINT ( 'NONE',  ( 0.000000000000000000, -17.37650000000000006, -4.500000000000000888 ) ) ;
#5046 = ORIENTED_EDGE ( 'NONE', *, *, #618, .F. ) ;
#5047 = VERTEX_POINT ( 'NONE', #11409 ) ;
#5048 = DIRECTION ( 'NONE',  ( -0.000000000000000000, 0.000000000000000000, -1.000000000000000000 ) ) ;
#5049 = CARTESIAN_POINT ( 'NONE',  ( -8.394999999999999574, -22.96649999999999991, 19.46000000000000085 ) ) ;
#5050 = LINE ( 'NONE', #9279, #10083 ) ;
#5051 = ORIENTED_EDGE ( 'NONE', *, *, #4666, .F. ) ;
#5052 = CARTESIAN_POINT ( 'NONE',  ( -7.000000000000000000, -21.18649999999999878, 4.650000000000000355 ) ) ;
#5053 = CIRCLE ( 'NONE', #12818, 0.2999999999999999334 ) ;
#5054 = CARTESIAN_POINT ( 'NONE',  ( -4.612359312880999873, 3.589199999999999946, -4.834999999999999964 ) ) ;
#5055 = CARTESIAN_POINT ( 'NONE',  ( 0.000000000000000000, -2.337200000000000166, 0.000000000000000000 ) ) ;
#5056 = ADVANCED_FACE ( 'NONE', ( #8071, #2015, #10282 ), #2799, .T. ) ;
#5057 = VERTEX_POINT ( 'NONE', #13492 ) ;
#5058 = ORIENTED_EDGE ( 'NONE', *, *, #10381, .T. ) ;
#5059 = PLANE ( 'NONE',  #5603 ) ;
#5060 = ORIENTED_EDGE ( 'NONE', *, *, #11618, .T. ) ;
#5061 = ORIENTED_EDGE ( 'NONE', *, *, #4720, .T. ) ;
#5062 = DIRECTION ( 'NONE',  ( 0.000000000000000000, -0.000000000000000000, -1.000000000000000000 ) ) ;
#5063 = DIRECTION ( 'NONE',  ( 0.000000000000000000, 0.000000000000000000, 1.000000000000000000 ) ) ;
#5064 = CARTESIAN_POINT ( 'NONE',  ( 4.714999999999999858, -13.31649999999999956, -0.1000000000000020040 ) ) ;
#5065 = VERTEX_POINT ( 'NONE', #9249 ) ;
#5066 = VECTOR ( 'NONE', #10856, 1000.000000000000000 ) ;
#5067 = FACE_OUTER_BOUND ( 'NONE', #9653, .T. ) ;
#5068 = CYLINDRICAL_SURFACE ( 'NONE', #11378, 3.200000000000001510 ) ;
#5069 = ORIENTED_EDGE ( 'NONE', *, *, #784, .F. ) ;
#5070 = VERTEX_POINT ( 'NONE', #9368 ) ;
#5071 = CARTESIAN_POINT ( 'NONE',  ( -1.500000000000000000, -17.94999999999999929, -12.90000000000000036 ) ) ;
#5072 = ADVANCED_FACE ( 'NONE', ( #7250 ), #7032, .F. ) ;
#5073 = VERTEX_POINT ( 'NONE', #4026 ) ;
#5074 = LINE ( 'NONE', #12721, #13174 ) ;
#5075 = DIRECTION ( 'NONE',  ( 0.000000000000000000, -0.000000000000000000, 1.000000000000000000 ) ) ;
#5076 = LINE ( 'NONE', #12524, #8952 ) ;
#5077 = DIRECTION ( 'NONE',  ( 0.000000000000000000, 0.000000000000000000, -1.000000000000000000 ) ) ;
#5078 = EDGE_CURVE ( 'NONE', #737, #5606, #11268, .T. ) ;
#5079 = DIRECTION ( 'NONE',  ( 0.000000000000000000, 1.000000000000000000, -0.000000000000000000 ) ) ;
#5080 = PLANE ( 'NONE',  #5334 ) ;
#5081 = CARTESIAN_POINT ( 'NONE',  ( 3.149999999999999911, -22.58650000000000091, -4.320000000000000284 ) ) ;
#5082 = ORIENTED_EDGE ( 'NONE', *, *, #4919, .F. ) ;
#5083 = AXIS2_PLACEMENT_3D ( 'NONE', #427, #5498, #2444 ) ;
#5084 = EDGE_CURVE ( 'NONE', #9486, #12934, #3959, .T. ) ;
#5085 = COLOUR_RGB ( '',1.000000000000000000, 1.000000000000000000, 1.000000000000000000 ) ;
#5086 = CARTESIAN_POINT ( 'NONE',  ( -3.935000000000000053, -20.17650000000000077, -4.500000000000000888 ) ) ;
#5087 = ORIENTED_EDGE ( 'NONE', *, *, #3809, .T. ) ;
#5088 = CARTESIAN_POINT ( 'NONE',  ( 8.300000000000000711, -3.556500000000000217, 4.500000000000000888 ) ) ;
#5089 = CARTESIAN_POINT ( 'NONE',  ( -20.30000000000000071, -2.399999999999999911, -6.500000000000000000 ) ) ;
#5090 = LINE ( 'NONE', #9321, #3177 ) ;
#5091 = ORIENTED_EDGE ( 'NONE', *, *, #6545, .T. ) ;
#5092 = DIRECTION ( 'NONE',  ( 0.000000000000000000, 0.000000000000000000, 1.000000000000000000 ) ) ;
#5093 = CARTESIAN_POINT ( 'NONE',  ( 1.395000000000000018, -22.96649999999999991, -1.655000000000000027 ) ) ;
#5094 = CARTESIAN_POINT ( 'NONE',  ( 12.95619407771520315, 3.200000000000000178, -6.903805922284797170 ) ) ;
#5095 = EDGE_CURVE ( 'NONE', #13019, #6082, #1745, .T. ) ;
#5096 = DIRECTION ( 'NONE',  ( -1.000000000000000000, -0.000000000000000000, -0.000000000000000000 ) ) ;
#5097 = CYLINDRICAL_SURFACE ( 'NONE', #9319, 6.500000000000000888 ) ;
#5098 = FACE_BOUND ( 'NONE', #9781, .T. ) ;
#5099 = FACE_OUTER_BOUND ( 'NONE', #2472, .T. ) ;
#5100 = EDGE_CURVE ( 'NONE', #11785, #2541, #10216, .T. ) ;
#5101 = STYLED_ITEM ( 'NONE', ( #11932 ), #5136 ) ;
#5102 = VECTOR ( 'NONE', #8247, 1000.000000000000000 ) ;
#5103 = PRESENTATION_STYLE_ASSIGNMENT (( #7275 ) ) ;
#5104 = ORIENTED_EDGE ( 'NONE', *, *, #4324, .F. ) ;
#5105 = VERTEX_POINT ( 'NONE', #4938 ) ;
#5106 = PLANE ( 'NONE',  #2267 ) ;
#5107 = ORIENTED_EDGE ( 'NONE', *, *, #4437, .F. ) ;
#5108 = ORIENTED_EDGE ( 'NONE', *, *, #2205, .T. ) ;
#5109 = CARTESIAN_POINT ( 'NONE',  ( 10.93500000000000050, -17.94999999999999929, 4.500000000000000888 ) ) ;
#5110 = DIRECTION ( 'NONE',  ( 1.000000000000000000, -0.000000000000000000, 0.000000000000000000 ) ) ;
#5111 = EDGE_CURVE ( 'NONE', #12102, #7211, #13428, .T. ) ;
#5112 = VERTEX_POINT ( 'NONE', #2928 ) ;
#5113 = DIRECTION ( 'NONE',  ( -0.000000000000000000, 1.000000000000000000, -0.000000000000000000 ) ) ;
#5114 = LINE ( 'NONE', #12700, #3985 ) ;
#5115 = EDGE_CURVE ( 'NONE', #9777, #1465, #7172, .T. ) ;
#5116 = VECTOR ( 'NONE', #10780, 1000.000000000000114 ) ;
#5117 = DIRECTION ( 'NONE',  ( 0.000000000000000000, 0.000000000000000000, 1.000000000000000000 ) ) ;
#5118 = ADVANCED_FACE ( 'NONE', ( #11480 ), #1954, .T. ) ;
#5119 = VECTOR ( 'NONE', #12415, 1000.000000000000000 ) ;
#5120 = ORIENTED_EDGE ( 'NONE', *, *, #13236, .F. ) ;
#5121 = CARTESIAN_POINT ( 'NONE',  ( -9.285000000000000142, -13.31649999999999956, 3.629999999999999893 ) ) ;
#5122 = ORIENTED_EDGE ( 'NONE', *, *, #9187, .T. ) ;
#5123 = ORIENTED_EDGE ( 'NONE', *, *, #2269, .T. ) ;
#5124 = EDGE_CURVE ( 'NONE', #1681, #12287, #2085, .T. ) ;
#5125 = ADVANCED_FACE ( 'NONE', ( #4232 ), #9762, .T. ) ;
#5126 = CARTESIAN_POINT ( 'NONE',  ( -1.270000000000000018, -17.37650000000000006, -3.509999999999999787 ) ) ;
#5127 = DIRECTION ( 'NONE',  ( 0.000000000000000000, 0.000000000000000000, 1.000000000000000000 ) ) ;
#5128 = DIRECTION ( 'NONE',  ( -0.000000000000000000, 1.000000000000000000, 0.000000000000000000 ) ) ;
#5129 = EDGE_LOOP ( 'NONE', ( #7716, #6283, #1026, #10790, #5754, #13326 ) ) ;
#5130 = CARTESIAN_POINT ( 'NONE',  ( 3.064999999999999947, -20.17650000000000077, 4.500000000000000888 ) ) ;
#5131 = PLANE ( 'NONE',  #4270 ) ;
#5133 = VERTEX_POINT ( 'NONE', #6716 ) ;
#5132 = EDGE_CURVE ( 'NONE', #7589, #3643, #10624, .T. ) ;
#5134 = ORIENTED_EDGE ( 'NONE', *, *, #13303, .T. ) ;
#5135 = UNCERTAINTY_MEASURE_WITH_UNIT (LENGTH_MEASURE( 1.000000000000000082E-05 ), #6877, 'distance_accuracy_value', 'NONE');
#5136 = ADVANCED_FACE ( 'NONE', ( #10569, #967 ), #3576, .F. ) ;
#5137 = EDGE_CURVE ( 'NONE', #1430, #13661, #1440, .T. ) ;
#5138 = ORIENTED_EDGE ( 'NONE', *, *, #11824, .T. ) ;
#5139 = DIRECTION ( 'NONE',  ( -0.000000000000000000, -1.000000000000000000, -0.000000000000000000 ) ) ;
#5140 = ORIENTED_EDGE ( 'NONE', *, *, #758, .T. ) ;
#5141 = LINE ( 'NONE', #11476, #6732 ) ;
#5142 = LINE ( 'NONE', #3955, #3099 ) ;
#5143 = CARTESIAN_POINT ( 'NONE',  ( 8.300000000000000711, -3.556500000000000661, -0.1000000000000000056 ) ) ;
#5144 = DIRECTION ( 'NONE',  ( -0.000000000000000000, -1.000000000000000000, -0.000000000000000000 ) ) ;
#5145 = EDGE_CURVE ( 'NONE', #1175, #863, #11688, .T. ) ;
#5146 = PLANE ( 'NONE',  #7760 ) ;
#5147 = ADVANCED_FACE ( 'NONE', ( #3446 ), #6651, .F. ) ;
#5148 = DIRECTION ( 'NONE',  ( -1.000000000000000000, 0.000000000000000000, -0.000000000000000000 ) ) ;
#5149 = CARTESIAN_POINT ( 'NONE',  ( 13.50000000000000000, 0.000000000000000000, 14.30000000000000071 ) ) ;
#5150 = CARTESIAN_POINT ( 'NONE',  ( 0.000000000000000000, -17.37650000000000006, 0.4299999999999999933 ) ) ;
#5151 = CLOSED_SHELL ( 'NONE', ( #11991, #11922, #12086, #12949, #3575, #3276, #5490, #13241, #4707, #10941, #7391, #1807, #12743, #13548, #12909, #12614, #4681, #9951, #2679, #4695, #13017, #5703, #3536, #12235, #11998, #13167, #9046, #4481, #6971, #11906, #11809, #7543, #8142, #6464, #1806, #11678, #8024, #470, #11818, #4959, #9493, #5974, #8580, #11633, #8600, #1041, #1217, #13404, #6457, #6235, #12222, #1157, #6438, #2016, #5018, #5746, #9696, #10628, #5584, #5573, #4911, #9009, #11156, #9962, #3361, #135, #3579, #1293, #701, #5719, #7742, #13499, #7530, #8677, #10508, #11783, #9995, #237, #5893, #6559, #13144, #95, #7268, #10367, #6231, #1086, #13330, #4252, #3073, #1365, #9755, #2391, #3085, #6171, #5219, #12940, #10869, #3499, #4860, #12898, #7041, #1092, #846, #5711, #6338, #5336, #7602, #9729, #8876, #4386, #3713, #10422, #8321, #13033, #1904, #11890, #2102, #6394, #2117, #12609, #3334, #1726, #13582, #7362, #5125, #7462, #3658, #4054, #11226, #12748, #6265, #5354, #10444, #6903, #557, #7743, #2401, #12127, #9766, #10046, #10518, #6278, #2676, #12271, #2018, #11123, #8010, #12253, #12431, #2703, #410, #12109, #8799, #7339, #13674, #13069, #2125, #10352, #13321, #6987, #8101, #3665, #4602, #3301, #4987, #10556, #10088, #11956, #8443, #7052, #4115, #5626, #11500, #1335, #7657, #2256, #2006, #4067, #9913, #5056, #10207, #7503, #8479, #5480, #12923, #11018, #10711, #1544, #11778, #805, #9072, #7176, #4559, #2377, #1910, #4901, #2443, #10468, #8582, #1818, #11712, #4726, #12004, #13314, #3172, #10857, #12413, #12044, #7667, #5884, #3910, #655, #267, #10054, #797, #7183, #56, #203, #1117, #9029, #5932, #1074, #830, #8107, #4709, #780, #6200, #13577, #188, #5041, #8400, #4516, #7920, #8156, #11473, #12450, #1591, #3661, #1953, #9420, #7121, #8306, #3758, #8891, #3588, #12140, #270, #5439, #7481, #7629, #11583, #4862, #1214, #1215, #4740, #8472, #1991, #12726, #10837, #6620, #10128, #10481, #9507, #9254, #12517, #3169, #8181, #8895, #7076, #13273, #324, #10564, #7767, #2221, #4696, #13206, #8085, #5667, #10641, #6781, #6878, #2223, #1607, #5009, #2282, #9149, #6442, #9286, #9523, #2730, #12771, #594, #11072, #7212, #8234, #12444, #1167, #10107, #366, #5072, #1298, #6720, #4008, #5342, #5937, #2711, #11056, #3966, #10845, #247, #5782, #5147, #9615, #11240, #10135, #10678, #4948, #6118, #7148, #13427, #3820, #6722, #9270, #8615, #6424, #13671, #8682, #9314, #4231, #11294, #8099, #4748, #5118, #3291, #5677, #7924, #4701, #11679, #13115, #3450, #2999, #2352, #4670, #3108, #8992, #7818, #7301, #5136, #1001, #7583, #7925, #8817, #1523, #9081, #3891, #7165, #13258, #11870, #9116, #10768, #5768, #10205, #1385, #6589, #6864, #3690, #5948, #9193, #4650, #696, #1973, #4690, #3069, #2037, #2313, #6155, #10122, #3692, #6745, #3958, #9813, #3370, #11285, #669, #10101, #5284, #8102 ) ) ;
#5152 = EDGE_LOOP ( 'NONE', ( #10139, #261, #1075, #4652, #4187, #9897 ) ) ;
#5153 = MECHANICAL_DESIGN_GEOMETRIC_PRESENTATION_REPRESENTATION (  '', ( #2255 ), #3360 ) ;
#5154 = DIRECTION ( 'NONE',  ( -0.4775043600801140986, 0.8786293792632253741, 0.000000000000000000 ) ) ;
#5155 = VERTEX_POINT ( 'NONE', #13696 ) ;
#5156 = VECTOR ( 'NONE', #6003, 1000.000000000000000 ) ;
#5157 = DIRECTION ( 'NONE',  ( 1.000000000000000000, 0.000000000000000000, 0.000000000000000000 ) ) ;
#5158 = DIRECTION ( 'NONE',  ( -0.000000000000000000, 0.000000000000000000, -1.000000000000000000 ) ) ;
#5159 = PRESENTATION_STYLE_ASSIGNMENT (( #11493 ) ) ;
#5160 = VECTOR ( 'NONE', #11279, 1000.000000000000000 ) ;
#5161 = EDGE_LOOP ( 'NONE', ( #4109, #5651, #2894, #11051 ) ) ;
#5162 = FILL_AREA_STYLE ('',( #11282 ) ) ;
#5163 = DIRECTION ( 'NONE',  ( 0.000000000000000000, -0.000000000000000000, -1.000000000000000000 ) ) ;
#5164 = EDGE_CURVE ( 'NONE', #10349, #3345, #4624, .T. ) ;
#5165 = DIRECTION ( 'NONE',  ( -1.000000000000000000, 0.000000000000000000, 0.000000000000000000 ) ) ;
#5166 = CARTESIAN_POINT ( 'NONE',  ( 1.473997487421161878, -17.37650000000000006, -4.500000000000000888 ) ) ;
#5167 = CARTESIAN_POINT ( 'NONE',  ( -5.730000000000000426, -17.37650000000000006, 4.650000000000000355 ) ) ;
#5168 = DIRECTION ( 'NONE',  ( 0.000000000000000000, 0.000000000000000000, 1.000000000000000000 ) ) ;
#5169 = CIRCLE ( 'NONE', #12939, 0.9899999999999999911 ) ;
#5170 = EDGE_CURVE ( 'NONE', #8999, #7430, #8858, .T. ) ;
#5171 = ORIENTED_EDGE ( 'NONE', *, *, #1777, .F. ) ;
#5172 = VECTOR ( 'NONE', #5063, 1000.000000000000000 ) ;
#5173 = EDGE_LOOP ( 'NONE', ( #2666, #13247, #2097, #11098 ) ) ;
#5174 = EDGE_LOOP ( 'NONE', ( #2551, #6642, #11993, #5171 ) ) ;
#5175 = EDGE_CURVE ( 'NONE', #1145, #8523, #8213, .T. ) ;
#5176 = DIRECTION ( 'NONE',  ( 0.000000000000000000, 0.000000000000000000, 1.000000000000000000 ) ) ;
#5177 = VECTOR ( 'NONE', #7976, 1000.000000000000000 ) ;
#5178 = EDGE_LOOP ( 'NONE', ( #11648, #1942, #5558, #7891 ) ) ;
#5179 = ORIENTED_EDGE ( 'NONE', *, *, #10041, .F. ) ;
#5180 = FACE_OUTER_BOUND ( 'NONE', #8135, .T. ) ;
#5181 = CARTESIAN_POINT ( 'NONE',  ( 4.612359312880999873, 3.589199999999999946, -4.834999999999999964 ) ) ;
#5182 = PLANE ( 'NONE',  #78 ) ;
#5183 = VERTEX_POINT ( 'NONE', #4166 ) ;
#5184 = EDGE_CURVE ( 'NONE', #9821, #4145, #8410, .T. ) ;
#5185 = CARTESIAN_POINT ( 'NONE',  ( -16.80000000000000071, 0.000000000000000000, 4.900000000000000355 ) ) ;
#5186 = AXIS2_PLACEMENT_3D ( 'NONE', #9519, #4240, #11559 ) ;
#5187 = LINE ( 'NONE', #9412, #13562 ) ;
#5188 = VECTOR ( 'NONE', #4744, 1000.000000000000000 ) ;
#5189 = DIRECTION ( 'NONE',  ( 0.000000000000000000, 0.000000000000000000, -1.000000000000000000 ) ) ;
#5190 = VECTOR ( 'NONE', #2211, 1000.000000000000000 ) ;
#5191 = AXIS2_PLACEMENT_3D ( 'NONE', #4840, #9071, #11029 ) ;
#5192 = ORIENTED_EDGE ( 'NONE', *, *, #4219, .F. ) ;
#5194 = DIRECTION ( 'NONE',  ( -1.000000000000000000, -0.000000000000000000, -0.000000000000000000 ) ) ;
#5193 = VECTOR ( 'NONE', #13558, 1000.000000000000000 ) ;
#5195 = ORIENTED_EDGE ( 'NONE', *, *, #2807, .T. ) ;
#5196 = AXIS2_PLACEMENT_3D ( 'NONE', #6537, #1323, #7577 ) ;
#5197 = EDGE_CURVE ( 'NONE', #3345, #2177, #5949, .T. ) ;
#5198 = VERTEX_POINT ( 'NONE', #7068 ) ;
#5199 = CARTESIAN_POINT ( 'NONE',  ( 8.269999999999999574, -17.37650000000000006, 4.650000000000000355 ) ) ;
#5200 = DIRECTION ( 'NONE',  ( 0.000000000000000000, 0.000000000000000000, 1.000000000000000000 ) ) ;
#5201 = DIRECTION ( 'NONE',  ( 1.000000000000000000, 0.000000000000000000, 0.000000000000000000 ) ) ;
#5202 = EDGE_LOOP ( 'NONE', ( #5575, #7893, #3319, #5087, #12779 ) ) ;
#5203 = VECTOR ( 'NONE', #8365, 1000.000000000000000 ) ;
#5204 = DIRECTION ( 'NONE',  ( 0.000000000000000000, 0.000000000000000000, -1.000000000000000000 ) ) ;
#5205 = ORIENTED_EDGE ( 'NONE', *, *, #1112, .F. ) ;
#5206 = VECTOR ( 'NONE', #7807, 1000.000000000000000 ) ;
#5207 = ORIENTED_EDGE ( 'NONE', *, *, #4396, .T. ) ;
#5208 = AXIS2_PLACEMENT_3D ( 'NONE', #11332, #9362, #1881 ) ;
#5209 = EDGE_CURVE ( 'NONE', #12871, #8583, #10181, .T. ) ;
#5210 = VECTOR ( 'NONE', #8921, 1000.000000000000000 ) ;
#5211 = EDGE_CURVE ( 'NONE', #6166, #8813, #12308, .T. ) ;
#5212 = EDGE_CURVE ( 'NONE', #1975, #12623, #11187, .T. ) ;
#5213 = EDGE_LOOP ( 'NONE', ( #8754, #6530, #9703, #12175 ) ) ;
#5214 = LINE ( 'NONE', #7166, #761 ) ;
#5215 = EDGE_CURVE ( 'NONE', #1943, #461, #2761, .T. ) ;
#5216 = ORIENTED_EDGE ( 'NONE', *, *, #4577, .T. ) ;
#5217 = AXIS2_PLACEMENT_3D ( 'NONE', #404, #8877, #5902 ) ;
#5218 = DIRECTION ( 'NONE',  ( -0.000000000000000000, 1.000000000000000000, 0.000000000000000000 ) ) ;
#5219 = ADVANCED_FACE ( 'NONE', ( #7963 ), #11238, .F. ) ;
#5220 = DIRECTION ( 'NONE',  ( -0.4775043600801140986, 0.8786293792632253741, 0.000000000000000000 ) ) ;
#5221 = LINE ( 'NONE', #2926, #5399 ) ;
#5222 = PLANE ( 'NONE',  #10710 ) ;
#5223 = DIRECTION ( 'NONE',  ( 0.000000000000000000, 0.000000000000000000, 1.000000000000000000 ) ) ;
#5224 = VECTOR ( 'NONE', #13297, 1000.000000000000000 ) ;
#5225 = CARTESIAN_POINT ( 'NONE',  ( -9.414999999999999147, -2.337200000000000166, 4.500000000000000888 ) ) ;
#5226 = DIRECTION ( 'NONE',  ( 0.000000000000000000, 0.000000000000000000, -1.000000000000000000 ) ) ;
#5227 = LINE ( 'NONE', #4029, #643 ) ;
#5228 = VERTEX_POINT ( 'NONE', #9005 ) ;
#5229 = VECTOR ( 'NONE', #970, 1000.000000000000000 ) ;
#5230 = VECTOR ( 'NONE', #12845, 1000.000000000000000 ) ;
#5231 = CARTESIAN_POINT ( 'NONE',  ( 8.269999999999999574, -17.37650000000000006, 3.840000000000000302 ) ) ;
#5232 = VECTOR ( 'NONE', #3354, 1000.000000000000114 ) ;
#5233 = ORIENTED_EDGE ( 'NONE', *, *, #3982, .F. ) ;
#5234 = CARTESIAN_POINT ( 'NONE',  ( 8.275000000000000355, -12.30150000000000254, 3.640000000000000124 ) ) ;
#5235 = FACE_OUTER_BOUND ( 'NONE', #348, .T. ) ;
#5236 = DIRECTION ( 'NONE',  ( 0.000000000000000000, 1.000000000000000000, 0.000000000000000000 ) ) ;
#5237 = CARTESIAN_POINT ( 'NONE',  ( 24.89999999999999503, -2.399999999999999911, 13.40886698681000055 ) ) ;
#5238 = CARTESIAN_POINT ( 'NONE',  ( -2.285000000000000142, -13.31649999999999956, -4.320000000000000284 ) ) ;
#5239 = LINE ( 'NONE', #11703, #13322 ) ;
#5240 = DIRECTION ( 'NONE',  ( 0.000000000000000000, -1.000000000000000000, 0.000000000000000000 ) ) ;
#5241 = VERTEX_POINT ( 'NONE', #4979 ) ;
#5242 = COLOUR_RGB ( '',1.000000000000000000, 1.000000000000000000, 1.000000000000000000 ) ;
#5243 =( LENGTH_UNIT ( ) NAMED_UNIT ( * ) SI_UNIT ( .MILLI., .METRE. ) );
#5244 = ORIENTED_EDGE ( 'NONE', *, *, #7374, .F. ) ;
#5245 = CARTESIAN_POINT ( 'NONE',  ( -5.679199999999999804, 3.589199999999999946, 0.000000000000000000 ) ) ;
#5246 = VERTEX_POINT ( 'NONE', #12217 ) ;
#5247 = ORIENTED_EDGE ( 'NONE', *, *, #4182, .F. ) ;
#5248 = CARTESIAN_POINT ( 'NONE',  ( 0.6350000000000000089, -23.77649999999999864, 19.69999999999999929 ) ) ;
#5249 = EDGE_CURVE ( 'NONE', #9096, #10238, #1641, .T. ) ;
#5250 = VERTEX_POINT ( 'NONE', #732 ) ;
#5252 = VERTEX_POINT ( 'NONE', #6922 ) ;
#5251 = CARTESIAN_POINT ( 'NONE',  ( -9.414999999999999147, -2.337200000000000166, 4.500000000000000888 ) ) ;
#5253 = CARTESIAN_POINT ( 'NONE',  ( 3.149999999999999911, -21.56650000000000134, -3.509999999999999787 ) ) ;
#5254 = CARTESIAN_POINT ( 'NONE',  ( 0.000000000000000000, -2.337200000000000166, 0.000000000000000000 ) ) ;
#5255 = DIRECTION ( 'NONE',  ( 0.4775043600801140986, 0.8786293792632253741, 0.000000000000000000 ) ) ;
#5256 = ORIENTED_EDGE ( 'NONE', *, *, #11377, .F. ) ;
#5257 = DIRECTION ( 'NONE',  ( 0.000000000000000000, -0.000000000000000000, 1.000000000000000000 ) ) ;
#5258 = EDGE_CURVE ( 'NONE', #10524, #624, #1506, .T. ) ;
#5259 = AXIS2_PLACEMENT_3D ( 'NONE', #313, #8718, #168 ) ;
#5260 = CARTESIAN_POINT ( 'NONE',  ( -2.285000000000000142, -17.37650000000000006, -6.860000000000000320 ) ) ;
#5261 = EDGE_CURVE ( 'NONE', #4280, #1662, #12282, .T. ) ;
#5262 = VERTEX_POINT ( 'NONE', #3792 ) ;
#5263 = DIRECTION ( 'NONE',  ( 3.252606517456518824E-15, 0.000000000000000000, 1.000000000000000000 ) ) ;
#5264 = ORIENTED_EDGE ( 'NONE', *, *, #7024, .F. ) ;
#5265 = ORIENTED_EDGE ( 'NONE', *, *, #9734, .T. ) ;
#5266 = LINE ( 'NONE', #5325, #1704 ) ;
#5267 = LINE ( 'NONE', #12377, #3602 ) ;
#5268 = DIRECTION ( 'NONE',  ( 0.000000000000000000, -0.000000000000000000, 1.000000000000000000 ) ) ;
#5269 = VERTEX_POINT ( 'NONE', #13317 ) ;
#5270 = LINE ( 'NONE', #2201, #7164 ) ;
#5271 = VERTEX_POINT ( 'NONE', #1715 ) ;
#5272 = ORIENTED_EDGE ( 'NONE', *, *, #2713, .T. ) ;
#5273 = ORIENTED_EDGE ( 'NONE', *, *, #2524, .F. ) ;
#5274 = CARTESIAN_POINT ( 'NONE',  ( -8.275000000000000355, -19.40650000000000119, 4.850000000000000533 ) ) ;
#5275 = ORIENTED_EDGE ( 'NONE', *, *, #7994, .F. ) ;
#5276 = DIRECTION ( 'NONE',  ( -0.000000000000000000, 0.000000000000000000, -1.000000000000000000 ) ) ;
#5277 = FILL_AREA_STYLE_COLOUR ( '', #2974 ) ;
#5278 = EDGE_CURVE ( 'NONE', #1123, #7524, #4907, .T. ) ;
#5279 = PLANE ( 'NONE',  #7443 ) ;
#5280 =( LENGTH_UNIT ( ) NAMED_UNIT ( * ) SI_UNIT ( .MILLI., .METRE. ) );
#5281 = CARTESIAN_POINT ( 'NONE',  ( 7.635000000000000675, -22.96649999999999991, 15.50000000000000000 ) ) ;
#5282 = EDGE_CURVE ( 'NONE', #5840, #6419, #4694, .T. ) ;
#5283 = VERTEX_POINT ( 'NONE', #13384 ) ;
#5284 = ADVANCED_FACE ( 'NONE', ( #6796 ), #11166, .F. ) ;
#5285 = CARTESIAN_POINT ( 'NONE',  ( 5.219999999999999751, -2.673278531665000290, 4.650000000000000355 ) ) ;
#5286 = ORIENTED_EDGE ( 'NONE', *, *, #631, .T. ) ;
#5287 = CYLINDRICAL_SURFACE ( 'NONE', #6756, 0.2000000000000000944 ) ;
#5288 = PLANE ( 'NONE',  #3848 ) ;
#5289 = DIRECTION ( 'NONE',  ( -1.000000000000000000, 0.000000000000000000, 0.000000000000000000 ) ) ;
#5290 = EDGE_CURVE ( 'NONE', #5070, #1233, #13254, .T. ) ;
#5291 = DIRECTION ( 'NONE',  ( 0.000000000000000000, -0.000000000000000000, -1.000000000000000000 ) ) ;
#5292 = CARTESIAN_POINT ( 'NONE',  ( 1.473997487421000008, -2.337200000000000166, -4.500000000000000888 ) ) ;
#5293 = PLANE ( 'NONE',  #8658 ) ;
#5294 = CARTESIAN_POINT ( 'NONE',  ( 9.285000000000000142, -15.34650000000000070, 4.650000000000000355 ) ) ;
#5295 = ORIENTED_EDGE ( 'NONE', *, *, #11088, .F. ) ;
#5296 = UNCERTAINTY_MEASURE_WITH_UNIT (LENGTH_MEASURE( 1.000000000000000082E-05 ), #2400, 'distance_accuracy_value', 'NONE');
#5297 = CARTESIAN_POINT ( 'NONE',  ( -6.522485578728000277, -17.94999999999999929, -8.150000000000000355 ) ) ;
#5298 = ORIENTED_EDGE ( 'NONE', *, *, #7086, .F. ) ;
#5299 =( NAMED_UNIT ( * ) SI_UNIT ( $, .STERADIAN. ) SOLID_ANGLE_UNIT ( ) );
#5300 = EDGE_CURVE ( 'NONE', #11606, #2962, #5742, .T. ) ;
#5301 = EDGE_LOOP ( 'NONE', ( #12405, #880, #10562, #9888 ) ) ;
#5302 = ORIENTED_EDGE ( 'NONE', *, *, #4088, .T. ) ;
#5303 = CARTESIAN_POINT ( 'NONE',  ( -9.414999999999999147, -22.96649999999999991, 7.519999999999998685 ) ) ;
#5304 = AXIS2_PLACEMENT_3D ( 'NONE', #3964, #12463, #5025 ) ;
#5305 = ORIENTED_EDGE ( 'NONE', *, *, #10467, .T. ) ;
#5306 = VECTOR ( 'NONE', #5829, 1000.000000000000000 ) ;
#5308 = ORIENTED_EDGE ( 'NONE', *, *, #7024, .T. ) ;
#5307 = DIRECTION ( 'NONE',  ( -0.000000000000000000, 0.000000000000000000, -1.000000000000000000 ) ) ;
#5309 = CARTESIAN_POINT ( 'NONE',  ( 1.395000000000000018, -22.96649999999999991, 7.519999999999999574 ) ) ;
#5310 =( NAMED_UNIT ( * ) SI_UNIT ( $, .STERADIAN. ) SOLID_ANGLE_UNIT ( ) );
#5311 = VECTOR ( 'NONE', #5075, 1000.000000000000000 ) ;
#5312 = FACE_OUTER_BOUND ( 'NONE', #172, .T. ) ;
#5313 = VERTEX_POINT ( 'NONE', #2617 ) ;
#5314 = CARTESIAN_POINT ( 'NONE',  ( 24.89999999999999858, 0.000000000000000000, 13.40886698681000055 ) ) ;
#5315 = LINE ( 'NONE', #11721, #9100 ) ;
#5316 = AXIS2_PLACEMENT_3D ( 'NONE', #8555, #12808, #5427 ) ;
#5317 = DIRECTION ( 'NONE',  ( -0.000000000000000000, -1.000000000000000000, -0.000000000000000000 ) ) ;
#5318 = VECTOR ( 'NONE', #4873, 1000.000000000000000 ) ;
#5319 = VECTOR ( 'NONE', #373, 1000.000000000000000 ) ;
#5320 = EDGE_CURVE ( 'NONE', #3916, #5133, #3723, .T. ) ;
#5321 = VERTEX_POINT ( 'NONE', #5809 ) ;
#5322 = CARTESIAN_POINT ( 'NONE',  ( -7.000000000000000000, -23.77649999999999864, 15.50000000000000000 ) ) ;
#5323 = VERTEX_POINT ( 'NONE', #5882 ) ;
#5324 = VERTEX_POINT ( 'NONE', #10039 ) ;
#5325 = CARTESIAN_POINT ( 'NONE',  ( 6.365000000000000213, -22.96649999999999991, 3.840000000000000302 ) ) ;
#5326 = CARTESIAN_POINT ( 'NONE',  ( -10.36500000000000021, -22.96649999999999991, 0.000000000000000000 ) ) ;
#5327 = VECTOR ( 'NONE', #5565, 1000.000000000000000 ) ;
#5328 = CARTESIAN_POINT ( 'NONE',  ( -8.294999999999999929, -17.35153820345999875, 4.830000000000000071 ) ) ;
#5329 = EDGE_LOOP ( 'NONE', ( #11839, #4191, #4375, #10805, #8532, #6560 ) ) ;
#5330 = DIRECTION ( 'NONE',  ( -0.000000000000000000, 1.000000000000000000, 0.000000000000000000 ) ) ;
#5331 = EDGE_CURVE ( 'NONE', #4582, #7859, #2690, .T. ) ;
#5332 = ORIENTED_EDGE ( 'NONE', *, *, #958, .T. ) ;
#5333 = ORIENTED_EDGE ( 'NONE', *, *, #5261, .T. ) ;
#5334 = AXIS2_PLACEMENT_3D ( 'NONE', #4028, #5226, #8280 ) ;
#5335 = ORIENTED_EDGE ( 'NONE', *, *, #350, .F. ) ;
#5336 = ADVANCED_FACE ( 'NONE', ( #7142 ), #9547, .F. ) ;
#5337 = DIRECTION ( 'NONE',  ( 0.000000000000000000, 1.000000000000000000, -0.000000000000000000 ) ) ;
#5338 = VERTEX_POINT ( 'NONE', #10329 ) ;
#5339 = CARTESIAN_POINT ( 'NONE',  ( -4.714999999999999858, -13.31649999999999956, 3.629999999999999449 ) ) ;
#5340 = CARTESIAN_POINT ( 'NONE',  ( 7.000000000000000000, -17.37650000000000006, 15.50000000000000000 ) ) ;
#5341 = LINE ( 'NONE', #8542, #8962 ) ;
#5342 = ADVANCED_FACE ( 'NONE', ( #8246 ), #9410, .F. ) ;
#5343 = CARTESIAN_POINT ( 'NONE',  ( 2.415000000000000036, -20.17650000000000077, -4.500000000000000888 ) ) ;
#5344 = CARTESIAN_POINT ( 'NONE',  ( 8.394999999999999574, -22.58650000000000091, 4.650000000000000355 ) ) ;
#5345 = MECHANICAL_DESIGN_GEOMETRIC_PRESENTATION_REPRESENTATION (  '', ( #1804 ), #7138 ) ;
#5346 =( LENGTH_UNIT ( ) NAMED_UNIT ( * ) SI_UNIT ( .MILLI., .METRE. ) );
#5347 = CARTESIAN_POINT ( 'NONE',  ( 0.000000000000000000, -19.40650000000000119, -4.320000000000000284 ) ) ;
#5348 = DIRECTION ( 'NONE',  ( 1.000000000000000000, 0.000000000000000000, -0.000000000000000000 ) ) ;
#5349 = EDGE_LOOP ( 'NONE', ( #1906, #2693, #13466, #1646 ) ) ;
#5350 = FACE_OUTER_BOUND ( 'NONE', #6718, .T. ) ;
#5351 = EDGE_LOOP ( 'NONE', ( #243, #6373, #1820, #1565 ) ) ;
#5352 = ORIENTED_EDGE ( 'NONE', *, *, #6145, .F. ) ;
#5353 = LINE ( 'NONE', #9584, #1771 ) ;
#5354 = ADVANCED_FACE ( 'NONE', ( #2049 ), #11654, .T. ) ;
#5355 = CARTESIAN_POINT ( 'NONE',  ( -1.473997487421322417, -17.57000000000000384, -4.499999999999984901 ) ) ;
#5356 = DIRECTION ( 'NONE',  ( 0.4775043600801140986, -0.8786293792632253741, -0.000000000000000000 ) ) ;
#5357 = DIRECTION ( 'NONE',  ( 0.000000000000000000, 0.000000000000000000, -1.000000000000000000 ) ) ;
#5358 = VECTOR ( 'NONE', #2000, 1000.000000000000000 ) ;
#5359 = CARTESIAN_POINT ( 'NONE',  ( 8.800000000000000711, 3.200000000000000178, -4.900000000000000355 ) ) ;
#5360 = CARTESIAN_POINT ( 'NONE',  ( 5.205000000000000071, -20.17650000000000077, -7.519999999999999574 ) ) ;
#5361 = CARTESIAN_POINT ( 'NONE',  ( -5.500000000000000000, -17.37650000000000006, 7.190000000000000391 ) ) ;
#5362 = ORIENTED_EDGE ( 'NONE', *, *, #4930, .T. ) ;
#5363 = UNCERTAINTY_MEASURE_WITH_UNIT (LENGTH_MEASURE( 1.000000000000000082E-05 ), #4023, 'distance_accuracy_value', 'NONE');
#5364 = FILL_AREA_STYLE_COLOUR ( '', #3965 ) ;
#5365 = EDGE_CURVE ( 'NONE', #7357, #12698, #2900, .T. ) ;
#5366 = AXIS2_PLACEMENT_3D ( 'NONE', #6847, #7884, #1768 ) ;
#5367 = VERTEX_POINT ( 'NONE', #4267 ) ;
#5368 = CARTESIAN_POINT ( 'NONE',  ( -1.395000000000000018, -22.96649999999999991, -4.320000000000000284 ) ) ;
#5369 = VECTOR ( 'NONE', #12509, 1000.000000000000000 ) ;
#5370 = ORIENTED_EDGE ( 'NONE', *, *, #6797, .T. ) ;
#5371 = CARTESIAN_POINT ( 'NONE',  ( -1.500000000000000000, -17.94999999999999929, 0.000000000000000000 ) ) ;
#5372 = ORIENTED_EDGE ( 'NONE', *, *, #7160, .T. ) ;
#5373 = EDGE_CURVE ( 'NONE', #5744, #11735, #10076, .T. ) ;
#5375 = ORIENTED_EDGE ( 'NONE', *, *, #5249, .F. ) ;
#5374 = DIRECTION ( 'NONE',  ( -0.7071067811865474617, 0.000000000000000000, -0.7071067811865474617 ) ) ;
#5376 = CARTESIAN_POINT ( 'NONE',  ( 4.584999999999999964, -2.337200000000000166, 3.840000000000000302 ) ) ;
#5377 = DIRECTION ( 'NONE',  ( -0.000000000000000000, 1.000000000000000000, -0.000000000000000000 ) ) ;
#5378 = DIRECTION ( 'NONE',  ( -0.000000000000000000, -1.000000000000000000, -0.000000000000000000 ) ) ;
#5379 = ORIENTED_EDGE ( 'NONE', *, *, #6538, .F. ) ;
#5380 = CARTESIAN_POINT ( 'NONE',  ( 5.525000000000000355, -15.34650000000000070, 3.640000000018499993 ) ) ;
#5381 = AXIS2_PLACEMENT_3D ( 'NONE', #11267, #12321, #9105 ) ;
#5382 = FACE_OUTER_BOUND ( 'NONE', #4390, .T. ) ;
#5383 = AXIS2_PLACEMENT_3D ( 'NONE', #1148, #1290, #9758 ) ;
#5384 = ORIENTED_EDGE ( 'NONE', *, *, #1518, .F. ) ;
#5385 = CARTESIAN_POINT ( 'NONE',  ( 9.414999999999999147, -2.337200000000000166, 3.840000000000000302 ) ) ;
#5386 = ORIENTED_EDGE ( 'NONE', *, *, #10801, .F. ) ;
#5387 = VECTOR ( 'NONE', #5144, 1000.000000000000000 ) ;
#5388 = ORIENTED_EDGE ( 'NONE', *, *, #38, .T. ) ;
#5389 = FACE_OUTER_BOUND ( 'NONE', #6643, .T. ) ;
#5390 = PLANE ( 'NONE',  #5383 ) ;
#5391 = LINE ( 'NONE', #4349, #7648 ) ;
#5392 = ORIENTED_EDGE ( 'NONE', *, *, #2750, .F. ) ;
#5393 = VECTOR ( 'NONE', #10605, 1000.000000000000000 ) ;
#5394 = CARTESIAN_POINT ( 'NONE',  ( -24.89999999999999858, 0.000000000000000000, 0.000000000000000000 ) ) ;
#5395 = AXIS2_PLACEMENT_3D ( 'NONE', #2449, #6694, #9886 ) ;
#5396 = ORIENTED_EDGE ( 'NONE', *, *, #3422, .F. ) ;
#5397 = ORIENTED_EDGE ( 'NONE', *, *, #3765, .T. ) ;
#5398 = EDGE_CURVE ( 'NONE', #11494, #11504, #8380, .T. ) ;
#5399 = VECTOR ( 'NONE', #8274, 1000.000000000000000 ) ;
#5400 = VECTOR ( 'NONE', #202, 1000.000000000000000 ) ;
#5401 = ORIENTED_EDGE ( 'NONE', *, *, #5027, .T. ) ;
#5402 = CARTESIAN_POINT ( 'NONE',  ( -4.584999999999999964, -17.94999999999999929, 4.500000000000000888 ) ) ;
#5403 = VECTOR ( 'NONE', #4682, 1000.000000000000000 ) ;
#5404 = ORIENTED_EDGE ( 'NONE', *, *, #7133, .F. ) ;
#5405 = CARTESIAN_POINT ( 'NONE',  ( 2.415000000000000036, -21.18649999999999878, -3.509999999999999787 ) ) ;
#5406 = DIRECTION ( 'NONE',  ( 0.000000000000000000, 0.000000000000000000, -1.000000000000000000 ) ) ;
#5407 = CARTESIAN_POINT ( 'NONE',  ( 1.274999999999999911, -17.37650000000000006, -4.320000000000000284 ) ) ;
#5408 = CARTESIAN_POINT ( 'NONE',  ( -8.068310202796979524, -2.286500000000043720, -0.1000000000000001305 ) ) ;
#5409 = EDGE_CURVE ( 'NONE', #2657, #13143, #12634, .T. ) ;
#5410 = ORIENTED_EDGE ( 'NONE', *, *, #12112, .T. ) ;
#5411 = SURFACE_STYLE_FILL_AREA ( #337 ) ;
#5412 = VECTOR ( 'NONE', #2325, 1000.000000000000000 ) ;
#5413 = VECTOR ( 'NONE', #7565, 1000.000000000000000 ) ;
#5414 = CARTESIAN_POINT ( 'NONE',  ( -20.00000000000000000, 0.000000000000000000, 0.000000000000000000 ) ) ;
#5415 = ORIENTED_EDGE ( 'NONE', *, *, #10979, .T. ) ;
#5416 = CIRCLE ( 'NONE', #10728, 2.240210137476000174 ) ;
#5417 = CARTESIAN_POINT ( 'NONE',  ( 7.000000000000000000, -22.67650000000000077, 3.840000000000000302 ) ) ;
#5418 = DIRECTION ( 'NONE',  ( -0.000000000000000000, 1.000000000000000000, 0.000000000000000000 ) ) ;
#5419 = AXIS2_PLACEMENT_3D ( 'NONE', #2398, #11731, #6647 ) ;
#5420 = EDGE_CURVE ( 'NONE', #8603, #11975, #811, .T. ) ;
#5421 = VERTEX_POINT ( 'NONE', #2126 ) ;
#5422 = AXIS2_PLACEMENT_3D ( 'NONE', #3218, #11702, #1120 ) ;
#5423 = EDGE_CURVE ( 'NONE', #11328, #1145, #7219, .T. ) ;
#5424 = DIRECTION ( 'NONE',  ( 1.000000000000000000, -0.000000000000000000, 0.000000000000000000 ) ) ;
#5425 = ORIENTED_EDGE ( 'NONE', *, *, #7888, .F. ) ;
#5426 = EDGE_LOOP ( 'NONE', ( #11076, #13725, #3188, #10945 ) ) ;
#5427 = DIRECTION ( 'NONE',  ( 0.000000000000000000, 0.000000000000000000, 1.000000000000000000 ) ) ;
#5428 = CARTESIAN_POINT ( 'NONE',  ( -4.771619048833770194, -17.37650000000000006, 4.499999999999962697 ) ) ;
#5429 = VECTOR ( 'NONE', #6070, 1000.000000000000000 ) ;
#5430 = DIRECTION ( 'NONE',  ( 1.000000000000000000, 0.000000000000000000, -0.000000000000000000 ) ) ;
#5431 = PLANE ( 'NONE',  #200 ) ;
#5432 = FILL_AREA_STYLE ('',( #6405 ) ) ;
#5433 = FACE_OUTER_BOUND ( 'NONE', #2559, .T. ) ;
#5434 = DIRECTION ( 'NONE',  ( 0.000000000000000000, 1.000000000000000000, -0.000000000000000000 ) ) ;
#5435 = ORIENTED_EDGE ( 'NONE', *, *, #3652, .T. ) ;
#5436 = CARTESIAN_POINT ( 'NONE',  ( -3.850000000000000533, -22.58649999999999736, 3.840000000000000302 ) ) ;
#5437 = MECHANICAL_DESIGN_GEOMETRIC_PRESENTATION_REPRESENTATION (  '', ( #7448 ), #10992 ) ;
#5438 = AXIS2_PLACEMENT_3D ( 'NONE', #225, #10661, #4458 ) ;
#5439 = ADVANCED_FACE ( 'NONE', ( #10535 ), #6365, .T. ) ;
#5440 = ORIENTED_EDGE ( 'NONE', *, *, #3286, .T. ) ;
#5441 = CARTESIAN_POINT ( 'NONE',  ( -1.394999999999999796, -23.77649999999999508, -1.830000000000000071 ) ) ;
#5442 = EDGE_LOOP ( 'NONE', ( #1255, #691 ) ) ;
#5443 = LINE ( 'NONE', #9470, #10290 ) ;
#5444 = EDGE_LOOP ( 'NONE', ( #8798, #1531, #2867, #7827, #799, #7277, #12563, #10410 ) ) ;
#5445 = ORIENTED_EDGE ( 'NONE', *, *, #156, .F. ) ;
#5446 = CARTESIAN_POINT ( 'NONE',  ( -2.415000000000000036, -20.17650000000000077, -12.90000000000000036 ) ) ;
#5447 = DIRECTION ( 'NONE',  ( 0.000000000000000000, 0.000000000000000000, 1.000000000000000000 ) ) ;
#5448 = LINE ( 'NONE', #9680, #6997 ) ;
#5449 = LINE ( 'NONE', #7606, #3636 ) ;
#5450 = PRODUCT_DEFINITION_FORMATION_WITH_SPECIFIED_SOURCE ( 'ANY', '', #7727, .NOT_KNOWN. ) ;
#5451 = EDGE_CURVE ( 'NONE', #13221, #5, #9340, .T. ) ;
#5452 = CARTESIAN_POINT ( 'NONE',  ( -2.415000000000000036, -22.96649999999999991, 0.5000000000000000000 ) ) ;
#5453 = FACE_OUTER_BOUND ( 'NONE', #6408, .T. ) ;
#5454 = PLANE ( 'NONE',  #12081 ) ;
#5455 = EDGE_CURVE ( 'NONE', #8586, #3307, #9478, .T. ) ;
#5456 = EDGE_LOOP ( 'NONE', ( #13067, #12419, #6938, #9332, #10450, #5906, #11646, #7347, #10832, #9471 ) ) ;
#5457 = EDGE_LOOP ( 'NONE', ( #7423, #1429, #11466, #4161, #12428, #831 ) ) ;
#5458 = DIRECTION ( 'NONE',  ( 0.09602825923645796902, 0.9953786080823796567, 0.000000000000000000 ) ) ;
#5459 = ORIENTED_EDGE ( 'NONE', *, *, #1764, .F. ) ;
#5460 = ORIENTED_EDGE ( 'NONE', *, *, #2360, .T. ) ;
#5461 = DIRECTION ( 'NONE',  ( 0.000000000000000000, -1.000000000000000000, 0.000000000000000000 ) ) ;
#5462 = LINE ( 'NONE', #5326, #13164 ) ;
#5463 = DIRECTION ( 'NONE',  ( -1.000000000000000000, -0.000000000000000000, 0.000000000000000000 ) ) ;
#5464 = VECTOR ( 'NONE', #1358, 1000.000000000000000 ) ;
#5465 = ORIENTED_EDGE ( 'NONE', *, *, #10489, .T. ) ;
#5466 = EDGE_CURVE ( 'NONE', #4972, #8813, #13729, .T. ) ;
#5467 =( NAMED_UNIT ( * ) SI_UNIT ( $, .STERADIAN. ) SOLID_ANGLE_UNIT ( ) );
#5468 = ORIENTED_EDGE ( 'NONE', *, *, #8453, .T. ) ;
#5469 = VERTEX_POINT ( 'NONE', #932 ) ;
#5470 = VECTOR ( 'NONE', #3929, 1000.000000000000000 ) ;
#5471 = VERTEX_POINT ( 'NONE', #4203 ) ;
#5472 = LINE ( 'NONE', #9566, #10738 ) ;
#5473 = VERTEX_POINT ( 'NONE', #11374 ) ;
#5474 = CARTESIAN_POINT ( 'NONE',  ( 3.935000000000000053, -20.17650000000000077, -7.519999999999999574 ) ) ;
#5475 = LINE ( 'NONE', #9706, #2988 ) ;
#5476 = LINE ( 'NONE', #7566, #6926 ) ;
#5477 = EDGE_LOOP ( 'NONE', ( #472, #10827, #13516, #9645, #5967, #11903, #7498, #4404, #12920, #9649, #4286, #1791 ) ) ;
#5478 = LINE ( 'NONE', #6667, #5673 ) ;
#5479 = LINE ( 'NONE', #4576, #13212 ) ;
#5480 = ADVANCED_FACE ( 'NONE', ( #12571 ), #4061, .T. ) ;
#5481 = DIRECTION ( 'NONE',  ( 0.000000000000000000, 0.000000000000000000, 1.000000000000000000 ) ) ;
#5482 = EDGE_LOOP ( 'NONE', ( #10529, #11157, #7091, #3857, #2124, #5736, #10373, #11994, #1870, #1877, #5273, #12917 ) ) ;
#5483 = PLANE ( 'NONE',  #11753 ) ;
#5484 = VERTEX_POINT ( 'NONE', #1138 ) ;
#5485 = DIRECTION ( 'NONE',  ( 0.000000000000000000, 0.000000000000000000, -1.000000000000000000 ) ) ;
#5486 = ORIENTED_EDGE ( 'NONE', *, *, #8757, .T. ) ;
#5487 = VERTEX_POINT ( 'NONE', #3496 ) ;
#5488 = CARTESIAN_POINT ( 'NONE',  ( 5.605000000000001315, -22.96649999999999991, 15.50000000000000000 ) ) ;
#5489 = CARTESIAN_POINT ( 'NONE',  ( 5.931689797203000047, -2.286500000000000199, 4.650000000000000355 ) ) ;
#5490 = ADVANCED_FACE ( 'NONE', ( #6568, #7738, #2386, #11987 ), #7679, .F. ) ;
#5491 = CARTESIAN_POINT ( 'NONE',  ( 8.818927475897094581, -13.31650000000000134, 4.500000000000000888 ) ) ;
#5492 = CARTESIAN_POINT ( 'NONE',  ( 5.730000000000000426, -19.40650000000000119, 4.650000000000000355 ) ) ;
#5493 = FACE_OUTER_BOUND ( 'NONE', #7364, .T. ) ;
#5494 = CARTESIAN_POINT ( 'NONE',  ( -5.500000000000000000, -17.94999999999999929, 13.40000000000000036 ) ) ;
#5495 = CARTESIAN_POINT ( 'NONE',  ( 1.395000000000000018, -22.96649999999999991, 19.69999999999999929 ) ) ;
#5496 = ORIENTED_EDGE ( 'NONE', *, *, #12403, .T. ) ;
#5497 = EDGE_CURVE ( 'NONE', #4313, #13178, #4397, .T. ) ;
#5498 = DIRECTION ( 'NONE',  ( -0.000000000000000000, -1.000000000000000000, -0.000000000000000000 ) ) ;
#5499 = ORIENTED_EDGE ( 'NONE', *, *, #354, .T. ) ;
#5500 = CARTESIAN_POINT ( 'NONE',  ( 3.634999999999999787, -22.96649999999999991, 4.650000000000000355 ) ) ;
#5501 = LINE ( 'NONE', #10923, #7378 ) ;
#5502 = EDGE_CURVE ( 'NONE', #10956, #6952, #11720, .T. ) ;
#5503 = DIRECTION ( 'NONE',  ( 0.000000000000000000, 0.000000000000000000, -1.000000000000000000 ) ) ;
#5505 = ORIENTED_EDGE ( 'NONE', *, *, #8550, .T. ) ;
#5504 = FACE_OUTER_BOUND ( 'NONE', #13395, .T. ) ;
#5506 = LINE ( 'NONE', #295, #3477 ) ;
#5507 = PLANE ( 'NONE',  #5438 ) ;
#5508 = CARTESIAN_POINT ( 'NONE',  ( -4.714999999999999858, -12.04649999999999999, 3.629999999999999893 ) ) ;
#5509 = PRESENTATION_LAYER_ASSIGNMENT (  '', '', ( #10173 ) ) ;
#5510 = CARTESIAN_POINT ( 'NONE',  ( 0.005000000000000000104, -24.26650000000000063, -1.654999999999996696 ) ) ;
#5511 = CARTESIAN_POINT ( 'NONE',  ( -12.20500000000000007, -17.94999999999999929, 0.000000000000000000 ) ) ;
#5512 = LINE ( 'NONE', #1421, #13298 ) ;
#5513 = EDGE_CURVE ( 'NONE', #8397, #10956, #12751, .T. ) ;
#5514 = CYLINDRICAL_SURFACE ( 'NONE', #525, 8.000000000000000000 ) ;
#5515 = VECTOR ( 'NONE', #8579, 1000.000000000000000 ) ;
#5516 = AXIS2_PLACEMENT_3D ( 'NONE', #13161, #3769, #9192 ) ;
#5517 = EDGE_CURVE ( 'NONE', #924, #4547, #6701, .T. ) ;
#5518 = EDGE_LOOP ( 'NONE', ( #9910, #9751, #4623, #7131 ) ) ;
#5519 = EDGE_LOOP ( 'NONE', ( #12959, #1520, #9835, #13605 ) ) ;
#5520 = VECTOR ( 'NONE', #12297, 1000.000000000000000 ) ;
#5521 = DIRECTION ( 'NONE',  ( -1.000000000000000000, 0.000000000000000000, -0.000000000000000000 ) ) ;
#5522 = VERTEX_POINT ( 'NONE', #8644 ) ;
#5523 = ORIENTED_EDGE ( 'NONE', *, *, #1868, .F. ) ;
#5524 = LINE ( 'NONE', #13046, #9012 ) ;
#5525 = FACE_OUTER_BOUND ( 'NONE', #2622, .T. ) ;
#5526 = EDGE_CURVE ( 'NONE', #12443, #6687, #5449, .T. ) ;
#5527 = DIRECTION ( 'NONE',  ( -1.000000000000000000, -0.000000000000000000, 0.000000000000000000 ) ) ;
#5528 = ORIENTED_EDGE ( 'NONE', *, *, #4408, .F. ) ;
#5529 = DIRECTION ( 'NONE',  ( 1.000000000000000000, 0.000000000000000000, 0.000000000000000000 ) ) ;
#5530 = DIRECTION ( 'NONE',  ( 0.000000000000000000, 0.000000000000000000, -1.000000000000000000 ) ) ;
#5531 = VECTOR ( 'NONE', #3077, 1000.000000000000000 ) ;
#5532 = EDGE_LOOP ( 'NONE', ( #3161, #1413, #9, #10183, #5012, #7913, #12290, #10607, #223, #10249, #6587, #12983, #13216, #335, #2116, #11640 ) ) ;
#5533 = ORIENTED_EDGE ( 'NONE', *, *, #2606, .F. ) ;
#5534 = VECTOR ( 'NONE', #4671, 1000.000000000000000 ) ;
#5535 = EDGE_CURVE ( 'NONE', #9939, #8850, #6491, .T. ) ;
#5536 = EDGE_CURVE ( 'NONE', #7516, #13487, #8780, .T. ) ;
#5537 = AXIS2_PLACEMENT_3D ( 'NONE', #5054, #12492, #13730 ) ;
#5538 = ORIENTED_EDGE ( 'NONE', *, *, #13106, .F. ) ;
#5539 = LINE ( 'NONE', #1237, #4988 ) ;
#5540 = ORIENTED_EDGE ( 'NONE', *, *, #7513, .F. ) ;
#5541 = FACE_OUTER_BOUND ( 'NONE', #1219, .T. ) ;
#5542 = CARTESIAN_POINT ( 'NONE',  ( -10.15000000000000036, -21.18649999999999878, 3.840000000000000302 ) ) ;
#5543 = DIRECTION ( 'NONE',  ( 1.000000000000000000, -0.000000000000000000, 0.000000000000000000 ) ) ;
#5544 = DIRECTION ( 'NONE',  ( 0.000000000000000000, -1.000000000000000000, -0.000000000000000000 ) ) ;
#5545 = ORIENTED_EDGE ( 'NONE', *, *, #7001, .F. ) ;
#5546 = ORIENTED_EDGE ( 'NONE', *, *, #11303, .T. ) ;
#5547 = EDGE_CURVE ( 'NONE', #12324, #6308, #12892, .T. ) ;
#5548 = CARTESIAN_POINT ( 'NONE',  ( 5.730000000000000426, -19.40650000000000119, 4.650000000000000355 ) ) ;
#5549 = FILL_AREA_STYLE ('',( #50 ) ) ;
#5550 = VERTEX_POINT ( 'NONE', #6425 ) ;
#5551 = PLANE ( 'NONE',  #10886 ) ;
#5552 = DIRECTION ( 'NONE',  ( 0.000000000000000000, -0.000000000000000000, 1.000000000000000000 ) ) ;
#5553 = VECTOR ( 'NONE', #8152, 1000.000000000000000 ) ;
#5554 = ORIENTED_EDGE ( 'NONE', *, *, #13493, .T. ) ;
#5555 = FACE_OUTER_BOUND ( 'NONE', #8666, .T. ) ;
#5556 = EDGE_CURVE ( 'NONE', #7864, #10759, #89, .T. ) ;
#5557 = ORIENTED_EDGE ( 'NONE', *, *, #9691, .F. ) ;
#5558 = ORIENTED_EDGE ( 'NONE', *, *, #5084, .F. ) ;
#5559 = CARTESIAN_POINT ( 'NONE',  ( -10.47035354437000088, -57.58451052000000203, -9.400000000000000355 ) ) ;
#5561 = VECTOR ( 'NONE', #4101, 1000.000000000000000 ) ;
#5560 = DIRECTION ( 'NONE',  ( 0.000000000000000000, 0.000000000000000000, -1.000000000000000000 ) ) ;
#5562 = LINE ( 'NONE', #8888, #1851 ) ;
#5563 = PLANE ( 'NONE',  #10855 ) ;
#5564 = PRESENTATION_STYLE_ASSIGNMENT (( #2167 ) ) ;
#5565 = DIRECTION ( 'NONE',  ( 1.000000000000000000, -0.000000000000000000, 0.000000000000000000 ) ) ;
#5566 = DIRECTION ( 'NONE',  ( 0.7071067811865474617, 0.000000000000000000, 0.7071067811865474617 ) ) ;
#5567 = ORIENTED_EDGE ( 'NONE', *, *, #11418, .T. ) ;
#5568 = DIRECTION ( 'NONE',  ( 0.000000000000000000, -0.000000000000000000, -1.000000000000000000 ) ) ;
#5569 = EDGE_LOOP ( 'NONE', ( #5107, #6006, #10112, #8618 ) ) ;
#5570 = DIRECTION ( 'NONE',  ( -1.000000000000000000, 0.000000000000000000, -0.000000000000000000 ) ) ;
#5571 = LINE ( 'NONE', #4746, #4198 ) ;
#5572 = DIRECTION ( 'NONE',  ( -0.000000000000000000, -1.000000000000000000, -0.000000000000000000 ) ) ;
#5573 = ADVANCED_FACE ( 'NONE', ( #8508 ), #4337, .F. ) ;
#5575 = ORIENTED_EDGE ( 'NONE', *, *, #3006, .T. ) ;
#5574 = LINE ( 'NONE', #7801, #3846 ) ;
#5576 = DIRECTION ( 'NONE',  ( 0.000000000000000000, -1.000000000000000000, 0.000000000000000000 ) ) ;
#5577 = FACE_OUTER_BOUND ( 'NONE', #7851, .T. ) ;
#5578 = EDGE_CURVE ( 'NONE', #2172, #8183, #7213, .T. ) ;
#5579 = DIRECTION ( 'NONE',  ( 0.7071067811865474617, 0.000000000000000000, 0.7071067811865474617 ) ) ;
#5580 = CARTESIAN_POINT ( 'NONE',  ( -12.95619407771278198, -15.22000000000000242, -6.903805922288779762 ) ) ;
#5581 = CARTESIAN_POINT ( 'NONE',  ( 7.000000000000000000, -17.94999999999999929, 7.190000000000000391 ) ) ;
#5582 = CARTESIAN_POINT ( 'NONE',  ( -8.269999999999999574, -21.18649999999999878, 3.840000000000000302 ) ) ;
#5583 = CIRCLE ( 'NONE', #8036, 0.9899999999999999911 ) ;
#5584 = ADVANCED_FACE ( 'NONE', ( #227 ), #10725, .T. ) ;
#5585 = AXIS2_PLACEMENT_3D ( 'NONE', #10549, #5128, #2913 ) ;
#5586 = EDGE_CURVE ( 'NONE', #6676, #11317, #642, .T. ) ;
#5587 = ORIENTED_EDGE ( 'NONE', *, *, #77, .F. ) ;
#5588 = ORIENTED_EDGE ( 'NONE', *, *, #11501, .F. ) ;
#5589 = EDGE_CURVE ( 'NONE', #2344, #3643, #10732, .T. ) ;
#5590 = EDGE_LOOP ( 'NONE', ( #13084, #7026, #3327, #806 ) ) ;
#5591 = EDGE_LOOP ( 'NONE', ( #10613, #10051, #11273, #9299, #3182, #1111, #1656, #4597, #2319, #7365, #13412, #8495, #6463, #10217 ) ) ;
#5592 = PLANE ( 'NONE',  #13242 ) ;
#5593 = CYLINDRICAL_SURFACE ( 'NONE', #281, 4.749999999999999112 ) ;
#5594 = LINE ( 'NONE', #8591, #1426 ) ;
#5595 = EDGE_LOOP ( 'NONE', ( #7093, #408, #5216, #5499, #3675, #12930 ) ) ;
#5596 = MECHANICAL_DESIGN_GEOMETRIC_PRESENTATION_REPRESENTATION (  '', ( #13599 ), #10480 ) ;
#5597 = DIRECTION ( 'NONE',  ( 1.000000000000000000, 0.000000000000000000, -0.000000000000000000 ) ) ;
#5598 = LINE ( 'NONE', #5394, #3438 ) ;
#5599 = ORIENTED_EDGE ( 'NONE', *, *, #13455, .T. ) ;
#5600 = ORIENTED_EDGE ( 'NONE', *, *, #11724, .T. ) ;
#5601 = EDGE_CURVE ( 'NONE', #1145, #5252, #1765, .T. ) ;
#5602 = ORIENTED_EDGE ( 'NONE', *, *, #5290, .F. ) ;
#5604 = DIRECTION ( 'NONE',  ( 0.000000000000000000, 1.000000000000000000, 0.000000000000000000 ) ) ;
#5603 = AXIS2_PLACEMENT_3D ( 'NONE', #1790, #10464, #12433 ) ;
#5605 = VECTOR ( 'NONE', #13250, 1000.000000000000000 ) ;
#5606 = VERTEX_POINT ( 'NONE', #2816 ) ;
#5607 = PLANE ( 'NONE',  #5611 ) ;
#5608 = LINE ( 'NONE', #463, #9080 ) ;
#5609 = CARTESIAN_POINT ( 'NONE',  ( -9.881242789364000245, -17.94999999999999929, -11.50875721064000246 ) ) ;
#5610 = LINE ( 'NONE', #10820, #6264 ) ;
#5611 = AXIS2_PLACEMENT_3D ( 'NONE', #8604, #10966, #1371 ) ;
#5612 = VERTEX_POINT ( 'NONE', #6001 ) ;
#5613 = ORIENTED_EDGE ( 'NONE', *, *, #271, .F. ) ;
#5614 = CARTESIAN_POINT ( 'NONE',  ( 5.500000000000000000, -17.57000000000000384, 13.40000000000000036 ) ) ;
#5615 = DIRECTION ( 'NONE',  ( 1.000000000000000000, 0.000000000000000000, 0.000000000000000000 ) ) ;
#5616 = DIRECTION ( 'NONE',  ( 0.000000000000000000, -1.000000000000000000, 0.000000000000000000 ) ) ;
#5617 = VERTEX_POINT ( 'NONE', #8986 ) ;
#5618 = AXIS2_PLACEMENT_3D ( 'NONE', #10859, #13034, #2318 ) ;
#5619 = LINE ( 'NONE', #13068, #13117 ) ;
#5620 = EDGE_CURVE ( 'NONE', #12698, #3504, #8094, .T. ) ;
#5621 = LINE ( 'NONE', #8678, #1979 ) ;
#5622 = ORIENTED_EDGE ( 'NONE', *, *, #5164, .T. ) ;
#5623 = VECTOR ( 'NONE', #5521, 1000.000000000000000 ) ;
#5624 = EDGE_CURVE ( 'NONE', #3092, #13124, #9391, .T. ) ;
#5625 = VECTOR ( 'NONE', #11276, 1000.000000000000000 ) ;
#5626 = ADVANCED_FACE ( 'NONE', ( #4757 ), #2671, .F. ) ;
#5627 = VECTOR ( 'NONE', #3557, 1000.000000000000000 ) ;
#5628 = EDGE_CURVE ( 'NONE', #11494, #9404, #13368, .T. ) ;
#5629 = EDGE_CURVE ( 'NONE', #13124, #6765, #13237, .T. ) ;
#5630 = DIRECTION ( 'NONE',  ( -0.000000000000000000, -1.000000000000000000, -0.000000000000000000 ) ) ;
#5631 = ORIENTED_EDGE ( 'NONE', *, *, #3798, .F. ) ;
#5632 = ORIENTED_EDGE ( 'NONE', *, *, #2448, .F. ) ;
#5633 = CARTESIAN_POINT ( 'NONE',  ( -15.94999999999999929, -17.57000000000000384, 13.40000000000000036 ) ) ;
#5634 = DIRECTION ( 'NONE',  ( 0.000000000000000000, -0.000000000000000000, 1.000000000000000000 ) ) ;
#5635 = LINE ( 'NONE', #12875, #12501 ) ;
#5636 = AXIS2_PLACEMENT_3D ( 'NONE', #7581, #2434, #6542 ) ;
#5637 = VECTOR ( 'NONE', #5485, 1000.000000000000000 ) ;
#5638 = AXIS2_PLACEMENT_3D ( 'NONE', #2026, #5157, #10575 ) ;
#5639 = FACE_OUTER_BOUND ( 'NONE', #2005, .T. ) ;
#5640 = ORIENTED_EDGE ( 'NONE', *, *, #10557, .T. ) ;
#5641 = VECTOR ( 'NONE', #7898, 1000.000000000000000 ) ;
#5642 = FACE_OUTER_BOUND ( 'NONE', #10037, .T. ) ;
#5643 = VECTOR ( 'NONE', #6764, 1000.000000000000000 ) ;
#5644 = FACE_OUTER_BOUND ( 'NONE', #6869, .T. ) ;
#5645 = LINE ( 'NONE', #359, #9844 ) ;
#5646 = ORIENTED_EDGE ( 'NONE', *, *, #3016, .T. ) ;
#5647 = DIRECTION ( 'NONE',  ( 0.000000000000000000, -0.000000000000000000, 1.000000000000000000 ) ) ;
#5648 = PRESENTATION_LAYER_ASSIGNMENT (  '', '', ( #1666 ) ) ;
#5649 = VECTOR ( 'NONE', #249, 1000.000000000000000 ) ;
#5650 = VECTOR ( 'NONE', #7568, 1000.000000000000000 ) ;
#5651 = ORIENTED_EDGE ( 'NONE', *, *, #3577, .T. ) ;
#5652 = DIRECTION ( 'NONE',  ( 0.000000000000000000, 0.000000000000000000, -1.000000000000000000 ) ) ;
#5653 = LINE ( 'NONE', #6483, #6181 ) ;
#5654 = CARTESIAN_POINT ( 'NONE',  ( -9.414999999999999147, -17.94999999999999929, 4.500000000000000888 ) ) ;
#5656 = VERTEX_POINT ( 'NONE', #6779 ) ;
#5655 = CARTESIAN_POINT ( 'NONE',  ( -3.634999999999999787, -21.56650000000000134, 4.650000000000000355 ) ) ;
#5657 = AXIS2_PLACEMENT_3D ( 'NONE', #11746, #6333, #10570 ) ;
#5658 = DIRECTION ( 'NONE',  ( -1.000000000000000000, 0.000000000000000000, 0.000000000000000000 ) ) ;
#5659 = CARTESIAN_POINT ( 'NONE',  ( 5.524999999999999467, -19.40650000000000119, 7.189999999999999503 ) ) ;
#5660 = LINE ( 'NONE', #3707, #6332 ) ;
#5661 = DIRECTION ( 'NONE',  ( -0.000000000000000000, 1.000000000000000000, 0.000000000000000000 ) ) ;
#5662 = LINE ( 'NONE', #9893, #12001 ) ;
#5663 = DIRECTION ( 'NONE',  ( 0.000000000000000000, 0.000000000000000000, 1.000000000000000000 ) ) ;
#5664 = AXIS2_PLACEMENT_3D ( 'NONE', #2355, #13065, #9924 ) ;
#5665 = AXIS2_PLACEMENT_3D ( 'NONE', #4200, #8642, #6566 ) ;
#5666 = DIRECTION ( 'NONE',  ( 0.000000000000000000, 0.000000000000000000, -1.000000000000000000 ) ) ;
#5667 = ADVANCED_FACE ( 'NONE', ( #5862 ), #2602, .T. ) ;
#5668 = EDGE_LOOP ( 'NONE', ( #3174, #7440, #3126, #3973 ) ) ;
#5669 = VERTEX_POINT ( 'NONE', #1557 ) ;
#5670 = VECTOR ( 'NONE', #1229, 1000.000000000000000 ) ;
#5671 = ORIENTED_EDGE ( 'NONE', *, *, #6022, .F. ) ;
#5672 = CARTESIAN_POINT ( 'NONE',  ( -5.605000000000001315, -23.77649999999999508, 15.50000000000000000 ) ) ;
#5673 = VECTOR ( 'NONE', #12798, 1000.000000000000000 ) ;
#5674 = ORIENTED_EDGE ( 'NONE', *, *, #12091, .F. ) ;
#5675 = DIRECTION ( 'NONE',  ( 0.000000000000000000, 0.000000000000000000, -1.000000000000000000 ) ) ;
#5676 = CARTESIAN_POINT ( 'NONE',  ( -3.634999999999999787, -21.56650000000000134, 3.509999999999999787 ) ) ;
#5677 = ADVANCED_FACE ( 'NONE', ( #12200 ), #3562, .F. ) ;
#5678 = CARTESIAN_POINT ( 'NONE',  ( 9.414999999999999147, -22.96649999999999991, 4.650000000000000355 ) ) ;
#5679 = EDGE_LOOP ( 'NONE', ( #6579, #587, #8092, #11364 ) ) ;
#5680 = CARTESIAN_POINT ( 'NONE',  ( 9.285000000000000142, -13.31649999999999956, 4.650000000000000355 ) ) ;
#5681 = ORIENTED_EDGE ( 'NONE', *, *, #6799, .F. ) ;
#5682 = ORIENTED_EDGE ( 'NONE', *, *, #1512, .F. ) ;
#5683 = EDGE_CURVE ( 'NONE', #13661, #2202, #5793, .T. ) ;
#5684 = VERTEX_POINT ( 'NONE', #577 ) ;
#5685 = LINE ( 'NONE', #8934, #11199 ) ;
#5686 = ORIENTED_EDGE ( 'NONE', *, *, #5536, .T. ) ;
#5687 = DIRECTION ( 'NONE',  ( 0.000000000000000000, 1.000000000000000000, 0.000000000000000000 ) ) ;
#5688 = CARTESIAN_POINT ( 'NONE',  ( -8.269999999999999574, -19.40650000000000119, 4.650000000000000355 ) ) ;
#5689 = PLANE ( 'NONE',  #4761 ) ;
#5690 = CARTESIAN_POINT ( 'NONE',  ( -10.93500000000000050, -20.17650000000000077, 13.40000000000000036 ) ) ;
#5691 = ORIENTED_EDGE ( 'NONE', *, *, #11748, .T. ) ;
#5692 = ORIENTED_EDGE ( 'NONE', *, *, #1228, .T. ) ;
#5693 = DIRECTION ( 'NONE',  ( -1.000000000000000000, 0.000000000000000000, 0.000000000000000000 ) ) ;
#5694 = FACE_OUTER_BOUND ( 'NONE', #8225, .T. ) ;
#5695 = ORIENTED_EDGE ( 'NONE', *, *, #5755, .F. ) ;
#5696 = LINE ( 'NONE', #9992, #6680 ) ;
#5697 = EDGE_LOOP ( 'NONE', ( #6588, #163, #8372, #10033 ) ) ;
#5698 = VECTOR ( 'NONE', #11233, 1000.000000000000000 ) ;
#5699 = LINE ( 'NONE', #7027, #9190 ) ;
#5700 = EDGE_LOOP ( 'NONE', ( #1509, #8458, #3492, #1948 ) ) ;
#5701 = ORIENTED_EDGE ( 'NONE', *, *, #3329, .F. ) ;
#5702 = DIRECTION ( 'NONE',  ( -0.000000000000000000, -1.000000000000000000, -0.000000000000000000 ) ) ;
#5703 = ADVANCED_FACE ( 'NONE', ( #3844 ), #5933, .F. ) ;
#5704 = CYLINDRICAL_SURFACE ( 'NONE', #520, 1.400000000000000133 ) ;
#5705 = DIRECTION ( 'NONE',  ( 0.000000000000000000, 1.000000000000000000, 0.000000000000000000 ) ) ;
#5706 = AXIS2_PLACEMENT_3D ( 'NONE', #3264, #11941, #5406 ) ;
#5707 = DIRECTION ( 'NONE',  ( 1.000000000000000000, 0.000000000000000000, 0.000000000000000000 ) ) ;
#5709 = ORIENTED_EDGE ( 'NONE', *, *, #7388, .F. ) ;
#5708 = EDGE_CURVE ( 'NONE', #8154, #2702, #12265, .T. ) ;
#5710 = CARTESIAN_POINT ( 'NONE',  ( 16.80000000000000071, 0.000000000000000000, -4.900000000000001243 ) ) ;
#5711 = ADVANCED_FACE ( 'NONE', ( #12057 ), #2740, .T. ) ;
#5712 = DIRECTION ( 'NONE',  ( 0.000000000000000000, 0.000000000000000000, -1.000000000000000000 ) ) ;
#5713 = LINE ( 'NONE', #8894, #2983 ) ;
#5714 = ORIENTED_EDGE ( 'NONE', *, *, #7381, .F. ) ;
#5715 = LINE ( 'NONE', #9944, #13732 ) ;
#5716 = EDGE_CURVE ( 'NONE', #8994, #10333, #3020, .T. ) ;
#5717 = ORIENTED_EDGE ( 'NONE', *, *, #12174, .T. ) ;
#5718 = CARTESIAN_POINT ( 'NONE',  ( 9.285000000000000142, -19.40650000000000119, 7.189999999999999503 ) ) ;
#5719 = ADVANCED_FACE ( 'NONE', ( #13712 ), #12410, .T. ) ;
#5720 = CARTESIAN_POINT ( 'NONE',  ( 0.000000000000000000, -15.34650000000000070, 0.4299999999999999933 ) ) ;
#5721 = CARTESIAN_POINT ( 'NONE',  ( -6.365000000000000213, -23.77649999999999864, 15.50000000000000000 ) ) ;
#5723 = VERTEX_POINT ( 'NONE', #8229 ) ;
#5722 = CARTESIAN_POINT ( 'NONE',  ( 9.285000000000000142, -13.31649999999999956, 3.629999999999999449 ) ) ;
#5724 = FACE_OUTER_BOUND ( 'NONE', #355, .T. ) ;
#5725 = CARTESIAN_POINT ( 'NONE',  ( 2.415000000000000036, -2.337200000000000166, -4.500000000000000888 ) ) ;
#5726 = DIRECTION ( 'NONE',  ( 0.000000000000000000, -0.000000000000000000, 1.000000000000000000 ) ) ;
#5727 = EDGE_CURVE ( 'NONE', #12854, #1321, #3918, .T. ) ;
#5728 = SURFACE_STYLE_USAGE ( .BOTH. , #1492 ) ;
#5729 = DIRECTION ( 'NONE',  ( 0.000000000000000000, 1.000000000000000000, 0.000000000000000000 ) ) ;
#5730 = CARTESIAN_POINT ( 'NONE',  ( -8.269999999999999574, -17.37650000000000006, 4.500000000000000888 ) ) ;
#5731 = DIRECTION ( 'NONE',  ( -1.000000000000000000, -0.000000000000000000, -0.000000000000000000 ) ) ;
#5732 = EDGE_CURVE ( 'NONE', #10264, #13143, #6072, .T. ) ;
#5733 = EDGE_LOOP ( 'NONE', ( #13271, #413, #9383, #1695 ) ) ;
#5734 = VERTEX_POINT ( 'NONE', #10439 ) ;
#5735 = EDGE_LOOP ( 'NONE', ( #8627, #4552, #4509, #13566, #6933, #3610 ) ) ;
#5736 = ORIENTED_EDGE ( 'NONE', *, *, #199, .F. ) ;
#5737 = EDGE_CURVE ( 'NONE', #6880, #12240, #11564, .T. ) ;
#5738 = DIRECTION ( 'NONE',  ( 0.000000000000000000, 0.000000000000000000, -1.000000000000000000 ) ) ;
#5739 =( NAMED_UNIT ( * ) SI_UNIT ( $, .STERADIAN. ) SOLID_ANGLE_UNIT ( ) );
#5740 = CARTESIAN_POINT ( 'NONE',  ( -10.55132034355982285, -15.22000000000000064, -3.138679656440320542 ) ) ;
#5741 = ORIENTED_EDGE ( 'NONE', *, *, #12225, .F. ) ;
#5742 = LINE ( 'NONE', #13185, #10292 ) ;
#5743 = CARTESIAN_POINT ( 'NONE',  ( -10.15000000000000036, -22.96649999999999991, 4.650000000000000355 ) ) ;
#5744 = VERTEX_POINT ( 'NONE', #1966 ) ;
#5745 = VERTEX_POINT ( 'NONE', #7198 ) ;
#5746 = ADVANCED_FACE ( 'NONE', ( #11435 ), #1911, .T. ) ;
#5747 = ORIENTED_EDGE ( 'NONE', *, *, #9521, .T. ) ;
#5748 = CARTESIAN_POINT ( 'NONE',  ( -3.634999999999999787, -22.96649999999999991, 4.650000000000000355 ) ) ;
#5749 = ORIENTED_EDGE ( 'NONE', *, *, #844, .T. ) ;
#5750 = DIRECTION ( 'NONE',  ( -0.000000000000000000, -0.000000000000000000, -1.000000000000000000 ) ) ;
#5751 = CARTESIAN_POINT ( 'NONE',  ( -1.475000000000000089, -13.31649999999999956, -4.320000000000000284 ) ) ;
#5752 = CARTESIAN_POINT ( 'NONE',  ( -1.500000000000000222, -17.94999999999999929, -6.860000000000000320 ) ) ;
#5753 = LINE ( 'NONE', #3592, #12480 ) ;
#5754 = ORIENTED_EDGE ( 'NONE', *, *, #8184, .F. ) ;
#5755 = EDGE_CURVE ( 'NONE', #11028, #1718, #9633, .T. ) ;
#5756 = ORIENTED_EDGE ( 'NONE', *, *, #10297, .F. ) ;
#5757 = VECTOR ( 'NONE', #197, 1000.000000000000000 ) ;
#5758 = CARTESIAN_POINT ( 'NONE',  ( 18.36268000000000100, -22.96649999999999991, 4.950000000000000178 ) ) ;
#5759 = CARTESIAN_POINT ( 'NONE',  ( -3.935000000000000053, -17.94999999999999929, -4.500000000000000888 ) ) ;
#5760 = CARTESIAN_POINT ( 'NONE',  ( -3.064999999999999947, -20.17650000000000077, 13.40000000000000036 ) ) ;
#5761 = VERTEX_POINT ( 'NONE', #6212 ) ;
#5762 = CARTESIAN_POINT ( 'NONE',  ( 0.6350000000000000089, -22.96649999999999991, 15.74000000000000021 ) ) ;
#5763 = DIRECTION ( 'NONE',  ( 1.000000000000000000, 0.000000000000000000, -0.000000000000000000 ) ) ;
#5764 = ORIENTED_EDGE ( 'NONE', *, *, #2948, .F. ) ;
#5765 = AXIS2_PLACEMENT_3D ( 'NONE', #12077, #6258, #5223 ) ;
#5766 = AXIS2_PLACEMENT_3D ( 'NONE', #9479, #8450, #7411 ) ;
#5767 = EDGE_CURVE ( 'NONE', #3504, #2347, #7330, .T. ) ;
#5768 = ADVANCED_FACE ( 'NONE', ( #915 ), #2031, .T. ) ;
#5769 = LINE ( 'NONE', #9998, #5852 ) ;
#5770 = VERTEX_POINT ( 'NONE', #4960 ) ;
#5771 = DIRECTION ( 'NONE',  ( 0.000000000000000000, 0.000000000000000000, -1.000000000000000000 ) ) ;
#5772 = CARTESIAN_POINT ( 'NONE',  ( -5.679199999999999804, 3.589199999999999946, -0.5000000000000000000 ) ) ;
#5773 = LINE ( 'NONE', #2797, #7185 ) ;
#5774 = FACE_OUTER_BOUND ( 'NONE', #13689, .T. ) ;
#5775 = ORIENTED_EDGE ( 'NONE', *, *, #10999, .T. ) ;
#5776 = AXIS2_PLACEMENT_3D ( 'NONE', #11287, #6213, #11357 ) ;
#5777 = LINE ( 'NONE', #6959, #1206 ) ;
#5778 = DIRECTION ( 'NONE',  ( 0.000000000000000000, -1.000000000000000000, 0.000000000000000000 ) ) ;
#5779 = CARTESIAN_POINT ( 'NONE',  ( -7.000000000000000000, -17.37650000000000006, 7.190000000000000391 ) ) ;
#5780 = ORIENTED_EDGE ( 'NONE', *, *, #13528, .T. ) ;
#5781 = CARTESIAN_POINT ( 'NONE',  ( -11.19999999999999929, -17.94999999999999929, -3.472485578728000011 ) ) ;
#5782 = ADVANCED_FACE ( 'NONE', ( #9387 ), #13649, .T. ) ;
#5783 =( GEOMETRIC_REPRESENTATION_CONTEXT ( 3 ) GLOBAL_UNCERTAINTY_ASSIGNED_CONTEXT ( ( #8197 ) ) GLOBAL_UNIT_ASSIGNED_CONTEXT ( ( #5280, #7376, #7646 ) ) REPRESENTATION_CONTEXT ( 'NONE', 'WORKASPACE' ) );
#5784 = ORIENTED_EDGE ( 'NONE', *, *, #4256, .F. ) ;
#5785 = LINE ( 'NONE', #632, #8725 ) ;
#5786 = DIRECTION ( 'NONE',  ( -1.000000000000000000, -0.000000000000000000, -0.000000000000000000 ) ) ;
#5787 = DIRECTION ( 'NONE',  ( 0.000000000000000000, 0.000000000000000000, -1.000000000000000000 ) ) ;
#5789 = ORIENTED_EDGE ( 'NONE', *, *, #12329, .T. ) ;
#5788 = CARTESIAN_POINT ( 'NONE',  ( 5.699999999999981526, -3.556499999999997996, 4.500000000000000888 ) ) ;
#5790 = DIRECTION ( 'NONE',  ( -0.000000000000000000, -0.000000000000000000, 1.000000000000000000 ) ) ;
#5791 = DIRECTION ( 'NONE',  ( 0.000000000000000000, -0.000000000000000000, 1.000000000000000000 ) ) ;
#5792 = LINE ( 'NONE', #10163, #7655 ) ;
#5793 = LINE ( 'NONE', #10103, #5206 ) ;
#5794 = CARTESIAN_POINT ( 'NONE',  ( 3.634999999999999787, -22.96649999999999991, 3.509999999999999787 ) ) ;
#5795 =( LENGTH_UNIT ( ) NAMED_UNIT ( * ) SI_UNIT ( .MILLI., .METRE. ) );
#5796 = LINE ( 'NONE', #11360, #5855 ) ;
#5797 = EDGE_CURVE ( 'NONE', #12995, #3120, #11629, .T. ) ;
#5798 = EDGE_CURVE ( 'NONE', #6162, #4977, #717, .T. ) ;
#5799 = LINE ( 'NONE', #6849, #3340 ) ;
#5800 = EDGE_CURVE ( 'NONE', #9771, #7430, #4244, .T. ) ;
#5801 = ORIENTED_EDGE ( 'NONE', *, *, #1128, .T. ) ;
#5802 = ORIENTED_EDGE ( 'NONE', *, *, #12144, .T. ) ;
#5803 = ORIENTED_EDGE ( 'NONE', *, *, #4219, .T. ) ;
#5804 = ORIENTED_EDGE ( 'NONE', *, *, #10383, .T. ) ;
#5805 = CARTESIAN_POINT ( 'NONE',  ( -9.285000000000000142, -13.31649999999999956, 3.629999999999999449 ) ) ;
#5806 = CARTESIAN_POINT ( 'NONE',  ( 5.525000000000013678, -13.31649999999999245, -0.1000000000000004080 ) ) ;
#5807 = DIRECTION ( 'NONE',  ( 0.000000000000000000, 0.000000000000000000, -1.000000000000000000 ) ) ;
#5808 = VERTEX_POINT ( 'NONE', #10579 ) ;
#5809 = CARTESIAN_POINT ( 'NONE',  ( 9.285000000000000142, -17.94999999999999929, 7.189999999999999503 ) ) ;
#5810 = LINE ( 'NONE', #13121, #10334 ) ;
#5811 = ORIENTED_EDGE ( 'NONE', *, *, #5010, .F. ) ;
#5812 = AXIS2_PLACEMENT_3D ( 'NONE', #8806, #12018, #2483 ) ;
#5813 = ORIENTED_EDGE ( 'NONE', *, *, #4418, .F. ) ;
#5814 = CIRCLE ( 'NONE', #708, 0.8381999999999998341 ) ;
#5815 = ORIENTED_EDGE ( 'NONE', *, *, #8898, .T. ) ;
#5816 = DIRECTION ( 'NONE',  ( -1.000000000000000000, 0.000000000000000000, -0.000000000000000000 ) ) ;
#5817 = ORIENTED_EDGE ( 'NONE', *, *, #10283, .T. ) ;
#5818 = DIRECTION ( 'NONE',  ( -1.000000000000000000, -0.000000000000000000, 0.000000000000000000 ) ) ;
#5819 = CARTESIAN_POINT ( 'NONE',  ( 6.733679656440321182, -15.22000000000000064, -6.956320343559821318 ) ) ;
#5820 = LINE ( 'NONE', #1660, #12084 ) ;
#5821 = CARTESIAN_POINT ( 'NONE',  ( 10.93500000000000050, -20.17650000000000077, 7.519999999999999574 ) ) ;
#5822 = VERTEX_POINT ( 'NONE', #7463 ) ;
#5823 = ORIENTED_EDGE ( 'NONE', *, *, #2241, .F. ) ;
#5824 = CARTESIAN_POINT ( 'NONE',  ( -3.149999999999999911, -22.58649999999999736, -4.320000000000000284 ) ) ;
#5825 = AXIS2_PLACEMENT_3D ( 'NONE', #6785, #11016, #10934 ) ;
#5826 = FACE_OUTER_BOUND ( 'NONE', #9007, .T. ) ;
#5827 = VERTEX_POINT ( 'NONE', #211 ) ;
#5828 = CARTESIAN_POINT ( 'NONE',  ( -1.294999999999999929, -17.37650000000000006, -3.509999999999999787 ) ) ;
#5829 = DIRECTION ( 'NONE',  ( 1.000000000000000000, -0.000000000000000000, 0.000000000000000000 ) ) ;
#5830 = ORIENTED_EDGE ( 'NONE', *, *, #8386, .F. ) ;
#5831 = CIRCLE ( 'NONE', #10271, 3.000000000000000000 ) ;
#5832 = CIRCLE ( 'NONE', #8061, 6.500000000000000888 ) ;
#5833 = LINE ( 'NONE', #1595, #1423 ) ;
#5834 = EDGE_CURVE ( 'NONE', #10160, #12760, #8488, .T. ) ;
#5835 = ORIENTED_EDGE ( 'NONE', *, *, #9224, .F. ) ;
#5836 = CARTESIAN_POINT ( 'NONE',  ( 0.000000000000000000, -17.94999999999999929, -1.879999999999999893 ) ) ;
#5837 = CARTESIAN_POINT ( 'NONE',  ( -6.365000000000000213, -22.96649999999999991, 19.46000000000000085 ) ) ;
#5838 = DIRECTION ( 'NONE',  ( 0.000000000000000000, 0.000000000000000000, -1.000000000000000000 ) ) ;
#5839 = CARTESIAN_POINT ( 'NONE',  ( 0.000000000000000000, -2.337200000000000166, 0.000000000000000000 ) ) ;
#5840 = VERTEX_POINT ( 'NONE', #6614 ) ;
#5841 = EDGE_CURVE ( 'NONE', #9531, #1584, #12745, .T. ) ;
#5842 = AXIS2_PLACEMENT_3D ( 'NONE', #9122, #6061, #3770 ) ;
#5843 = CARTESIAN_POINT ( 'NONE',  ( -9.414999999999999147, -22.96649999999999991, -0.5000000000000000000 ) ) ;
#5844 = CARTESIAN_POINT ( 'NONE',  ( -5.679199999999999804, -2.337200000000000166, -0.5000000000000000000 ) ) ;
#5845 = DIRECTION ( 'NONE',  ( 0.000000000000000000, 0.000000000000000000, -1.000000000000000000 ) ) ;
#5846 = ORIENTED_EDGE ( 'NONE', *, *, #8974, .F. ) ;
#5847 = AXIS2_PLACEMENT_3D ( 'NONE', #4934, #2924, #9172 ) ;
#5848 = CARTESIAN_POINT ( 'NONE',  ( 8.269999999999999574, -19.40650000000000119, 3.840000000000000302 ) ) ;
#5849 = EDGE_CURVE ( 'NONE', #9899, #3030, #11867, .T. ) ;
#5850 = AXIS2_PLACEMENT_3D ( 'NONE', #4297, #1165, #9774 ) ;
#5851 = DIRECTION ( 'NONE',  ( 0.000000000000000000, 0.000000000000000000, 1.000000000000000000 ) ) ;
#5852 = VECTOR ( 'NONE', #4724, 1000.000000000000114 ) ;
#5853 = DIRECTION ( 'NONE',  ( 0.000000000000000000, 1.000000000000000000, 0.000000000000000000 ) ) ;
#5854 = FACE_OUTER_BOUND ( 'NONE', #2849, .T. ) ;
#5855 = VECTOR ( 'NONE', #4963, 1000.000000000000000 ) ;
#5856 = VECTOR ( 'NONE', #10842, 1000.000000000000000 ) ;
#5858 = EDGE_LOOP ( 'NONE', ( #9825, #2183, #8970, #13209 ) ) ;
#5857 = CARTESIAN_POINT ( 'NONE',  ( -5.205000000000000071, -17.94999999999999929, 0.000000000000000000 ) ) ;
#5859 = DIRECTION ( 'NONE',  ( 0.000000000000000000, 0.000000000000000000, -1.000000000000000000 ) ) ;
#5860 = FILL_AREA_STYLE_COLOUR ( '', #11886 ) ;
#5861 = DIRECTION ( 'NONE',  ( 0.000000000000000000, 0.000000000000000000, -1.000000000000000000 ) ) ;
#5862 = FACE_OUTER_BOUND ( 'NONE', #4794, .T. ) ;
#5863 = CARTESIAN_POINT ( 'NONE',  ( 4.584999999999999964, -2.337200000000000166, 4.500000000000000888 ) ) ;
#5864 = AXIS2_PLACEMENT_3D ( 'NONE', #8577, #10796, #1278 ) ;
#5865 = CARTESIAN_POINT ( 'NONE',  ( 3.365000000000000213, -22.96649999999999991, -3.509999999999999787 ) ) ;
#5866 = VECTOR ( 'NONE', #13690, 1000.000000000000000 ) ;
#5867 = DIRECTION ( 'NONE',  ( -0.1004120643276970176, -0.9949459368917741298, 0.000000000000000000 ) ) ;
#5868 = EDGE_CURVE ( 'NONE', #10364, #737, #4310, .T. ) ;
#5869 = VECTOR ( 'NONE', #13182, 1000.000000000000000 ) ;
#5870 = CARTESIAN_POINT ( 'NONE',  ( 12.20500000000000007, -17.94999999999999929, 0.000000000000000000 ) ) ;
#5871 = CIRCLE ( 'NONE', #11208, 4.750000000000000888 ) ;
#5872 = VERTEX_POINT ( 'NONE', #1262 ) ;
#5873 = ORIENTED_EDGE ( 'NONE', *, *, #1044, .T. ) ;
#5874 = EDGE_LOOP ( 'NONE', ( #6707, #9449, #8322, #2768, #10769, #3774, #7457, #8482 ) ) ;
#5875 = ORIENTED_EDGE ( 'NONE', *, *, #8557, .T. ) ;
#5876 = PLANE ( 'NONE',  #10351 ) ;
#5877 = LINE ( 'NONE', #6996, #1615 ) ;
#5878 = EDGE_CURVE ( 'NONE', #1222, #12910, #10090, .T. ) ;
#5879 = VECTOR ( 'NONE', #13711, 1000.000000000000000 ) ;
#5880 = FACE_OUTER_BOUND ( 'NONE', #5129, .T. ) ;
#5881 = ORIENTED_EDGE ( 'NONE', *, *, #8176, .F. ) ;
#5882 = CARTESIAN_POINT ( 'NONE',  ( -2.285000000000003695, -13.31650000000003153, 0.4299999999999998823 ) ) ;
#5883 = FACE_OUTER_BOUND ( 'NONE', #6618, .T. ) ;
#5885 = ORIENTED_EDGE ( 'NONE', *, *, #3618, .T. ) ;
#5884 = ADVANCED_FACE ( 'NONE', ( #5493 ), #4519, .T. ) ;
#5886 =( GEOMETRIC_REPRESENTATION_CONTEXT ( 3 ) GLOBAL_UNCERTAINTY_ASSIGNED_CONTEXT ( ( #1576 ) ) GLOBAL_UNIT_ASSIGNED_CONTEXT ( ( #5346, #9711, #260 ) ) REPRESENTATION_CONTEXT ( 'NONE', 'WORKASPACE' ) );
#5887 = ORIENTED_EDGE ( 'NONE', *, *, #6571, .T. ) ;
#5888 = CIRCLE ( 'NONE', #13665, 1.400000000000000133 ) ;
#5889 = CIRCLE ( 'NONE', #5665, 0.9899999999999999911 ) ;
#5890 = ORIENTED_EDGE ( 'NONE', *, *, #52, .T. ) ;
#5891 = CARTESIAN_POINT ( 'NONE',  ( 5.525000000000000355, -17.57000000000000384, 13.40000000000000036 ) ) ;
#5892 = VERTEX_POINT ( 'NONE', #1331 ) ;
#5893 = ADVANCED_FACE ( 'NONE', ( #9528 ), #4320, .F. ) ;
#5894 = PLANE ( 'NONE',  #12948 ) ;
#5895 = CARTESIAN_POINT ( 'NONE',  ( 16.80000000000000071, 3.200000000000000178, 4.900000000000000355 ) ) ;
#5896 = DIRECTION ( 'NONE',  ( 0.000000000000000000, 0.000000000000000000, -1.000000000000000000 ) ) ;
#5897 = CARTESIAN_POINT ( 'NONE',  ( 4.714999999999999858, -15.34650000000000070, -0.1000000000000001721 ) ) ;
#5898 = ORIENTED_EDGE ( 'NONE', *, *, #4100, .F. ) ;
#5899 = ORIENTED_EDGE ( 'NONE', *, *, #6236, .T. ) ;
#5900 = DIRECTION ( 'NONE',  ( -0.000000000000000000, -1.000000000000000000, 0.000000000000000000 ) ) ;
#5901 = CARTESIAN_POINT ( 'NONE',  ( -0.4949999999999999956, -23.77649999999999864, 1.145000000000000018 ) ) ;
#5902 = DIRECTION ( 'NONE',  ( 0.000000000000000000, -0.000000000000000000, -1.000000000000000000 ) ) ;
#5903 = ORIENTED_EDGE ( 'NONE', *, *, #11552, .T. ) ;
#5904 = VECTOR ( 'NONE', #4575, 1000.000000000000000 ) ;
#5905 = LINE ( 'NONE', #2573, #9513 ) ;
#5906 = ORIENTED_EDGE ( 'NONE', *, *, #7793, .F. ) ;
#5907 = DIRECTION ( 'NONE',  ( 0.000000000000000000, 0.000000000000000000, 1.000000000000000000 ) ) ;
#5908 = ORIENTED_EDGE ( 'NONE', *, *, #6369, .T. ) ;
#5909 = CARTESIAN_POINT ( 'NONE',  ( 8.475000000000001421, -12.30150000000000254, 3.640000000000000124 ) ) ;
#5910 = LINE ( 'NONE', #13425, #8510 ) ;
#5911 = FACE_OUTER_BOUND ( 'NONE', #11829, .T. ) ;
#5912 = FACE_OUTER_BOUND ( 'NONE', #6749, .T. ) ;
#5913 = VERTEX_POINT ( 'NONE', #10779 ) ;
#5914 = VECTOR ( 'NONE', #3647, 1000.000000000000000 ) ;
#5915 = LINE ( 'NONE', #420, #12774 ) ;
#5916 = CARTESIAN_POINT ( 'NONE',  ( 3.064999999999999947, -20.17650000000000077, 4.500000000000000888 ) ) ;
#5917 = PLANE ( 'NONE',  #764 ) ;
#5918 = ORIENTED_EDGE ( 'NONE', *, *, #9010, .F. ) ;
#5919 = CARTESIAN_POINT ( 'NONE',  ( -8.269999999999999574, -19.40650000000000119, 4.650000000000000355 ) ) ;
#5920 = EDGE_CURVE ( 'NONE', #2497, #5942, #5871, .T. ) ;
#5921 = EDGE_CURVE ( 'NONE', #11001, #13421, #11763, .T. ) ;
#5922 = AXIS2_PLACEMENT_3D ( 'NONE', #4822, #1414, #370 ) ;
#5923 = CARTESIAN_POINT ( 'NONE',  ( 1.474999999999987654, -13.31650000000000311, -3.299999999999999822 ) ) ;
#5924 = LINE ( 'NONE', #10014, #5534 ) ;
#5925 = DIRECTION ( 'NONE',  ( -1.000000000000000000, 0.000000000000000000, -0.000000000000000000 ) ) ;
#5926 = CARTESIAN_POINT ( 'NONE',  ( -5.605000000000000426, -22.58650000000000091, 4.650000000000000355 ) ) ;
#5928 = ORIENTED_EDGE ( 'NONE', *, *, #586, .T. ) ;
#5927 = CARTESIAN_POINT ( 'NONE',  ( -0.4949999999999999956, -23.77649999999999864, -1.830000000000000071 ) ) ;
#5929 = DIRECTION ( 'NONE',  ( 0.000000000000000000, -1.000000000000000000, 0.000000000000000000 ) ) ;
#5930 = DIRECTION ( 'NONE',  ( 0.000000000000000000, -0.000000000000000000, 1.000000000000000000 ) ) ;
#5931 = CARTESIAN_POINT ( 'NONE',  ( 4.715000000000000746, -13.31649999999999956, 3.660000000000000142 ) ) ;
#5932 = ADVANCED_FACE ( 'NONE', ( #1188 ), #6547, .T. ) ;
#5933 = CYLINDRICAL_SURFACE ( 'NONE', #9203, 1.750000000000000000 ) ;
#5934 = DIRECTION ( 'NONE',  ( -0.000000000000000000, -1.000000000000000000, -0.000000000000000000 ) ) ;
#5935 = CARTESIAN_POINT ( 'NONE',  ( 9.285000000000000142, -12.04649999999999999, 3.629999999999999893 ) ) ;
#5936 = DIRECTION ( 'NONE',  ( 0.000000000000000000, 1.000000000000000000, 0.000000000000000000 ) ) ;
#5937 = ADVANCED_FACE ( 'NONE', ( #9940 ), #13081, .F. ) ;
#5938 = DIRECTION ( 'NONE',  ( 0.000000000000000000, -0.000000000000000000, 1.000000000000000000 ) ) ;
#5939 = VERTEX_POINT ( 'NONE', #561 ) ;
#5940 = VERTEX_POINT ( 'NONE', #10915 ) ;
#5941 = EDGE_CURVE ( 'NONE', #10659, #2553, #5777, .T. ) ;
#5942 = VERTEX_POINT ( 'NONE', #1396 ) ;
#5943 = ORIENTED_EDGE ( 'NONE', *, *, #10476, .T. ) ;
#5944 = LINE ( 'NONE', #5805, #9250 ) ;
#5945 = CARTESIAN_POINT ( 'NONE',  ( 4.584999999999999964, -2.337200000000000166, -0.5000000000000000000 ) ) ;
#5946 = LINE ( 'NONE', #2688, #2991 ) ;
#5947 = ORIENTED_EDGE ( 'NONE', *, *, #631, .F. ) ;
#5948 = ADVANCED_FACE ( 'NONE', ( #625 ), #11132, .T. ) ;
#5949 = LINE ( 'NONE', #8034, #12965 ) ;
#5950 = FILL_AREA_STYLE ('',( #3868 ) ) ;
#5951 = VERTEX_POINT ( 'NONE', #1604 ) ;
#5952 = ORIENTED_EDGE ( 'NONE', *, *, #96, .T. ) ;
#5953 = EDGE_CURVE ( 'NONE', #3946, #2399, #13152, .T. ) ;
#5954 = ORIENTED_EDGE ( 'NONE', *, *, #357, .F. ) ;
#5955 = FACE_OUTER_BOUND ( 'NONE', #5161, .T. ) ;
#5956 = EDGE_LOOP ( 'NONE', ( #7725, #1356, #8539, #4619 ) ) ;
#5957 = EDGE_LOOP ( 'NONE', ( #1238, #11661, #13310, #9235 ) ) ;
#5958 = LINE ( 'NONE', #2845, #7836 ) ;
#5959 = CARTESIAN_POINT ( 'NONE',  ( 14.55875721064000139, -17.94999999999999929, -6.831242789364000423 ) ) ;
#5960 = DIRECTION ( 'NONE',  ( 0.000000000000000000, 1.000000000000000000, 0.000000000000000000 ) ) ;
#5961 = CARTESIAN_POINT ( 'NONE',  ( -2.285000000000000142, -13.31649999999999956, -3.299999999999999822 ) ) ;
#5962 = ORIENTED_EDGE ( 'NONE', *, *, #1594, .F. ) ;
#5963 = ORIENTED_EDGE ( 'NONE', *, *, #12225, .T. ) ;
#5964 = DIRECTION ( 'NONE',  ( 1.000000000000000000, 0.000000000000000000, -0.000000000000000000 ) ) ;
#5965 = VECTOR ( 'NONE', #5647, 1000.000000000000000 ) ;
#5966 = LINE ( 'NONE', #10268, #2054 ) ;
#5967 = ORIENTED_EDGE ( 'NONE', *, *, #10714, .T. ) ;
#5968 = FILL_AREA_STYLE_COLOUR ( '', #13086 ) ;
#5969 = ORIENTED_EDGE ( 'NONE', *, *, #6135, .F. ) ;
#5970 = EDGE_CURVE ( 'NONE', #12518, #10676, #11203, .T. ) ;
#5971 = AXIS2_PLACEMENT_3D ( 'NONE', #1680, #4658, #12119 ) ;
#5972 = VECTOR ( 'NONE', #3909, 1000.000000000000000 ) ;
#5973 = CARTESIAN_POINT ( 'NONE',  ( 10.36500000000000021, -22.96649999999999991, 4.650000000000000355 ) ) ;
#5974 = ADVANCED_FACE ( 'NONE', ( #5642 ), #1475, .F. ) ;
#5975 = VECTOR ( 'NONE', #13139, 1000.000000000000000 ) ;
#5976 = ORIENTED_EDGE ( 'NONE', *, *, #12286, .F. ) ;
#5977 = AXIS2_PLACEMENT_3D ( 'NONE', #6973, #11212, #12677 ) ;
#5978 = LINE ( 'NONE', #12051, #7848 ) ;
#5979 = DIRECTION ( 'NONE',  ( -0.000000000000000000, -0.000000000000000000, 1.000000000000000000 ) ) ;
#5980 = STYLED_ITEM ( 'NONE', ( #5014 ), #780 ) ;
#5981 = LINE ( 'NONE', #11128, #10958 ) ;
#5982 = PLANE ( 'NONE',  #5381 ) ;
#5983 = DIRECTION ( 'NONE',  ( 0.000000000000000000, -1.000000000000000000, -0.000000000000000000 ) ) ;
#5984 = ORIENTED_EDGE ( 'NONE', *, *, #815, .F. ) ;
#5985 = VECTOR ( 'NONE', #3817, 1000.000000000000000 ) ;
#5986 = DIRECTION ( 'NONE',  ( 0.000000000000000000, 0.000000000000000000, -1.000000000000000000 ) ) ;
#5987 = CARTESIAN_POINT ( 'NONE',  ( 1.352477888071855094, -12.04650000000001953, -3.299999999999999378 ) ) ;
#5988 = VECTOR ( 'NONE', #5983, 1000.000000000000000 ) ;
#5989 = PLANE ( 'NONE',  #3207 ) ;
#5990 = PRESENTATION_LAYER_ASSIGNMENT (  '', '', ( #10426 ) ) ;
#5991 = ORIENTED_EDGE ( 'NONE', *, *, #3760, .T. ) ;
#5992 = DIRECTION ( 'NONE',  ( 0.000000000000000000, 0.000000000000000000, 1.000000000000000000 ) ) ;
#5993 = DIRECTION ( 'NONE',  ( 0.000000000000000000, 1.000000000000000000, 0.000000000000000000 ) ) ;
#5994 = LINE ( 'NONE', #497, #12203 ) ;
#5996 = VECTOR ( 'NONE', #775, 1000.000000000000000 ) ;
#5995 = DIRECTION ( 'NONE',  ( 0.000000000000000000, 1.000000000000000000, 0.000000000000000000 ) ) ;
#5997 = CARTESIAN_POINT ( 'NONE',  ( -8.394999999999999574, -22.96649999999999991, 3.840000000000000302 ) ) ;
#5999 = ORIENTED_EDGE ( 'NONE', *, *, #2640, .T. ) ;
#5998 = DIRECTION ( 'NONE',  ( 0.000000000000000000, 1.000000000000000000, 0.000000000000000000 ) ) ;
#6000 = CARTESIAN_POINT ( 'NONE',  ( -2.285000000000000142, -15.34650000000000070, -4.320000000000000284 ) ) ;
#6001 = CARTESIAN_POINT ( 'NONE',  ( -5.220000000000011298, -2.673278531664993629, -0.1000000000000001998 ) ) ;
#6002 = FILL_AREA_STYLE_COLOUR ( '', #2902 ) ;
#6003 = DIRECTION ( 'NONE',  ( 0.000000000000000000, -1.000000000000000000, -0.000000000000000000 ) ) ;
#6004 = LINE ( 'NONE', #11085, #13519 ) ;
#6005 = DIRECTION ( 'NONE',  ( 0.000000000000000000, 0.000000000000000000, -1.000000000000000000 ) ) ;
#6006 = ORIENTED_EDGE ( 'NONE', *, *, #1723, .T. ) ;
#6007 = VERTEX_POINT ( 'NONE', #5710 ) ;
#6008 = DIRECTION ( 'NONE',  ( 0.000000000000000000, 0.000000000000000000, 1.000000000000000000 ) ) ;
#6009 = EDGE_CURVE ( 'NONE', #1920, #5183, #10997, .T. ) ;
#6010 = ORIENTED_EDGE ( 'NONE', *, *, #9594, .F. ) ;
#6011 = ORIENTED_EDGE ( 'NONE', *, *, #12993, .T. ) ;
#6012 = LINE ( 'NONE', #728, #13698 ) ;
#6013 = CARTESIAN_POINT ( 'NONE',  ( 4.362680000000000113, -22.96649999999999991, 4.950000000000000178 ) ) ;
#6014 = VECTOR ( 'NONE', #51, 1000.000000000000000 ) ;
#6015 = ORIENTED_EDGE ( 'NONE', *, *, #10985, .T. ) ;
#6016 = DIRECTION ( 'NONE',  ( 1.000000000000000000, -0.000000000000000000, 0.000000000000000000 ) ) ;
#6017 = DIRECTION ( 'NONE',  ( 0.000000000000000000, 0.000000000000000000, -1.000000000000000000 ) ) ;
#6018 = EDGE_CURVE ( 'NONE', #12623, #6658, #5915, .T. ) ;
#6019 = EDGE_LOOP ( 'NONE', ( #1633, #7300, #12302, #13374, #11671, #11934, #5602, #1740 ) ) ;
#6020 = EDGE_CURVE ( 'NONE', #13506, #8994, #10150, .T. ) ;
#6021 = ORIENTED_EDGE ( 'NONE', *, *, #1658, .F. ) ;
#6022 = EDGE_CURVE ( 'NONE', #8863, #11504, #8967, .T. ) ;
#6023 = ORIENTED_EDGE ( 'NONE', *, *, #5798, .F. ) ;
#6024 = FACE_OUTER_BOUND ( 'NONE', #5874, .T. ) ;
#6025 = ORIENTED_EDGE ( 'NONE', *, *, #9032, .F. ) ;
#6026 = EDGE_LOOP ( 'NONE', ( #2260, #6875, #13658, #7470, #7992, #5533 ) ) ;
#6027 = CARTESIAN_POINT ( 'NONE',  ( 2.415000000000000036, -2.337200000000000166, -4.650000000000000355 ) ) ;
#6028 = LINE ( 'NONE', #12439, #2648 ) ;
#6029 = DIRECTION ( 'NONE',  ( 1.000000000000000000, 0.000000000000000000, -0.000000000000000000 ) ) ;
#6030 = CARTESIAN_POINT ( 'NONE',  ( -5.525000000000000355, -17.37650000000000006, -0.1000000000000000056 ) ) ;
#6031 = ORIENTED_EDGE ( 'NONE', *, *, #6634, .F. ) ;
#6032 = ORIENTED_EDGE ( 'NONE', *, *, #6358, .F. ) ;
#6033 = VECTOR ( 'NONE', #1166, 1000.000000000000000 ) ;
#6034 = FACE_OUTER_BOUND ( 'NONE', #11032, .T. ) ;
#6035 = DIRECTION ( 'NONE',  ( 0.000000000000000000, -1.000000000000000000, 0.000000000000000000 ) ) ;
#6036 = VERTEX_POINT ( 'NONE', #5843 ) ;
#6037 = VERTEX_POINT ( 'NONE', #4594 ) ;
#6038 = EDGE_CURVE ( 'NONE', #6666, #4767, #7861, .T. ) ;
#6039 = COLOUR_RGB ( '',1.000000000000000000, 1.000000000000000000, 1.000000000000000000 ) ;
#6040 = COLOUR_RGB ( '',1.000000000000000000, 1.000000000000000000, 1.000000000000000000 ) ;
#6041 = CARTESIAN_POINT ( 'NONE',  ( 9.285000000000000142, -13.31649999999999956, -0.1000000000000020040 ) ) ;
#6042 = VERTEX_POINT ( 'NONE', #3546 ) ;
#6043 = CARTESIAN_POINT ( 'NONE',  ( 20.30000000000000071, -2.399999999999999911, -4.400000000000000355 ) ) ;
#6044 = CARTESIAN_POINT ( 'NONE',  ( -0.6350000000000001199, -22.96649999999999991, -3.509999999999999787 ) ) ;
#6045 = CARTESIAN_POINT ( 'NONE',  ( 5.647522111928145350, -12.04650000000001597, 4.650000000000000355 ) ) ;
#6046 = CARTESIAN_POINT ( 'NONE',  ( 8.429999999999999716, 3.589199999999999946, -1.017359312880999900 ) ) ;
#6047 = EDGE_CURVE ( 'NONE', #7859, #11523, #356, .T. ) ;
#6048 = LINE ( 'NONE', #6128, #11318 ) ;
#6049 = EDGE_CURVE ( 'NONE', #11246, #12248, #12185, .T. ) ;
#6050 = AXIS2_PLACEMENT_3D ( 'NONE', #3028, #7278, #9213 ) ;
#6051 = DIRECTION ( 'NONE',  ( 0.000000000000000000, 1.000000000000000000, 0.000000000000000000 ) ) ;
#6052 = EDGE_CURVE ( 'NONE', #3156, #4262, #6894, .T. ) ;
#6053 = CARTESIAN_POINT ( 'NONE',  ( -8.800000000000000711, -17.57000000000000384, -12.90000000000000036 ) ) ;
#6054 = DIRECTION ( 'NONE',  ( 0.000000000000000000, -0.000000000000000000, 1.000000000000000000 ) ) ;
#6055 = ORIENTED_EDGE ( 'NONE', *, *, #12189, .T. ) ;
#6056 = EDGE_CURVE ( 'NONE', #12506, #3946, #4661, .T. ) ;
#6057 = LINE ( 'NONE', #8897, #2415 ) ;
#6058 = DIRECTION ( 'NONE',  ( 0.000000000000000000, 0.000000000000000000, 1.000000000000000000 ) ) ;
#6059 = CIRCLE ( 'NONE', #7825, 4.900000000000000355 ) ;
#6060 = CARTESIAN_POINT ( 'NONE',  ( -9.881242789364051760, -2.399999999999999467, -11.50875721063805202 ) ) ;
#6061 = DIRECTION ( 'NONE',  ( 0.000000000000000000, -1.000000000000000000, 0.000000000000000000 ) ) ;
#6062 = CARTESIAN_POINT ( 'NONE',  ( 5.605000000000000426, -22.67650000000000077, 3.840000000000000302 ) ) ;
#6063 = CIRCLE ( 'NONE', #54, 0.2999999999999999334 ) ;
#6064 = VECTOR ( 'NONE', #2847, 1000.000000000000000 ) ;
#6066 = ORIENTED_EDGE ( 'NONE', *, *, #1398, .T. ) ;
#6065 = CARTESIAN_POINT ( 'NONE',  ( -9.414999999999999147, -12.04650000000000176, 4.500000000000000888 ) ) ;
#6067 = EDGE_CURVE ( 'NONE', #11325, #2172, #8074, .T. ) ;
#6068 = DIRECTION ( 'NONE',  ( -1.000000000000000000, 0.000000000000000000, -0.000000000000000000 ) ) ;
#6069 = LINE ( 'NONE', #2737, #1688 ) ;
#6070 = DIRECTION ( 'NONE',  ( -1.000000000000000000, -0.000000000000000000, -0.000000000000000000 ) ) ;
#6071 = AXIS2_PLACEMENT_3D ( 'NONE', #10485, #9304, #13557 ) ;
#6072 = LINE ( 'NONE', #10509, #10974 ) ;
#6073 = CARTESIAN_POINT ( 'NONE',  ( 12.20500000000000007, -22.96649999999999991, 7.519999999999999574 ) ) ;
#6074 = CARTESIAN_POINT ( 'NONE',  ( -5.605000000000000426, -23.77649999999999864, 4.650000000000000355 ) ) ;
#6075 = LINE ( 'NONE', #796, #11745 ) ;
#6076 = VECTOR ( 'NONE', #8960, 1000.000000000000000 ) ;
#6077 = VECTOR ( 'NONE', #7796, 1000.000000000000000 ) ;
#6078 = VERTEX_POINT ( 'NONE', #7789 ) ;
#6079 = VECTOR ( 'NONE', #768, 1000.000000000000000 ) ;
#6080 = VECTOR ( 'NONE', #11782, 1000.000000000000000 ) ;
#6081 = VERTEX_POINT ( 'NONE', #12040 ) ;
#6082 = VERTEX_POINT ( 'NONE', #10361 ) ;
#6083 = CARTESIAN_POINT ( 'NONE',  ( 4.584999999999999964, -2.337200000000000166, 4.650000000000000355 ) ) ;
#6084 = VERTEX_POINT ( 'NONE', #7252 ) ;
#6085 = ORIENTED_EDGE ( 'NONE', *, *, #13349, .T. ) ;
#6086 = AXIS2_PLACEMENT_3D ( 'NONE', #11917, #5661, #2455 ) ;
#6087 = LINE ( 'NONE', #10452, #1928 ) ;
#6088 = DIRECTION ( 'NONE',  ( 0.000000000000000000, -0.000000000000000000, -1.000000000000000000 ) ) ;
#6089 = DIRECTION ( 'NONE',  ( 0.000000000000000000, -1.000000000000000000, 0.000000000000000000 ) ) ;
#6090 = ORIENTED_EDGE ( 'NONE', *, *, #162, .F. ) ;
#6091 = VECTOR ( 'NONE', #6730, 1000.000000000000000 ) ;
#6092 = CARTESIAN_POINT ( 'NONE',  ( 0.000000000000000000, -20.17650000000000077, -4.500000000000000888 ) ) ;
#6093 = AXIS2_PLACEMENT_3D ( 'NONE', #11955, #6398, #13011 ) ;
#6094 = DIRECTION ( 'NONE',  ( 1.000000000000000000, 0.000000000000000000, 0.000000000000000000 ) ) ;
#6095 = AXIS2_PLACEMENT_3D ( 'NONE', #3994, #5255, #7216 ) ;
#6096 = FACE_OUTER_BOUND ( 'NONE', #3598, .T. ) ;
#6097 = VERTEX_POINT ( 'NONE', #774 ) ;
#6098 = EDGE_CURVE ( 'NONE', #2437, #4653, #11270, .T. ) ;
#6099 = PRESENTATION_LAYER_ASSIGNMENT (  '', '', ( #3873 ) ) ;
#6100 = AXIS2_PLACEMENT_3D ( 'NONE', #941, #881, #9288 ) ;
#6101 = EDGE_LOOP ( 'NONE', ( #4495, #727, #3677, #8786, #10447, #13110, #6157, #13341 ) ) ;
#6102 = AXIS2_PLACEMENT_3D ( 'NONE', #12409, #1909, #12472 ) ;
#6103 = EDGE_CURVE ( 'NONE', #1934, #10465, #10492, .T. ) ;
#6104 = LINE ( 'NONE', #1862, #2096 ) ;
#6105 = VERTEX_POINT ( 'NONE', #12602 ) ;
#6106 = ORIENTED_EDGE ( 'NONE', *, *, #2189, .T. ) ;
#6107 = DIRECTION ( 'NONE',  ( 0.000000000000000000, 0.000000000000000000, -1.000000000000000000 ) ) ;
#6108 = CARTESIAN_POINT ( 'NONE',  ( 0.000000000000000000, -22.96649999999999991, 0.000000000000000000 ) ) ;
#6109 = DIRECTION ( 'NONE',  ( -0.000000000000000000, -1.000000000000000000, -0.000000000000000000 ) ) ;
#6110 = CARTESIAN_POINT ( 'NONE',  ( -4.715000000000000746, -15.34650000000000070, 3.660000000000000142 ) ) ;
#6111 = VERTEX_POINT ( 'NONE', #4027 ) ;
#6113 = COLOUR_RGB ( '',1.000000000000000000, 1.000000000000000000, 1.000000000000000000 ) ;
#6112 = DIRECTION ( 'NONE',  ( 0.000000000000000000, 1.000000000000000000, -0.000000000000000000 ) ) ;
#6114 = EDGE_CURVE ( 'NONE', #3345, #8121, #10423, .T. ) ;
#6115 = UNCERTAINTY_MEASURE_WITH_UNIT (LENGTH_MEASURE( 1.000000000000000082E-05 ), #11096, 'distance_accuracy_value', 'NONE');
#6116 = DIRECTION ( 'NONE',  ( -1.000000000000000000, 0.000000000000000000, -0.000000000000000000 ) ) ;
#6117 = EDGE_LOOP ( 'NONE', ( #13338, #2278, #11925, #312, #6085, #4686 ) ) ;
#6118 = ADVANCED_FACE ( 'NONE', ( #901 ), #8211, .F. ) ;
#6119 = ORIENTED_EDGE ( 'NONE', *, *, #10380, .T. ) ;
#6120 = AXIS2_PLACEMENT_3D ( 'NONE', #9217, #12568, #12631 ) ;
#6121 = CARTESIAN_POINT ( 'NONE',  ( -8.799999999999998934, 3.200000000000000178, -12.90000000000000213 ) ) ;
#6122 = ORIENTED_EDGE ( 'NONE', *, *, #7569, .F. ) ;
#6123 = PLANE ( 'NONE',  #2069 ) ;
#6124 = CARTESIAN_POINT ( 'NONE',  ( -0.5100000000000000089, -3.313815743959999782, -4.320000000000000284 ) ) ;
#6125 = LINE ( 'NONE', #11545, #11636 ) ;
#6126 = LINE ( 'NONE', #8275, #3608 ) ;
#6127 = AXIS2_PLACEMENT_3D ( 'NONE', #855, #6980, #10623 ) ;
#6128 = CARTESIAN_POINT ( 'NONE',  ( 10.36500000000000021, -21.56650000000000134, 4.650000000000000355 ) ) ;
#6129 = EDGE_CURVE ( 'NONE', #8437, #5024, #9308, .T. ) ;
#6130 = DIRECTION ( 'NONE',  ( 0.000000000000000000, 0.000000000000000000, -1.000000000000000000 ) ) ;
#6131 = CARTESIAN_POINT ( 'NONE',  ( -8.800000000000000711, 0.000000000000000000, 12.90000000000000213 ) ) ;
#6132 = CARTESIAN_POINT ( 'NONE',  ( 9.285000000000000142, -12.04649999999999999, 3.629999999999999893 ) ) ;
#6133 = VERTEX_POINT ( 'NONE', #7035 ) ;
#6134 = DIRECTION ( 'NONE',  ( 0.000000000000000000, 0.000000000000000000, 1.000000000000000000 ) ) ;
#6135 = EDGE_CURVE ( 'NONE', #310, #9741, #13214, .T. ) ;
#6136 = FACE_OUTER_BOUND ( 'NONE', #1024, .T. ) ;
#6137 = ORIENTED_EDGE ( 'NONE', *, *, #1200, .F. ) ;
#6138 = FACE_OUTER_BOUND ( 'NONE', #5668, .T. ) ;
#6139 = EDGE_CURVE ( 'NONE', #2962, #10753, #11341, .T. ) ;
#6140 = DIRECTION ( 'NONE',  ( -0.7071067811865477948, 0.000000000000000000, -0.7071067811865473507 ) ) ;
#6142 = VECTOR ( 'NONE', #2045, 1000.000000000000000 ) ;
#6141 = FILL_AREA_STYLE ('',( #4885 ) ) ;
#6144 = ORIENTED_EDGE ( 'NONE', *, *, #5517, .F. ) ;
#6143 = DIRECTION ( 'NONE',  ( 0.000000000000000000, 0.000000000000000000, 1.000000000000000000 ) ) ;
#6145 = EDGE_CURVE ( 'NONE', #10121, #5324, #2929, .T. ) ;
#6146 = FACE_OUTER_BOUND ( 'NONE', #5301, .T. ) ;
#6147 = FILL_AREA_STYLE ('',( #3841 ) ) ;
#6148 = LINE ( 'NONE', #5035, #2788 ) ;
#6149 = CARTESIAN_POINT ( 'NONE',  ( 24.89999999999999858, 0.000000000000000000, 15.80886698680999913 ) ) ;
#6150 = LINE ( 'NONE', #1767, #11992 ) ;
#6151 = DIRECTION ( 'NONE',  ( 0.000000000000000000, 0.000000000000000000, 1.000000000000000000 ) ) ;
#6152 = DIRECTION ( 'NONE',  ( 0.000000000000000000, -1.000000000000000000, 0.000000000000000000 ) ) ;
#6153 = VECTOR ( 'NONE', #9808, 1000.000000000000000 ) ;
#6154 = EDGE_CURVE ( 'NONE', #5228, #1934, #4941, .T. ) ;
#6155 = ADVANCED_FACE ( 'NONE', ( #7175 ), #13631, .T. ) ;
#6156 = LINE ( 'NONE', #2173, #8935 ) ;
#6157 = ORIENTED_EDGE ( 'NONE', *, *, #5628, .F. ) ;
#6158 = ORIENTED_EDGE ( 'NONE', *, *, #6946, .T. ) ;
#6159 = PLANE ( 'NONE',  #12049 ) ;
#6160 = ORIENTED_EDGE ( 'NONE', *, *, #5282, .T. ) ;
#6161 = EDGE_CURVE ( 'NONE', #13042, #9404, #11483, .T. ) ;
#6162 = VERTEX_POINT ( 'NONE', #11411 ) ;
#6163 = CARTESIAN_POINT ( 'NONE',  ( -1.395000000000000018, -22.96649999999999991, 4.731784095824815850 ) ) ;
#6164 = LINE ( 'NONE', #929, #326 ) ;
#6165 = CARTESIAN_POINT ( 'NONE',  ( 6.733679656439999661, 3.589199999999999946, -6.956320343559999841 ) ) ;
#6166 = VERTEX_POINT ( 'NONE', #5021 ) ;
#6167 = CARTESIAN_POINT ( 'NONE',  ( 21.75000000000000355, -8.699999999999999289, 15.80886698680999913 ) ) ;
#6168 = CARTESIAN_POINT ( 'NONE',  ( -9.881242789362099543, -17.94999999999999929, -11.50875721063810175 ) ) ;
#6169 = CARTESIAN_POINT ( 'NONE',  ( -16.80000000000000071, 0.000000000000000000, -4.900000000000000355 ) ) ;
#6170 = EDGE_CURVE ( 'NONE', #13097, #3467, #1816, .T. ) ;
#6171 = ADVANCED_FACE ( 'NONE', ( #8348 ), #6195, .F. ) ;
#6172 = EDGE_CURVE ( 'NONE', #2565, #1805, #2330, .T. ) ;
#6173 = ORIENTED_EDGE ( 'NONE', *, *, #7454, .T. ) ;
#6174 = PLANE ( 'NONE',  #6100 ) ;
#6175 = ORIENTED_EDGE ( 'NONE', *, *, #2536, .T. ) ;
#6176 = ORIENTED_EDGE ( 'NONE', *, *, #6187, .F. ) ;
#6177 = LINE ( 'NONE', #5126, #9671 ) ;
#6178 = DIRECTION ( 'NONE',  ( 0.000000000000000000, -0.000000000000000000, -1.000000000000000000 ) ) ;
#6179 = FACE_OUTER_BOUND ( 'NONE', #4449, .T. ) ;
#6180 = ORIENTED_EDGE ( 'NONE', *, *, #3727, .F. ) ;
#6181 = VECTOR ( 'NONE', #9885, 1000.000000000000000 ) ;
#6182 = CARTESIAN_POINT ( 'NONE',  ( -1.395000000000000018, -23.77649999999999864, -1.830000000000000071 ) ) ;
#6183 = ORIENTED_EDGE ( 'NONE', *, *, #665, .T. ) ;
#6184 = EDGE_CURVE ( 'NONE', #3271, #2565, #2802, .T. ) ;
#6185 = EDGE_LOOP ( 'NONE', ( #10895, #6443, #5061, #9921, #3095, #12992, #4477, #1325, #336, #36, #5134, #1663 ) ) ;
#6186 = ORIENTED_EDGE ( 'NONE', *, *, #12734, .T. ) ;
#6187 = EDGE_CURVE ( 'NONE', #3467, #12762, #6259, .T. ) ;
#6188 = PLANE ( 'NONE',  #7645 ) ;
#6189 = EDGE_LOOP ( 'NONE', ( #5247, #11206, #7150, #1443 ) ) ;
#6190 = DIRECTION ( 'NONE',  ( -0.4775043600801140986, 0.8786293792632253741, 0.000000000000000000 ) ) ;
#6191 = DIRECTION ( 'NONE',  ( -0.9953786080823797677, 0.09602825923645798289, 0.000000000000000000 ) ) ;
#6192 = DIRECTION ( 'NONE',  ( 1.000000000000000000, 0.000000000000000000, 0.000000000000000000 ) ) ;
#6193 = FILL_AREA_STYLE ('',( #12456 ) ) ;
#6194 = CARTESIAN_POINT ( 'NONE',  ( 3.064999999999999947, -20.17650000000000077, 13.40000000000000036 ) ) ;
#6195 = CYLINDRICAL_SURFACE ( 'NONE', #12996, 0.1999999999999996503 ) ;
#6196 = LINE ( 'NONE', #125, #2687 ) ;
#6197 = FACE_OUTER_BOUND ( 'NONE', #12736, .T. ) ;
#6198 = EDGE_CURVE ( 'NONE', #747, #13244, #12395, .T. ) ;
#6199 = ORIENTED_EDGE ( 'NONE', *, *, #5953, .T. ) ;
#6200 = ADVANCED_FACE ( 'NONE', ( #6601 ), #7449, .T. ) ;
#6201 = VECTOR ( 'NONE', #4249, 1000.000000000000000 ) ;
#6202 = AXIS2_PLACEMENT_3D ( 'NONE', #9311, #13565, #4103 ) ;
#6203 = VECTOR ( 'NONE', #12337, 1000.000000000000000 ) ;
#6204 = AXIS2_PLACEMENT_3D ( 'NONE', #6871, #8869, #13129 ) ;
#6205 = LINE ( 'NONE', #1109, #8299 ) ;
#6206 = ORIENTED_EDGE ( 'NONE', *, *, #2683, .T. ) ;
#6207 = CARTESIAN_POINT ( 'NONE',  ( 1.394999999999999796, -22.58649999999999736, -4.320000000000000284 ) ) ;
#6208 = CARTESIAN_POINT ( 'NONE',  ( -0.4950000000000002176, -23.06650000000000134, 1.145000000000000240 ) ) ;
#6209 = ORIENTED_EDGE ( 'NONE', *, *, #5170, .T. ) ;
#6210 = PLANE ( 'NONE',  #2876 ) ;
#6211 = VECTOR ( 'NONE', #5707, 1000.000000000000000 ) ;
#6212 = CARTESIAN_POINT ( 'NONE',  ( -16.80000000000000071, 0.000000000000000000, -4.900000000000000355 ) ) ;
#6213 = DIRECTION ( 'NONE',  ( -1.000000000000000000, 0.000000000000000000, 0.000000000000000000 ) ) ;
#6214 = DIRECTION ( 'NONE',  ( 0.000000000000000000, 0.000000000000000000, 1.000000000000000000 ) ) ;
#6215 = DIRECTION ( 'NONE',  ( 0.000000000000000000, 0.000000000000000000, -1.000000000000000000 ) ) ;
#6216 =( GEOMETRIC_REPRESENTATION_CONTEXT ( 3 ) GLOBAL_UNCERTAINTY_ASSIGNED_CONTEXT ( ( #6250 ) ) GLOBAL_UNIT_ASSIGNED_CONTEXT ( ( #12832, #13039, #4398 ) ) REPRESENTATION_CONTEXT ( 'NONE', 'WORKASPACE' ) );
#6217 = ORIENTED_EDGE ( 'NONE', *, *, #10095, .F. ) ;
#6218 = DIRECTION ( 'NONE',  ( 0.000000000000000000, -0.000000000000000000, -1.000000000000000000 ) ) ;
#6219 = EDGE_LOOP ( 'NONE', ( #12512, #12478, #9701, #10153 ) ) ;
#6220 = ORIENTED_EDGE ( 'NONE', *, *, #12896, .T. ) ;
#6221 = CARTESIAN_POINT ( 'NONE',  ( 12.20500000000000007, -17.94999999999999929, -1.880000000000000115 ) ) ;
#6222 = VERTEX_POINT ( 'NONE', #6392 ) ;
#6223 = ORIENTED_EDGE ( 'NONE', *, *, #13106, .T. ) ;
#6224 = CARTESIAN_POINT ( 'NONE',  ( 5.700000000000000178, -3.556500000000000661, -0.1000000000000000056 ) ) ;
#6225 = CARTESIAN_POINT ( 'NONE',  ( -6.207611844575000148, -15.22000000000000242, -4.460000000000000853 ) ) ;
#6226 =( NAMED_UNIT ( * ) SI_UNIT ( $, .STERADIAN. ) SOLID_ANGLE_UNIT ( ) );
#6227 = ORIENTED_EDGE ( 'NONE', *, *, #6430, .T. ) ;
#6228 = EDGE_CURVE ( 'NONE', #539, #1718, #123, .T. ) ;
#6229 = LINE ( 'NONE', #6366, #8648 ) ;
#6230 = AXIS2_PLACEMENT_3D ( 'NONE', #4595, #8827, #5712 ) ;
#6231 = ADVANCED_FACE ( 'NONE', ( #1103 ), #4431, .F. ) ;
#6232 = CARTESIAN_POINT ( 'NONE',  ( 5.500000000000000000, -17.57000000000000384, 7.190000000000000391 ) ) ;
#6233 = LINE ( 'NONE', #8139, #8276 ) ;
#6234 = EDGE_CURVE ( 'NONE', #5338, #6111, #10826, .T. ) ;
#6235 = ADVANCED_FACE ( 'NONE', ( #6529 ), #1317, .T. ) ;
#6236 = EDGE_CURVE ( 'NONE', #3620, #13601, #8546, .T. ) ;
#6237 = AXIS2_PLACEMENT_3D ( 'NONE', #5149, #10220, #7253 ) ;
#6238 = ORIENTED_EDGE ( 'NONE', *, *, #12780, .F. ) ;
#6239 = CARTESIAN_POINT ( 'NONE',  ( -8.269999999999999574, -17.37650000000000006, 4.650000000000000355 ) ) ;
#6240 = VERTEX_POINT ( 'NONE', #12670 ) ;
#6241 = ORIENTED_EDGE ( 'NONE', *, *, #8772, .T. ) ;
#6242 = CARTESIAN_POINT ( 'NONE',  ( -8.294999999999999929, -17.94999999999999929, 4.830000000000000071 ) ) ;
#6243 = DIRECTION ( 'NONE',  ( 0.000000000000000000, 0.000000000000000000, 1.000000000000000000 ) ) ;
#6244 = LINE ( 'NONE', #11389, #13141 ) ;
#6245 = ORIENTED_EDGE ( 'NONE', *, *, #9242, .T. ) ;
#6246 = DIRECTION ( 'NONE',  ( 0.000000000000000000, -0.000000000000000000, 1.000000000000000000 ) ) ;
#6247 = DIRECTION ( 'NONE',  ( -0.000000000000000000, 1.000000000000000000, -0.000000000000000000 ) ) ;
#6248 = ORIENTED_EDGE ( 'NONE', *, *, #2836, .F. ) ;
#6249 = ORIENTED_EDGE ( 'NONE', *, *, #2749, .F. ) ;
#6250 = UNCERTAINTY_MEASURE_WITH_UNIT (LENGTH_MEASURE( 1.000000000000000082E-05 ), #12832, 'distance_accuracy_value', 'NONE');
#6251 = ORIENTED_EDGE ( 'NONE', *, *, #11693, .T. ) ;
#6252 = DIRECTION ( 'NONE',  ( 0.000000000000000000, 0.000000000000000000, -1.000000000000000000 ) ) ;
#6253 = EDGE_LOOP ( 'NONE', ( #1635, #13569, #5192, #8751 ) ) ;
#6254 = DIRECTION ( 'NONE',  ( -1.000000000000000000, -0.000000000000000000, -0.000000000000000000 ) ) ;
#6255 = CARTESIAN_POINT ( 'NONE',  ( 5.724999999999999645, -15.34650000000000070, 3.840000000000000302 ) ) ;
#6256 = DIRECTION ( 'NONE',  ( 0.000000000000000000, 0.000000000000000000, 1.000000000000000000 ) ) ;
#6257 = PRESENTATION_STYLE_ASSIGNMENT (( #9367 ) ) ;
#6258 = DIRECTION ( 'NONE',  ( 0.000000000000000000, 1.000000000000000000, 0.000000000000000000 ) ) ;
#6259 = LINE ( 'NONE', #12527, #12110 ) ;
#6260 = FACE_OUTER_BOUND ( 'NONE', #8379, .T. ) ;
#6261 = CARTESIAN_POINT ( 'NONE',  ( 10.36500000000000021, -22.96649999999999991, 3.509999999999999787 ) ) ;
#6262 = VECTOR ( 'NONE', #4389, 1000.000000000000000 ) ;
#6263 = ORIENTED_EDGE ( 'NONE', *, *, #6482, .F. ) ;
#6264 = VECTOR ( 'NONE', #5544, 1000.000000000000000 ) ;
#6265 = ADVANCED_FACE ( 'NONE', ( #10763 ), #3133, .T. ) ;
#6266 = LINE ( 'NONE', #13704, #9394 ) ;
#6267 = ORIENTED_EDGE ( 'NONE', *, *, #6114, .T. ) ;
#6268 = VECTOR ( 'NONE', #12195, 1000.000000000000000 ) ;
#6269 = DIRECTION ( 'NONE',  ( 0.000000000000000000, 0.000000000000000000, 1.000000000000000000 ) ) ;
#6270 = CARTESIAN_POINT ( 'NONE',  ( -0.4949999999999999956, -23.77649999999999864, 0.5831999999999998296 ) ) ;
#6271 = EDGE_CURVE ( 'NONE', #3460, #4221, #1673, .T. ) ;
#6272 =( NAMED_UNIT ( * ) PLANE_ANGLE_UNIT ( ) SI_UNIT ( $, .RADIAN. ) );
#6273 = LINE ( 'NONE', #5548, #5879 ) ;
#6274 = CARTESIAN_POINT ( 'NONE',  ( 2.285000000000000142, -13.31649999999999956, -4.320000000000000284 ) ) ;
#6275 = LINE ( 'NONE', #10510, #3999 ) ;
#6276 = CARTESIAN_POINT ( 'NONE',  ( -1.270000000000000018, -17.37650000000000006, -4.320000000000000284 ) ) ;
#6277 = ORIENTED_EDGE ( 'NONE', *, *, #10525, .F. ) ;
#6278 = ADVANCED_FACE ( 'NONE', ( #8474 ), #5279, .T. ) ;
#6279 = FACE_OUTER_BOUND ( 'NONE', #13274, .T. ) ;
#6280 = EDGE_LOOP ( 'NONE', ( #5032, #4374, #12621, #11093, #9339 ) ) ;
#6281 = DIRECTION ( 'NONE',  ( 0.000000000000000000, 0.000000000000000000, -1.000000000000000000 ) ) ;
#6282 = AXIS2_PLACEMENT_3D ( 'NONE', #3046, #6311, #1936 ) ;
#6283 = ORIENTED_EDGE ( 'NONE', *, *, #13120, .T. ) ;
#6284 = ORIENTED_EDGE ( 'NONE', *, *, #10164, .F. ) ;
#6285 = DIRECTION ( 'NONE',  ( -1.000000000000000000, 0.000000000000000000, -0.000000000000000000 ) ) ;
#6286 = VECTOR ( 'NONE', #2996, 1000.000000000000000 ) ;
#6287 = ORIENTED_EDGE ( 'NONE', *, *, #8201, .F. ) ;
#6288 = VERTEX_POINT ( 'NONE', #12728 ) ;
#6289 = CARTESIAN_POINT ( 'NONE',  ( -10.36500000000000021, -22.96649999999999991, 4.650000000000000355 ) ) ;
#6290 = PLANE ( 'NONE',  #7886 ) ;
#6291 = DIRECTION ( 'NONE',  ( -0.7071067811865475727, 0.000000000000000000, 0.7071067811865475727 ) ) ;
#6292 = ORIENTED_EDGE ( 'NONE', *, *, #4997, .T. ) ;
#6293 = DIRECTION ( 'NONE',  ( -1.000000000000000000, -0.000000000000000000, -0.000000000000000000 ) ) ;
#6294 = VECTOR ( 'NONE', #5307, 1000.000000000000000 ) ;
#6295 = EDGE_CURVE ( 'NONE', #4847, #3472, #12863, .T. ) ;
#6296 = VECTOR ( 'NONE', #13735, 1000.000000000000000 ) ;
#6297 = DIRECTION ( 'NONE',  ( 0.000000000000000000, -0.000000000000000000, 1.000000000000000000 ) ) ;
#6298 = VECTOR ( 'NONE', #5851, 1000.000000000000000 ) ;
#6299 = CYLINDRICAL_SURFACE ( 'NONE', #3628, 0.9899999999999999911 ) ;
#6300 = PRESENTATION_LAYER_ASSIGNMENT (  '', '', ( #6965 ) ) ;
#6301 = AXIS2_PLACEMENT_3D ( 'NONE', #3865, #8118, #12364 ) ;
#6302 = EDGE_CURVE ( 'NONE', #12533, #9065, #11689, .T. ) ;
#6303 = VERTEX_POINT ( 'NONE', #4798 ) ;
#6305 = CARTESIAN_POINT ( 'NONE',  ( 8.275000000000000355, -17.57000000000000384, 4.850000000000000533 ) ) ;
#6304 = VECTOR ( 'NONE', #416, 1000.000000000000000 ) ;
#6306 = ORIENTED_EDGE ( 'NONE', *, *, #4168, .F. ) ;
#6307 = AXIS2_PLACEMENT_3D ( 'NONE', #12520, #5139, #12451 ) ;
#6308 = VERTEX_POINT ( 'NONE', #9990 ) ;
#6309 = AXIS2_PLACEMENT_3D ( 'NONE', #5234, #13706, #4175 ) ;
#6310 = LINE ( 'NONE', #1935, #8295 ) ;
#6311 = DIRECTION ( 'NONE',  ( -0.000000000000000000, 1.000000000000000000, -0.000000000000000000 ) ) ;
#6312 = EDGE_CURVE ( 'NONE', #8478, #10149, #9428, .T. ) ;
#6313 = FACE_OUTER_BOUND ( 'NONE', #4006, .T. ) ;
#6314 = ORIENTED_EDGE ( 'NONE', *, *, #6613, .T. ) ;
#6315 = VECTOR ( 'NONE', #8298, 1000.000000000000000 ) ;
#6316 = FILL_AREA_STYLE_COLOUR ( '', #9152 ) ;
#6317 = ORIENTED_EDGE ( 'NONE', *, *, #10630, .F. ) ;
#6318 = AXIS2_PLACEMENT_3D ( 'NONE', #3777, #6909, #11146 ) ;
#6319 = ORIENTED_EDGE ( 'NONE', *, *, #8757, .F. ) ;
#6320 = VECTOR ( 'NONE', #6724, 1000.000000000000000 ) ;
#6321 = VECTOR ( 'NONE', #10724, 1000.000000000000000 ) ;
#6322 = EDGE_CURVE ( 'NONE', #7453, #3795, #11948, .T. ) ;
#6323 = VERTEX_POINT ( 'NONE', #10064 ) ;
#6324 = LINE ( 'NONE', #13622, #13386 ) ;
#6325 = ORIENTED_EDGE ( 'NONE', *, *, #10811, .T. ) ;
#6326 = VECTOR ( 'NONE', #2724, 1000.000000000000000 ) ;
#6327 = DIRECTION ( 'NONE',  ( 0.000000000000000000, 0.000000000000000000, 1.000000000000000000 ) ) ;
#6328 = DIRECTION ( 'NONE',  ( 0.000000000000000000, 0.000000000000000000, -1.000000000000000000 ) ) ;
#6329 = DIRECTION ( 'NONE',  ( -0.000000000000000000, 0.000000000000000000, 1.000000000000000000 ) ) ;
#6330 =( NAMED_UNIT ( * ) PLANE_ANGLE_UNIT ( ) SI_UNIT ( $, .RADIAN. ) );
#6331 = DIRECTION ( 'NONE',  ( 0.000000000000000000, 0.000000000000000000, 1.000000000000000000 ) ) ;
#6332 = VECTOR ( 'NONE', #7947, 1000.000000000000000 ) ;
#6333 = DIRECTION ( 'NONE',  ( 0.000000000000000000, 1.000000000000000000, 0.000000000000000000 ) ) ;
#6334 = AXIS2_PLACEMENT_3D ( 'NONE', #7604, #6421, #4264 ) ;
#6335 = CARTESIAN_POINT ( 'NONE',  ( -20.00000000000000000, -8.699999999999999289, 13.40886698681000055 ) ) ;
#6336 = CARTESIAN_POINT ( 'NONE',  ( -5.730000000000000426, -19.40650000000000119, 4.650000000000000355 ) ) ;
#6337 = ORIENTED_EDGE ( 'NONE', *, *, #1419, .T. ) ;
#6338 = ADVANCED_FACE ( 'NONE', ( #1588 ), #6942, .T. ) ;
#6339 = VECTOR ( 'NONE', #4578, 1000.000000000000000 ) ;
#6340 = STYLED_ITEM ( 'NONE', ( #3724 ), #9029 ) ;
#6341 = CARTESIAN_POINT ( 'NONE',  ( 8.320800000000000196, -2.337200000000000166, -0.5000000000000002220 ) ) ;
#6342 = CIRCLE ( 'NONE', #10568, 0.2000000000000000944 ) ;
#6343 = ORIENTED_EDGE ( 'NONE', *, *, #9879, .F. ) ;
#6344 = CARTESIAN_POINT ( 'NONE',  ( 5.730000000000000426, -21.18649999999999878, 4.650000000000000355 ) ) ;
#6345 = DIRECTION ( 'NONE',  ( -0.000000000000000000, 1.000000000000000000, 0.000000000000000000 ) ) ;
#6346 = PLANE ( 'NONE',  #1158 ) ;
#6347 = CARTESIAN_POINT ( 'NONE',  ( 1.475000000000000089, -13.31649999999999956, -3.310000000018499922 ) ) ;
#6348 = DIRECTION ( 'NONE',  ( 1.000000000000000000, 0.000000000000000000, -0.000000000000000000 ) ) ;
#6349 = CARTESIAN_POINT ( 'NONE',  ( -9.285000000000000142, -15.34650000000000070, -0.1000000000000001721 ) ) ;
#6350 = FACE_BOUND ( 'NONE', #10817, .T. ) ;
#6351 = VERTEX_POINT ( 'NONE', #2489 ) ;
#6352 = CARTESIAN_POINT ( 'NONE',  ( 3.365000000000000213, -22.96649999999999991, -3.509999999999999787 ) ) ;
#6353 = EDGE_CURVE ( 'NONE', #13585, #6501, #13270, .T. ) ;
#6354 = ORIENTED_EDGE ( 'NONE', *, *, #6572, .T. ) ;
#6355 = FILL_AREA_STYLE ('',( #11641 ) ) ;
#6356 = ORIENTED_EDGE ( 'NONE', *, *, #1419, .F. ) ;
#6357 = ORIENTED_EDGE ( 'NONE', *, *, #2575, .T. ) ;
#6358 = EDGE_CURVE ( 'NONE', #1505, #8304, #6737, .T. ) ;
#6359 = ORIENTED_EDGE ( 'NONE', *, *, #4464, .T. ) ;
#6360 = EDGE_LOOP ( 'NONE', ( #8341, #5830, #6691, #12031, #1563, #13573, #6122, #8825, #1736, #7466, #3503, #751, #10782, #7545 ) ) ;
#6361 = CARTESIAN_POINT ( 'NONE',  ( -1.294999999999999929, -23.77649999999999864, 1.145000000000000240 ) ) ;
#6362 = SURFACE_STYLE_USAGE ( .BOTH. , #153 ) ;
#6363 = LINE ( 'NONE', #226, #8750 ) ;
#6364 = ORIENTED_EDGE ( 'NONE', *, *, #12008, .T. ) ;
#6365 = PLANE ( 'NONE',  #10515 ) ;
#6366 = CARTESIAN_POINT ( 'NONE',  ( -1.780000000000000027, -2.673278531665000290, 0.4299999999999998268 ) ) ;
#6367 = VECTOR ( 'NONE', #1982, 1000.000000000000000 ) ;
#6368 = DIRECTION ( 'NONE',  ( -0.9953786080823797677, -0.09602825923645798289, 0.000000000000000000 ) ) ;
#6369 = EDGE_CURVE ( 'NONE', #974, #5469, #13066, .T. ) ;
#6370 = EDGE_CURVE ( 'NONE', #5684, #2520, #10138, .T. ) ;
#6371 = ORIENTED_EDGE ( 'NONE', *, *, #3798, .T. ) ;
#6372 = CARTESIAN_POINT ( 'NONE',  ( -10.80380592229270320, 3.200000000000000178, -9.056194077710296497 ) ) ;
#6373 = ORIENTED_EDGE ( 'NONE', *, *, #10335, .F. ) ;
#6374 = COLOUR_RGB ( '',1.000000000000000000, 1.000000000000000000, 1.000000000000000000 ) ;
#6375 = ORIENTED_EDGE ( 'NONE', *, *, #3796, .T. ) ;
#6376 = CARTESIAN_POINT ( 'NONE',  ( 1.294999999999999929, -15.34650000000000070, -4.320000000000000284 ) ) ;
#6377 = LINE ( 'NONE', #4411, #10273 ) ;
#6378 = DIRECTION ( 'NONE',  ( 0.000000000000000000, -0.000000000000000000, -1.000000000000000000 ) ) ;
#6379 = VERTEX_POINT ( 'NONE', #11118 ) ;
#6380 = PRESENTATION_STYLE_ASSIGNMENT (( #12714 ) ) ;
#6381 = ORIENTED_EDGE ( 'NONE', *, *, #10462, .F. ) ;
#6382 = ORIENTED_EDGE ( 'NONE', *, *, #2966, .T. ) ;
#6383 = EDGE_CURVE ( 'NONE', #6501, #11106, #9926, .T. ) ;
#6384 = ORIENTED_EDGE ( 'NONE', *, *, #7596, .T. ) ;
#6385 = LINE ( 'NONE', #7561, #3418 ) ;
#6386 = ORIENTED_EDGE ( 'NONE', *, *, #3173, .T. ) ;
#6387 = DIRECTION ( 'NONE',  ( -0.000000000000000000, -1.000000000000000000, -0.000000000000000000 ) ) ;
#6388 = DIRECTION ( 'NONE',  ( 0.000000000000000000, -0.000000000000000000, -1.000000000000000000 ) ) ;
#6389 = CARTESIAN_POINT ( 'NONE',  ( 9.414999999999999147, -17.94999999999999929, 4.500000000000000888 ) ) ;
#6390 = DIRECTION ( 'NONE',  ( 0.000000000000000000, 0.000000000000000000, 1.000000000000000000 ) ) ;
#6391 = CARTESIAN_POINT ( 'NONE',  ( -1.395000000000000018, -23.77649999999999864, 15.74000000000000021 ) ) ;
#6392 = CARTESIAN_POINT ( 'NONE',  ( 14.85999999999999943, -15.22000000000000242, 4.960000000000000853 ) ) ;
#6393 = FACE_OUTER_BOUND ( 'NONE', #6738, .T. ) ;
#6394 = ADVANCED_FACE ( 'NONE', ( #3674 ), #3463, .T. ) ;
#6395 = LINE ( 'NONE', #12927, #11971 ) ;
#6396 = ORIENTED_EDGE ( 'NONE', *, *, #3577, .F. ) ;
#6397 = EDGE_CURVE ( 'NONE', #10333, #6479, #7842, .T. ) ;
#6398 = DIRECTION ( 'NONE',  ( 0.000000000000000000, -1.000000000000000000, 0.000000000000000000 ) ) ;
#6399 = ORIENTED_EDGE ( 'NONE', *, *, #11303, .F. ) ;
#6400 = ORIENTED_EDGE ( 'NONE', *, *, #3470, .F. ) ;
#6401 = CARTESIAN_POINT ( 'NONE',  ( 0.000000000000000000, -19.40650000000000119, -6.860000000000000320 ) ) ;
#6402 = DIRECTION ( 'NONE',  ( -0.7071067811865474617, 0.000000000000000000, 0.7071067811865474617 ) ) ;
#6403 = DIRECTION ( 'NONE',  ( -0.000000000000000000, 0.000000000000000000, -1.000000000000000000 ) ) ;
#6404 = LINE ( 'NONE', #11899, #1322 ) ;
#6405 = FILL_AREA_STYLE_COLOUR ( '', #6767 ) ;
#6406 = LINE ( 'NONE', #11901, #12679 ) ;
#6407 = CARTESIAN_POINT ( 'NONE',  ( 13.50000000000000000, -2.399999999999999911, 14.30000000000000071 ) ) ;
#6408 = EDGE_LOOP ( 'NONE', ( #3464, #10463, #13728, #6991 ) ) ;
#6409 = VECTOR ( 'NONE', #361, 1000.000000000000000 ) ;
#6410 = CARTESIAN_POINT ( 'NONE',  ( 8.269999999999999574, -19.40650000000000119, 4.650000000000000355 ) ) ;
#6411 = ORIENTED_EDGE ( 'NONE', *, *, #10335, .T. ) ;
#6412 = STYLED_ITEM ( 'NONE', ( #3974 ), #4709 ) ;
#6413 = ORIENTED_EDGE ( 'NONE', *, *, #6634, .T. ) ;
#6414 = CARTESIAN_POINT ( 'NONE',  ( 2.415000000000000036, -2.337200000000000166, -4.500000000000000888 ) ) ;
#6415 = CIRCLE ( 'NONE', #11309, 4.749999999999999112 ) ;
#6416 = ORIENTED_EDGE ( 'NONE', *, *, #12477, .F. ) ;
#6417 = STYLED_ITEM ( 'NONE', ( #6672 ), #2125 ) ;
#6419 = VERTEX_POINT ( 'NONE', #7985 ) ;
#6418 = FILL_AREA_STYLE ('',( #11320 ) ) ;
#6420 = LINE ( 'NONE', #11775, #2592 ) ;
#6421 = DIRECTION ( 'NONE',  ( -0.000000000000000000, -1.000000000000000000, -0.000000000000000000 ) ) ;
#6422 = CARTESIAN_POINT ( 'NONE',  ( 5.500000000000000000, -17.94999999999999929, 7.190000000000000391 ) ) ;
#6423 = ORIENTED_EDGE ( 'NONE', *, *, #2948, .T. ) ;
#6424 = ADVANCED_FACE ( 'NONE', ( #5694 ), #2568, .T. ) ;
#6425 = CARTESIAN_POINT ( 'NONE',  ( -15.94999999999999929, -17.94999999999999929, -3.472485578728000011 ) ) ;
#6426 = PRESENTATION_STYLE_ASSIGNMENT (( #9681 ) ) ;
#6427 = LINE ( 'NONE', #9413, #6080 ) ;
#6428 = VECTOR ( 'NONE', #12457, 1000.000000000000000 ) ;
#6429 = VECTOR ( 'NONE', #1701, 1000.000000000000000 ) ;
#6430 = EDGE_CURVE ( 'NONE', #5939, #1123, #8746, .T. ) ;
#6431 = ORIENTED_EDGE ( 'NONE', *, *, #1445, .T. ) ;
#6432 = PLANE ( 'NONE',  #7190 ) ;
#6433 = ORIENTED_EDGE ( 'NONE', *, *, #3755, .T. ) ;
#6434 = ORIENTED_EDGE ( 'NONE', *, *, #13754, .T. ) ;
#6435 = LINE ( 'NONE', #10673, #364 ) ;
#6436 = CARTESIAN_POINT ( 'NONE',  ( 3.149999999999999911, -22.58650000000000091, -3.509999999999999787 ) ) ;
#6437 = VECTOR ( 'NONE', #10362, 1000.000000000000000 ) ;
#6438 = ADVANCED_FACE ( 'NONE', ( #5826 ), #544, .F. ) ;
#6439 = PLANE ( 'NONE',  #9194 ) ;
#6440 = ORIENTED_EDGE ( 'NONE', *, *, #2023, .T. ) ;
#6441 = DIRECTION ( 'NONE',  ( -0.000000000000000000, -1.000000000000000000, -0.000000000000000000 ) ) ;
#6442 = ADVANCED_FACE ( 'NONE', ( #1379 ), #7708, .F. ) ;
#6443 = ORIENTED_EDGE ( 'NONE', *, *, #10252, .F. ) ;
#6444 = VERTEX_POINT ( 'NONE', #11184 ) ;
#6445 = EDGE_CURVE ( 'NONE', #8359, #13525, #8812, .T. ) ;
#6446 = VECTOR ( 'NONE', #1989, 1000.000000000000000 ) ;
#6447 = ORIENTED_EDGE ( 'NONE', *, *, #2061, .T. ) ;
#6448 = CARTESIAN_POINT ( 'NONE',  ( -8.800000000000000711, 0.000000000000000000, 4.900000000000000355 ) ) ;
#6449 = ORIENTED_EDGE ( 'NONE', *, *, #3139, .F. ) ;
#6450 = LINE ( 'NONE', #6728, #3397 ) ;
#6451 = PLANE ( 'NONE',  #2834 ) ;
#6452 = DIRECTION ( 'NONE',  ( 0.000000000000000000, 0.000000000000000000, -1.000000000000000000 ) ) ;
#6453 = FACE_OUTER_BOUND ( 'NONE', #12791, .T. ) ;
#6454 = VERTEX_POINT ( 'NONE', #3529 ) ;
#6455 = DIRECTION ( 'NONE',  ( 0.000000000000000000, -1.000000000000000000, 0.000000000000000000 ) ) ;
#6456 = DIRECTION ( 'NONE',  ( -0.4775043600801141541, 0.8786293792632253741, -0.000000000000000000 ) ) ;
#6457 = ADVANCED_FACE ( 'NONE', ( #7090 ), #13612, .F. ) ;
#6458 = FACE_OUTER_BOUND ( 'NONE', #6185, .T. ) ;
#6459 = FACE_OUTER_BOUND ( 'NONE', #10976, .T. ) ;
#6460 = ORIENTED_EDGE ( 'NONE', *, *, #12329, .F. ) ;
#6461 = CARTESIAN_POINT ( 'NONE',  ( -0.4950000000000002176, -23.06650000000000134, -1.654999999999998472 ) ) ;
#6462 = VERTEX_POINT ( 'NONE', #4926 ) ;
#6463 = ORIENTED_EDGE ( 'NONE', *, *, #4684, .F. ) ;
#6464 = ADVANCED_FACE ( 'NONE', ( #684 ), #9163, .T. ) ;
#6465 = DIRECTION ( 'NONE',  ( 0.000000000000000000, 0.000000000000000000, -1.000000000000000000 ) ) ;
#6466 = DIRECTION ( 'NONE',  ( 0.000000000000000000, 1.000000000000000000, 0.000000000000000000 ) ) ;
#6467 = DIRECTION ( 'NONE',  ( -0.000000000000000000, 1.000000000000000000, -0.000000000000000000 ) ) ;
#6468 = EDGE_CURVE ( 'NONE', #12836, #7357, #9238, .T. ) ;
#6469 = LINE ( 'NONE', #3145, #3975 ) ;
#6470 = EDGE_CURVE ( 'NONE', #10445, #6288, #890, .T. ) ;
#6471 = VECTOR ( 'NONE', #11112, 1000.000000000000000 ) ;
#6472 =( NAMED_UNIT ( * ) PLANE_ANGLE_UNIT ( ) SI_UNIT ( $, .RADIAN. ) );
#6473 = CARTESIAN_POINT ( 'NONE',  ( -4.714999999999999858, -12.04649999999999999, 3.629999999999999893 ) ) ;
#6474 = CARTESIAN_POINT ( 'NONE',  ( 0.000000000000000000, -2.399999999999999911, -14.30000000000000071 ) ) ;
#6475 = ORIENTED_EDGE ( 'NONE', *, *, #12583, .F. ) ;
#6476 = UNCERTAINTY_MEASURE_WITH_UNIT (LENGTH_MEASURE( 1.000000000000000082E-05 ), #7635, 'distance_accuracy_value', 'NONE');
#6477 = DIRECTION ( 'NONE',  ( -0.000000000000000000, -1.000000000000000000, -0.000000000000000000 ) ) ;
#6478 = CIRCLE ( 'NONE', #13597, 3.000000000000000000 ) ;
#6479 = VERTEX_POINT ( 'NONE', #13481 ) ;
#6480 = DIRECTION ( 'NONE',  ( -0.7071067811865474617, 0.000000000000000000, 0.7071067811865474617 ) ) ;
#6481 = VECTOR ( 'NONE', #1735, 1000.000000000000000 ) ;
#6482 = EDGE_CURVE ( 'NONE', #4631, #12695, #13337, .T. ) ;
#6483 = CARTESIAN_POINT ( 'NONE',  ( 1.270000000000000018, -17.37650000000000006, -3.509999999999999787 ) ) ;
#6484 = CARTESIAN_POINT ( 'NONE',  ( 18.36268000000000100, -23.77650000000000219, 4.940000000000000391 ) ) ;
#6485 = EDGE_LOOP ( 'NONE', ( #2591, #13053, #435, #12 ) ) ;
#6486 = ORIENTED_EDGE ( 'NONE', *, *, #5920, .T. ) ;
#6487 = LINE ( 'NONE', #5446, #11481 ) ;
#6488 = FACE_OUTER_BOUND ( 'NONE', #9115, .T. ) ;
#6489 = CARTESIAN_POINT ( 'NONE',  ( 0.000000000000000000, -2.337200000000000166, 0.000000000000000000 ) ) ;
#6490 = CIRCLE ( 'NONE', #10032, 0.2000000000000000944 ) ;
#6491 = LINE ( 'NONE', #9811, #528 ) ;
#6492 = PLANE ( 'NONE',  #12673 ) ;
#6493 = PLANE ( 'NONE',  #3522 ) ;
#6494 = VECTOR ( 'NONE', #11961, 1000.000000000000000 ) ;
#6495 = CARTESIAN_POINT ( 'NONE',  ( -8.275000000000000355, -15.34650000000000070, 3.640000000000000124 ) ) ;
#6496 = VECTOR ( 'NONE', #9556, 1000.000000000000000 ) ;
#6497 = EDGE_LOOP ( 'NONE', ( #860, #2476, #6593, #8398 ) ) ;
#6498 = ORIENTED_EDGE ( 'NONE', *, *, #11905, .T. ) ;
#6499 = FACE_OUTER_BOUND ( 'NONE', #13457, .T. ) ;
#6500 = ORIENTED_EDGE ( 'NONE', *, *, #1012, .F. ) ;
#6501 = VERTEX_POINT ( 'NONE', #2852 ) ;
#6502 = CARTESIAN_POINT ( 'NONE',  ( 2.285000000000000142, -13.31649999999999956, 0.4299999999999998823 ) ) ;
#6503 = CARTESIAN_POINT ( 'NONE',  ( 0.005000000000000000104, -24.26650000000000063, -1.654999999999996696 ) ) ;
#6504 = DIRECTION ( 'NONE',  ( 0.4775043600801140986, 0.8786293792632253741, 0.000000000000000000 ) ) ;
#6505 = ORIENTED_EDGE ( 'NONE', *, *, #13754, .F. ) ;
#6506 = VECTOR ( 'NONE', #6402, 1000.000000000000114 ) ;
#6507 = PRESENTATION_LAYER_ASSIGNMENT (  '', '', ( #2075 ) ) ;
#6508 = CARTESIAN_POINT ( 'NONE',  ( 4.771619048833879440, -17.94999999999999929, 4.500000000000000888 ) ) ;
#6509 = AXIS2_PLACEMENT_3D ( 'NONE', #8190, #9487, #2978 ) ;
#6510 =( LENGTH_UNIT ( ) NAMED_UNIT ( * ) SI_UNIT ( .MILLI., .METRE. ) );
#6511 = ORIENTED_EDGE ( 'NONE', *, *, #4340, .T. ) ;
#6512 = EDGE_LOOP ( 'NONE', ( #2610, #9230, #4627, #9988 ) ) ;
#6513 = EDGE_CURVE ( 'NONE', #7772, #2827, #12305, .T. ) ;
#6514 = AXIS2_PLACEMENT_3D ( 'NONE', #12391, #9035, #2646 ) ;
#6515 = ORIENTED_EDGE ( 'NONE', *, *, #11071, .T. ) ;
#6516 = DIRECTION ( 'NONE',  ( 1.000000000000000000, 0.000000000000000000, 0.000000000000000000 ) ) ;
#6517 = AXIS2_PLACEMENT_3D ( 'NONE', #13673, #11658, #10602 ) ;
#6518 = VECTOR ( 'NONE', #1122, 1000.000000000000000 ) ;
#6519 = ORIENTED_EDGE ( 'NONE', *, *, #6762, .F. ) ;
#6520 = DIRECTION ( 'NONE',  ( 0.000000000000000000, 0.000000000000000000, 1.000000000000000000 ) ) ;
#6521 = DIRECTION ( 'NONE',  ( 1.000000000000000000, -0.000000000000000000, 0.000000000000000000 ) ) ;
#6522 = DIRECTION ( 'NONE',  ( -0.000000000000000000, -1.000000000000000000, -0.000000000000000000 ) ) ;
#6523 = CARTESIAN_POINT ( 'NONE',  ( 0.000000000000000000, -17.94999999999999929, 0.000000000000000000 ) ) ;
#6524 = EDGE_CURVE ( 'NONE', #8957, #2753, #268, .T. ) ;
#6525 = EDGE_LOOP ( 'NONE', ( #3947, #5887, #6158, #3875 ) ) ;
#6526 = PLANE ( 'NONE',  #342 ) ;
#6528 = PRESENTATION_LAYER_ASSIGNMENT (  '', '', ( #6750 ) ) ;
#6527 = FACE_OUTER_BOUND ( 'NONE', #2417, .T. ) ;
#6529 = FACE_OUTER_BOUND ( 'NONE', #5349, .T. ) ;
#6530 = ORIENTED_EDGE ( 'NONE', *, *, #12046, .T. ) ;
#6531 = AXIS2_PLACEMENT_3D ( 'NONE', #3194, #6516, #4293 ) ;
#6532 = LINE ( 'NONE', #9576, #12458 ) ;
#6533 = DIRECTION ( 'NONE',  ( 0.000000000000000000, 0.000000000000000000, 1.000000000000000000 ) ) ;
#6534 = CIRCLE ( 'NONE', #3876, 0.9900000000000004352 ) ;
#6535 = ORIENTED_EDGE ( 'NONE', *, *, #7671, .F. ) ;
#6536 = EDGE_CURVE ( 'NONE', #6774, #1758, #10202, .T. ) ;
#6537 = CARTESIAN_POINT ( 'NONE',  ( -8.859999999999999432, 3.200000000000000178, 4.959999999999999964 ) ) ;
#6538 = EDGE_CURVE ( 'NONE', #6084, #6323, #9803, .T. ) ;
#6539 = ORIENTED_EDGE ( 'NONE', *, *, #705, .F. ) ;
#6540 = ORIENTED_EDGE ( 'NONE', *, *, #13450, .T. ) ;
#6541 = DIRECTION ( 'NONE',  ( -1.000000000000000000, 0.000000000000000000, -0.000000000000000000 ) ) ;
#6542 = DIRECTION ( 'NONE',  ( 1.000000000000000000, 0.000000000000000000, -0.000000000000000000 ) ) ;
#6543 = VECTOR ( 'NONE', #10102, 1000.000000000000000 ) ;
#6544 = DIRECTION ( 'NONE',  ( 0.000000000000000000, 0.000000000000000000, 1.000000000000000000 ) ) ;
#6545 = EDGE_CURVE ( 'NONE', #10541, #12014, #7158, .T. ) ;
#6546 = CARTESIAN_POINT ( 'NONE',  ( -8.300000000000000711, -3.556500000000000217, 4.650000000000000355 ) ) ;
#6547 = PLANE ( 'NONE',  #13422 ) ;
#6548 = DIRECTION ( 'NONE',  ( 1.000000000000000000, 0.000000000000000000, 0.000000000000000000 ) ) ;
#6549 = VECTOR ( 'NONE', #8279, 1000.000000000000000 ) ;
#6550 = CARTESIAN_POINT ( 'NONE',  ( -0.6350000000000000089, -23.77649999999999508, 15.74000000000000021 ) ) ;
#6551 = ORIENTED_EDGE ( 'NONE', *, *, #5184, .F. ) ;
#6552 = LINE ( 'NONE', #3416, #12638 ) ;
#6553 = EDGE_CURVE ( 'NONE', #3400, #13661, #8332, .T. ) ;
#6554 = VECTOR ( 'NONE', #10063, 1000.000000000000000 ) ;
#6555 = AXIS2_PLACEMENT_3D ( 'NONE', #1208, #5447, #3235 ) ;
#6556 = EDGE_CURVE ( 'NONE', #3657, #124, #5966, .T. ) ;
#6557 = VERTEX_POINT ( 'NONE', #10347 ) ;
#6558 = CARTESIAN_POINT ( 'NONE',  ( 8.294999999999999929, -19.40650000000000119, 4.830000000000000071 ) ) ;
#6559 = ADVANCED_FACE ( 'NONE', ( #828 ), #5068, .T. ) ;
#6560 = ORIENTED_EDGE ( 'NONE', *, *, #9110, .T. ) ;
#6561 = CARTESIAN_POINT ( 'NONE',  ( 5.730000000000000426, -2.337200000000000166, 4.500000000000000888 ) ) ;
#6562 = EDGE_LOOP ( 'NONE', ( #239, #4416, #11615, #9634 ) ) ;
#6564 = ORIENTED_EDGE ( 'NONE', *, *, #2237, .F. ) ;
#6563 = DIRECTION ( 'NONE',  ( 0.000000000000000000, 1.000000000000000000, 0.000000000000000000 ) ) ;
#6565 = LINE ( 'NONE', #6361, #9028 ) ;
#6566 = DIRECTION ( 'NONE',  ( -5.256737805990324839E-15, 0.000000000000000000, -1.000000000000000000 ) ) ;
#6567 = LINE ( 'NONE', #2385, #10538 ) ;
#6568 = FACE_BOUND ( 'NONE', #5456, .T. ) ;
#6569 = PLANE ( 'NONE',  #1763 ) ;
#6570 = CARTESIAN_POINT ( 'NONE',  ( -9.285000000000000142, -17.94999999999999929, 4.830000000000000071 ) ) ;
#6571 = EDGE_CURVE ( 'NONE', #3687, #309, #3810, .T. ) ;
#6572 = EDGE_CURVE ( 'NONE', #8722, #10264, #8055, .T. ) ;
#6573 = APPLICATION_PROTOCOL_DEFINITION ( 'draft international standard', 'automotive_design', 1998, #12304 ) ;
#6574 = EDGE_CURVE ( 'NONE', #12341, #10586, #10407, .T. ) ;
#6575 = ORIENTED_EDGE ( 'NONE', *, *, #12954, .T. ) ;
#6576 = ORIENTED_EDGE ( 'NONE', *, *, #2453, .F. ) ;
#6577 = CARTESIAN_POINT ( 'NONE',  ( 12.50000000000000000, 0.000000000000000000, -14.30000000000000071 ) ) ;
#6578 = ORIENTED_EDGE ( 'NONE', *, *, #3056, .T. ) ;
#6579 = ORIENTED_EDGE ( 'NONE', *, *, #9482, .T. ) ;
#6580 = LINE ( 'NONE', #4410, #10786 ) ;
#6581 = CARTESIAN_POINT ( 'NONE',  ( -8.269999999999999574, -19.40650000000000119, 4.650000000000000355 ) ) ;
#6582 = CARTESIAN_POINT ( 'NONE',  ( 8.269999999999999574, -15.34650000000000070, 3.840000000000000302 ) ) ;
#6583 = VECTOR ( 'NONE', #3247, 1000.000000000000000 ) ;
#6584 = ORIENTED_EDGE ( 'NONE', *, *, #8637, .T. ) ;
#6585 = DIRECTION ( 'NONE',  ( 0.000000000000000000, -1.000000000000000000, -0.000000000000000000 ) ) ;
#6586 = EDGE_CURVE ( 'NONE', #759, #10543, #7237, .T. ) ;
#6587 = ORIENTED_EDGE ( 'NONE', *, *, #12816, .F. ) ;
#6588 = ORIENTED_EDGE ( 'NONE', *, *, #3249, .F. ) ;
#6589 = ADVANCED_FACE ( 'NONE', ( #1941 ), #5131, .T. ) ;
#6590 = VECTOR ( 'NONE', #5576, 1000.000000000000000 ) ;
#6591 = ORIENTED_EDGE ( 'NONE', *, *, #7039, .F. ) ;
#6592 = DIRECTION ( 'NONE',  ( 0.000000000000000000, 1.000000000000000000, 0.000000000000000000 ) ) ;
#6593 = ORIENTED_EDGE ( 'NONE', *, *, #4591, .F. ) ;
#6594 = CARTESIAN_POINT ( 'NONE',  ( -3.850000000000000089, -21.18649999999999878, 4.650000000000000355 ) ) ;
#6595 = FILL_AREA_STYLE_COLOUR ( '', #6374 ) ;
#6596 = DIRECTION ( 'NONE',  ( 0.000000000000000000, 1.000000000000000000, 0.000000000000000000 ) ) ;
#6597 = EDGE_LOOP ( 'NONE', ( #2512, #287, #13319, #7217 ) ) ;
#6598 = EDGE_LOOP ( 'NONE', ( #11069, #13052, #7226, #5813, #11857, #13433 ) ) ;
#6599 = FACE_OUTER_BOUND ( 'NONE', #11808, .T. ) ;
#6600 = CARTESIAN_POINT ( 'NONE',  ( -4.714999999999999858, -13.31649999999999956, 3.629999999999999893 ) ) ;
#6601 = FACE_OUTER_BOUND ( 'NONE', #7705, .T. ) ;
#6602 = ORIENTED_EDGE ( 'NONE', *, *, #10603, .T. ) ;
#6603 = FILL_AREA_STYLE_COLOUR ( '', #7558 ) ;
#6604 = VERTEX_POINT ( 'NONE', #13684 ) ;
#6605 = EDGE_CURVE ( 'NONE', #9197, #10896, #5270, .T. ) ;
#6606 = LINE ( 'NONE', #11891, #5637 ) ;
#6607 = VERTEX_POINT ( 'NONE', #8396 ) ;
#6608 = VERTEX_POINT ( 'NONE', #13745 ) ;
#6609 = LINE ( 'NONE', #10909, #13415 ) ;
#6610 = CARTESIAN_POINT ( 'NONE',  ( 10.93500000000000050, -20.17650000000000077, 4.500000000000000888 ) ) ;
#6611 = CARTESIAN_POINT ( 'NONE',  ( -8.352477888072000312, -12.04649999999999999, 3.629999999999999893 ) ) ;
#6612 = DIRECTION ( 'NONE',  ( -1.000000000000000000, -0.000000000000000000, -0.000000000000000000 ) ) ;
#6613 = EDGE_CURVE ( 'NONE', #2702, #8586, #4220, .T. ) ;
#6614 = CARTESIAN_POINT ( 'NONE',  ( 0.5100000000000033396, -3.313815743960001559, -4.320000000000000284 ) ) ;
#6615 = CARTESIAN_POINT ( 'NONE',  ( -5.931689797203024028, -2.286500000000043276, -0.1000000000000001305 ) ) ;
#6616 = CARTESIAN_POINT ( 'NONE',  ( 10.55132034356000048, 3.589199999999999946, -3.138679656439999022 ) ) ;
#6617 = EDGE_CURVE ( 'NONE', #999, #13506, #3254, .T. ) ;
#6618 = EDGE_LOOP ( 'NONE', ( #8686, #12756, #6217, #3245 ) ) ;
#6619 = CARTESIAN_POINT ( 'NONE',  ( -24.89999999999999858, 0.000000000000000000, 15.80886698680999913 ) ) ;
#6620 = ADVANCED_FACE ( 'NONE', ( #10746 ), #9631, .F. ) ;
#6621 = ORIENTED_EDGE ( 'NONE', *, *, #4319, .F. ) ;
#6622 = CARTESIAN_POINT ( 'NONE',  ( -20.00000000000000000, 0.000000000000000000, 1.750000000000000000 ) ) ;
#6623 = FACE_OUTER_BOUND ( 'NONE', #6915, .T. ) ;
#6624 = CARTESIAN_POINT ( 'NONE',  ( -2.285000000000000142, -15.34650000000000070, -3.509999999999999787 ) ) ;
#6626 = ORIENTED_EDGE ( 'NONE', *, *, #8516, .T. ) ;
#6625 = PRESENTATION_STYLE_ASSIGNMENT (( #3293 ) ) ;
#6627 = DIRECTION ( 'NONE',  ( 0.000000000000000000, -1.000000000000000000, 0.000000000000000000 ) ) ;
#6628 = DIRECTION ( 'NONE',  ( 0.000000000000000000, -1.000000000000000000, 0.000000000000000000 ) ) ;
#6629 = CARTESIAN_POINT ( 'NONE',  ( 20.00000000000000000, 0.000000000000000000, 0.000000000000000000 ) ) ;
#6630 = VECTOR ( 'NONE', #11904, 1000.000000000000000 ) ;
#6631 = DIRECTION ( 'NONE',  ( 0.000000000000000000, -1.000000000000000000, -0.000000000000000000 ) ) ;
#6632 = DIRECTION ( 'NONE',  ( 1.000000000000000000, 0.000000000000000000, 0.000000000000000000 ) ) ;
#6633 = DIRECTION ( 'NONE',  ( 0.000000000000000000, 0.000000000000000000, -1.000000000000000000 ) ) ;
#6634 = EDGE_CURVE ( 'NONE', #13195, #9531, #1976, .T. ) ;
#6635 = CIRCLE ( 'NONE', #1085, 0.9899999999999995470 ) ;
#6636 = MECHANICAL_DESIGN_GEOMETRIC_PRESENTATION_REPRESENTATION (  '', ( #4637 ), #1087 ) ;
#6637 = AXIS2_PLACEMENT_3D ( 'NONE', #7452, #3330, #6533 ) ;
#6638 = VECTOR ( 'NONE', #11073, 1000.000000000000000 ) ;
#6639 = COLOUR_RGB ( '',1.000000000000000000, 1.000000000000000000, 1.000000000000000000 ) ;
#6640 = ORIENTED_EDGE ( 'NONE', *, *, #7513, .T. ) ;
#6641 = VERTEX_POINT ( 'NONE', #12483 ) ;
#6642 = ORIENTED_EDGE ( 'NONE', *, *, #5620, .F. ) ;
#6643 = EDGE_LOOP ( 'NONE', ( #13741, #585, #4217, #7908 ) ) ;
#6644 = EDGE_CURVE ( 'NONE', #3315, #5669, #8373, .T. ) ;
#6645 = LINE ( 'NONE', #4553, #5464 ) ;
#6646 = LINE ( 'NONE', #12708, #2067 ) ;
#6647 = DIRECTION ( 'NONE',  ( 0.000000000000000000, 0.000000000000000000, -1.000000000000000000 ) ) ;
#6648 = VERTEX_POINT ( 'NONE', #2955 ) ;
#6649 = EDGE_CURVE ( 'NONE', #10589, #7400, #9274, .T. ) ;
#6650 = VECTOR ( 'NONE', #7928, 1000.000000000000227 ) ;
#6651 = CYLINDRICAL_SURFACE ( 'NONE', #2886, 0.2000000000000000944 ) ;
#6652 = EDGE_CURVE ( 'NONE', #9915, #12481, #10321, .T. ) ;
#6653 = CARTESIAN_POINT ( 'NONE',  ( -5.525000000000000355, -17.37650000000000006, 4.850000000000000533 ) ) ;
#6654 = AXIS2_PLACEMENT_3D ( 'NONE', #9938, #418, #7858 ) ;
#6656 = EDGE_LOOP ( 'NONE', ( #13520, #11292, #4503, #3321 ) ) ;
#6655 = EDGE_CURVE ( 'NONE', #4091, #7207, #7209, .T. ) ;
#6657 = ORIENTED_EDGE ( 'NONE', *, *, #13303, .F. ) ;
#6658 = VERTEX_POINT ( 'NONE', #11295 ) ;
#6659 = DIRECTION ( 'NONE',  ( -0.09602825923645796902, -0.9953786080823796567, 0.000000000000000000 ) ) ;
#6660 = ORIENTED_EDGE ( 'NONE', *, *, #5042, .T. ) ;
#6661 = FACE_OUTER_BOUND ( 'NONE', #1096, .T. ) ;
#6662 = SURFACE_STYLE_USAGE ( .BOTH. , #9773 ) ;
#6663 = LINE ( 'NONE', #5609, #8082 ) ;
#6664 = CARTESIAN_POINT ( 'NONE',  ( -4.715000000000000746, -19.43146179653999894, 4.830000000000000071 ) ) ;
#6665 = ORIENTED_EDGE ( 'NONE', *, *, #7881, .F. ) ;
#6666 = VERTEX_POINT ( 'NONE', #12356 ) ;
#6667 = CARTESIAN_POINT ( 'NONE',  ( -4.584999999999999964, -20.17650000000000077, 13.40000000000000036 ) ) ;
#6668 = LINE ( 'NONE', #7773, #9869 ) ;
#6669 = DIRECTION ( 'NONE',  ( -0.000000000000000000, 0.000000000000000000, 1.000000000000000000 ) ) ;
#6670 = ORIENTED_EDGE ( 'NONE', *, *, #1472, .T. ) ;
#6671 = DIRECTION ( 'NONE',  ( 1.000000000000000000, 0.000000000000000000, 0.000000000000000000 ) ) ;
#6672 = PRESENTATION_STYLE_ASSIGNMENT (( #2359 ) ) ;
#6673 = AXIS2_PLACEMENT_3D ( 'NONE', #1476, #1683, #12123 ) ;
#6674 = ORIENTED_EDGE ( 'NONE', *, *, #11555, .T. ) ;
#6675 = PLANE ( 'NONE',  #1879 ) ;
#6676 = VERTEX_POINT ( 'NONE', #11445 ) ;
#6677 = ORIENTED_EDGE ( 'NONE', *, *, #5578, .T. ) ;
#6678 = DIRECTION ( 'NONE',  ( 1.000000000000000000, 0.000000000000000000, -0.000000000000000000 ) ) ;
#6680 = VECTOR ( 'NONE', #7844, 1000.000000000000000 ) ;
#6679 = LINE ( 'NONE', #3540, #1422 ) ;
#6681 = DIRECTION ( 'NONE',  ( -0.000000000000000000, -1.000000000000000000, 0.000000000000000000 ) ) ;
#6682 = PLANE ( 'NONE',  #5971 ) ;
#6683 = ORIENTED_EDGE ( 'NONE', *, *, #6545, .F. ) ;
#6684 = DIRECTION ( 'NONE',  ( -0.000000000000000000, -1.000000000000000000, 0.000000000000000000 ) ) ;
#6685 = LINE ( 'NONE', #13223, #13107 ) ;
#6686 = CARTESIAN_POINT ( 'NONE',  ( 0.005000000000000000104, -24.26650000000000063, 1.145000000000000240 ) ) ;
#6687 = VERTEX_POINT ( 'NONE', #7132 ) ;
#6688 = EDGE_CURVE ( 'NONE', #11254, #13765, #3090, .T. ) ;
#6689 = PLANE ( 'NONE',  #11518 ) ;
#6690 = EDGE_CURVE ( 'NONE', #3502, #2375, #1919, .T. ) ;
#6691 = ORIENTED_EDGE ( 'NONE', *, *, #13660, .T. ) ;
#6692 = DIRECTION ( 'NONE',  ( 0.000000000000000000, 1.000000000000000000, 0.000000000000000000 ) ) ;
#6693 = ORIENTED_EDGE ( 'NONE', *, *, #11589, .T. ) ;
#6694 = DIRECTION ( 'NONE',  ( 1.000000000000000000, -0.000000000000000000, -0.000000000000000000 ) ) ;
#6696 = VERTEX_POINT ( 'NONE', #3989 ) ;
#6695 = DIRECTION ( 'NONE',  ( 1.000000000000000000, 0.000000000000000000, -0.000000000000000000 ) ) ;
#6697 = LINE ( 'NONE', #573, #4358 ) ;
#6698 = LINE ( 'NONE', #1555, #7450 ) ;
#6699 = CARTESIAN_POINT ( 'NONE',  ( 8.474999999999999645, -19.40650000000000119, 4.650000000000000355 ) ) ;
#6700 = EDGE_CURVE ( 'NONE', #10669, #13259, #13518, .T. ) ;
#6701 = LINE ( 'NONE', #372, #8517 ) ;
#6702 = CARTESIAN_POINT ( 'NONE',  ( -7.000000000000000000, -17.37650000000000006, 15.50000000000000000 ) ) ;
#6703 = CARTESIAN_POINT ( 'NONE',  ( -1.294999999999999929, -31.28604151461000171, -1.093199999999999950 ) ) ;
#6704 = DIRECTION ( 'NONE',  ( -0.000000000000000000, -1.000000000000000000, -0.000000000000000000 ) ) ;
#6705 = VECTOR ( 'NONE', #887, 1000.000000000000000 ) ;
#6706 = SHAPE_DEFINITION_REPRESENTATION ( #9370, #1478 ) ;
#6707 = ORIENTED_EDGE ( 'NONE', *, *, #7839, .F. ) ;
#6708 = VERTEX_POINT ( 'NONE', #6221 ) ;
#6709 = EDGE_LOOP ( 'NONE', ( #6199, #3728, #5789, #4742, #10648, #12452 ) ) ;
#6710 = DIRECTION ( 'NONE',  ( 1.000000000000000000, 0.000000000000000000, -0.000000000000000000 ) ) ;
#6711 = VERTEX_POINT ( 'NONE', #1776 ) ;
#6712 = CARTESIAN_POINT ( 'NONE',  ( -3.935000000000000053, -20.17650000000000077, -7.519999999999999574 ) ) ;
#6713 = DIRECTION ( 'NONE',  ( 0.4775043600801141541, -0.8786293792632253741, 0.000000000000000000 ) ) ;
#6714 = DIRECTION ( 'NONE',  ( 0.000000000000000000, -1.000000000000000000, -0.000000000000000000 ) ) ;
#6715 = ORIENTED_EDGE ( 'NONE', *, *, #10999, .F. ) ;
#6716 = CARTESIAN_POINT ( 'NONE',  ( 8.269999999999999574, -15.34650000000000070, 4.500000000000000888 ) ) ;
#6717 = CARTESIAN_POINT ( 'NONE',  ( 5.605000000000000426, -17.37650000000000006, 15.50000000000000000 ) ) ;
#6718 = EDGE_LOOP ( 'NONE', ( #7792, #6498, #3121, #13453 ) ) ;
#6719 = VERTEX_POINT ( 'NONE', #1844 ) ;
#6720 = ADVANCED_FACE ( 'NONE', ( #8239 ), #6159, .F. ) ;
#6721 = COLOUR_RGB ( '',1.000000000000000000, 1.000000000000000000, 1.000000000000000000 ) ;
#6722 = ADVANCED_FACE ( 'NONE', ( #864 ), #5106, .F. ) ;
#6723 = ORIENTED_EDGE ( 'NONE', *, *, #10878, .T. ) ;
#6724 = DIRECTION ( 'NONE',  ( -0.000000000000000000, -1.000000000000000000, 0.000000000000000000 ) ) ;
#6725 = VECTOR ( 'NONE', #6178, 1000.000000000000000 ) ;
#6726 = ORIENTED_EDGE ( 'NONE', *, *, #651, .F. ) ;
#6727 = EDGE_CURVE ( 'NONE', #8111, #4257, #1151, .T. ) ;
#6728 = CARTESIAN_POINT ( 'NONE',  ( -8.269999999999999574, -15.34650000000000070, 3.840000000000000302 ) ) ;
#6729 = LINE ( 'NONE', #13263, #8631 ) ;
#6730 = DIRECTION ( 'NONE',  ( -0.000000000000000000, -0.000000000000000000, -1.000000000000000000 ) ) ;
#6731 = DIRECTION ( 'NONE',  ( 0.000000000000000000, 0.000000000000000000, 1.000000000000000000 ) ) ;
#6732 = VECTOR ( 'NONE', #5276, 1000.000000000000000 ) ;
#6733 = VERTEX_POINT ( 'NONE', #11505 ) ;
#6734 = VERTEX_POINT ( 'NONE', #7061 ) ;
#6735 = LINE ( 'NONE', #9923, #10336 ) ;
#6736 = CARTESIAN_POINT ( 'NONE',  ( -3.365000000000000213, -21.56650000000000134, -3.509999999999999787 ) ) ;
#6737 = LINE ( 'NONE', #13136, #12988 ) ;
#6738 = EDGE_LOOP ( 'NONE', ( #13344, #2113, #7999, #9346, #8664, #11508, #3448, #8457, #7111, #83, #8872, #3511 ) ) ;
#6739 = VECTOR ( 'NONE', #13399, 1000.000000000000000 ) ;
#6740 = CARTESIAN_POINT ( 'NONE',  ( 8.800000000000002487, 3.200000000000000178, 12.90000000000000213 ) ) ;
#6741 = EDGE_CURVE ( 'NONE', #3742, #1917, #1828, .T. ) ;
#6742 = ORIENTED_EDGE ( 'NONE', *, *, #4888, .F. ) ;
#6743 = VECTOR ( 'NONE', #11197, 1000.000000000000000 ) ;
#6744 = VECTOR ( 'NONE', #1916, 1000.000000000000000 ) ;
#6745 = ADVANCED_FACE ( 'NONE', ( #13659 ), #4128, .T. ) ;
#6746 = AXIS2_PLACEMENT_3D ( 'NONE', #8702, #148, #7529 ) ;
#6747 = FACE_OUTER_BOUND ( 'NONE', #9496, .T. ) ;
#6748 = ORIENTED_EDGE ( 'NONE', *, *, #1889, .F. ) ;
#6749 = EDGE_LOOP ( 'NONE', ( #3332, #11164, #2222, #12883 ) ) ;
#6750 = STYLED_ITEM ( 'NONE', ( #1987 ), #5480 ) ;
#6751 = LINE ( 'NONE', #11055, #5985 ) ;
#6752 = PLANE ( 'NONE',  #5636 ) ;
#6753 = DIRECTION ( 'NONE',  ( 0.1004120643276970176, -0.9949459368917741298, 0.000000000000000000 ) ) ;
#6754 = VECTOR ( 'NONE', #9848, 1000.000000000000000 ) ;
#6755 = CIRCLE ( 'NONE', #8733, 1.750000000000001554 ) ;
#6756 = AXIS2_PLACEMENT_3D ( 'NONE', #3012, #11490, #6269 ) ;
#6757 = LINE ( 'NONE', #13148, #8634 ) ;
#6758 = VERTEX_POINT ( 'NONE', #2042 ) ;
#6759 = AXIS2_PLACEMENT_3D ( 'NONE', #2265, #13048, #6504 ) ;
#6760 = DIRECTION ( 'NONE',  ( 0.000000000000000000, 0.000000000000000000, 1.000000000000000000 ) ) ;
#6761 = VECTOR ( 'NONE', #1541, 1000.000000000000000 ) ;
#6762 = EDGE_CURVE ( 'NONE', #1162, #10349, #13375, .T. ) ;
#6763 = CARTESIAN_POINT ( 'NONE',  ( 9.285000000000000142, -19.40650000000000119, 4.650000000000000355 ) ) ;
#6764 = DIRECTION ( 'NONE',  ( -0.000000000000000000, -1.000000000000000000, 0.000000000000000000 ) ) ;
#6765 = VERTEX_POINT ( 'NONE', #13458 ) ;
#6766 = DIRECTION ( 'NONE',  ( -0.7071067811865474617, 0.000000000000000000, 0.7071067811865474617 ) ) ;
#6767 = COLOUR_RGB ( '',1.000000000000000000, 1.000000000000000000, 1.000000000000000000 ) ;
#6768 = VECTOR ( 'NONE', #7244, 1000.000000000000000 ) ;
#6769 = ORIENTED_EDGE ( 'NONE', *, *, #7584, .T. ) ;
#6770 = CYLINDRICAL_SURFACE ( 'NONE', #10286, 1.750000000000001554 ) ;
#6771 = CARTESIAN_POINT ( 'NONE',  ( -5.730000000000001315, -19.40650000000000119, 4.650000000000000355 ) ) ;
#6772 = FACE_OUTER_BOUND ( 'NONE', #8809, .T. ) ;
#6774 = VERTEX_POINT ( 'NONE', #8171 ) ;
#6773 = DIRECTION ( 'NONE',  ( -0.000000000000000000, 1.000000000000000000, -0.000000000000000000 ) ) ;
#6775 = VECTOR ( 'NONE', #13351, 1000.000000000000000 ) ;
#6776 = DIRECTION ( 'NONE',  ( 0.000000000000000000, 0.000000000000000000, -1.000000000000000000 ) ) ;
#6777 = CARTESIAN_POINT ( 'NONE',  ( -2.156828893442999995, -12.04649999999999999, -3.299999999999999822 ) ) ;
#6778 = DIRECTION ( 'NONE',  ( -1.000000000000000000, 0.000000000000000000, 0.000000000000000000 ) ) ;
#6779 = CARTESIAN_POINT ( 'NONE',  ( -7.635000000000000675, -22.96649999999999991, 15.50000000000000000 ) ) ;
#6780 = DIRECTION ( 'NONE',  ( -1.000000000000000000, -0.000000000000000000, -0.000000000000000000 ) ) ;
#6781 = ADVANCED_FACE ( 'NONE', ( #9682 ), #7189, .T. ) ;
#6782 = DIRECTION ( 'NONE',  ( 1.000000000000000000, 0.000000000000000000, 0.000000000000000000 ) ) ;
#6783 = VECTOR ( 'NONE', #8053, 1000.000000000000000 ) ;
#6784 = MECHANICAL_DESIGN_GEOMETRIC_PRESENTATION_REPRESENTATION (  '', ( #7666 ), #8547 ) ;
#6785 = CARTESIAN_POINT ( 'NONE',  ( 1.395000000000000018, -22.96649999999999991, -3.509999999999999787 ) ) ;
#6786 = EDGE_CURVE ( 'NONE', #7060, #13019, #2872, .T. ) ;
#6787 = ORIENTED_EDGE ( 'NONE', *, *, #12307, .F. ) ;
#6788 = ORIENTED_EDGE ( 'NONE', *, *, #1081, .T. ) ;
#6789 =( GEOMETRIC_REPRESENTATION_CONTEXT ( 3 ) GLOBAL_UNCERTAINTY_ASSIGNED_CONTEXT ( ( #9433 ) ) GLOBAL_UNIT_ASSIGNED_CONTEXT ( ( #733, #10042, #2550 ) ) REPRESENTATION_CONTEXT ( 'NONE', 'WORKASPACE' ) );
#6790 = ORIENTED_EDGE ( 'NONE', *, *, #12617, .T. ) ;
#6791 = VECTOR ( 'NONE', #11116, 1000.000000000000000 ) ;
#6792 = VERTEX_POINT ( 'NONE', #6062 ) ;
#6793 = DIRECTION ( 'NONE',  ( 0.000000000000000000, -1.000000000000000000, 0.000000000000000000 ) ) ;
#6794 = LINE ( 'NONE', #3790, #11657 ) ;
#6795 = VERTEX_POINT ( 'NONE', #13361 ) ;
#6796 = FACE_OUTER_BOUND ( 'NONE', #1993, .T. ) ;
#6797 = EDGE_CURVE ( 'NONE', #12486, #12324, #8089, .T. ) ;
#6798 = ORIENTED_EDGE ( 'NONE', *, *, #2448, .T. ) ;
#6799 = EDGE_CURVE ( 'NONE', #9735, #4033, #1827, .T. ) ;
#6800 = ORIENTED_EDGE ( 'NONE', *, *, #4224, .T. ) ;
#6801 = VERTEX_POINT ( 'NONE', #3835 ) ;
#6802 = AXIS2_PLACEMENT_3D ( 'NONE', #5199, #11463, #9423 ) ;
#6803 = CARTESIAN_POINT ( 'NONE',  ( -24.89999999999999858, 0.000000000000000000, 15.80886698680999913 ) ) ;
#6804 = ORIENTED_EDGE ( 'NONE', *, *, #4324, .T. ) ;
#6805 = LINE ( 'NONE', #1515, #2739 ) ;
#6806 = LINE ( 'NONE', #536, #4405 ) ;
#6807 = DIRECTION ( 'NONE',  ( 0.000000000000000000, -0.000000000000000000, 1.000000000000000000 ) ) ;
#6808 = DIRECTION ( 'NONE',  ( 0.000000000000000000, -0.000000000000000000, -1.000000000000000000 ) ) ;
#6809 = ORIENTED_EDGE ( 'NONE', *, *, #6098, .T. ) ;
#6810 = ORIENTED_EDGE ( 'NONE', *, *, #11060, .F. ) ;
#6811 = APPLICATION_PROTOCOL_DEFINITION ( 'draft international standard', 'automotive_design', 1998, #12029 ) ;
#6812 = DIRECTION ( 'NONE',  ( 0.000000000000000000, -1.000000000000000000, -0.000000000000000000 ) ) ;
#6813 = DIRECTION ( 'NONE',  ( -0.000000000000000000, -0.000000000000000000, 1.000000000000000000 ) ) ;
#6814 = ORIENTED_EDGE ( 'NONE', *, *, #7960, .T. ) ;
#6815 = LINE ( 'NONE', #10902, #9767 ) ;
#6816 = LINE ( 'NONE', #7025, #10186 ) ;
#6817 = EDGE_CURVE ( 'NONE', #1474, #12080, #8161, .T. ) ;
#6818 = ORIENTED_EDGE ( 'NONE', *, *, #11898, .T. ) ;
#6819 = VECTOR ( 'NONE', #928, 1000.000000000000000 ) ;
#6820 = DIRECTION ( 'NONE',  ( 0.000000000000000000, 0.000000000000000000, 1.000000000000000000 ) ) ;
#6821 = ORIENTED_EDGE ( 'NONE', *, *, #11150, .F. ) ;
#6822 = CARTESIAN_POINT ( 'NONE',  ( 0.000000000000000000, 3.200000000000000178, -10.96000000000000085 ) ) ;
#6823 = LINE ( 'NONE', #10078, #6743 ) ;
#6824 = PLANE ( 'NONE',  #12061 ) ;
#6825 = MECHANICAL_DESIGN_GEOMETRIC_PRESENTATION_REPRESENTATION (  '', ( #1495 ), #11707 ) ;
#6826 = EDGE_CURVE ( 'NONE', #7186, #6084, #1693, .T. ) ;
#6827 = CARTESIAN_POINT ( 'NONE',  ( 9.285000000000000142, -13.31649999999999956, 4.650000000000000355 ) ) ;
#6828 = ORIENTED_EDGE ( 'NONE', *, *, #9045, .F. ) ;
#6829 = DIRECTION ( 'NONE',  ( -1.000000000000000000, 0.000000000000000000, 0.000000000000000000 ) ) ;
#6830 = CARTESIAN_POINT ( 'NONE',  ( 5.647522111928036992, -12.04650000000000531, 4.500000000000000888 ) ) ;
#6831 = LINE ( 'NONE', #3826, #13418 ) ;
#6832 = ORIENTED_EDGE ( 'NONE', *, *, #4141, .F. ) ;
#6833 = EDGE_CURVE ( 'NONE', #7017, #2044, #8852, .T. ) ;
#6834 = DIRECTION ( 'NONE',  ( 0.000000000000000000, -0.000000000000000000, 1.000000000000000000 ) ) ;
#6835 = ORIENTED_EDGE ( 'NONE', *, *, #15, .F. ) ;
#6836 = LINE ( 'NONE', #7940, #7414 ) ;
#6837 = DIRECTION ( 'NONE',  ( 2.168404344971007685E-15, 0.000000000000000000, -1.000000000000000000 ) ) ;
#6838 = LINE ( 'NONE', #8978, #4504 ) ;
#6839 = CARTESIAN_POINT ( 'NONE',  ( -4.584999999999999964, -2.337200000000000166, 3.509999999999999787 ) ) ;
#6841 = ORIENTED_EDGE ( 'NONE', *, *, #11589, .F. ) ;
#6840 = CARTESIAN_POINT ( 'NONE',  ( 7.509999999999999787, -3.313815743959999782, 4.650000000000000355 ) ) ;
#6842 = LINE ( 'NONE', #1554, #1259 ) ;
#6843 = CARTESIAN_POINT ( 'NONE',  ( 11.42999999999999972, -15.22000000000000064, -1.017359312880999900 ) ) ;
#6844 = CYLINDRICAL_SURFACE ( 'NONE', #9418, 0.1999999999999996503 ) ;
#6845 = DIRECTION ( 'NONE',  ( -0.000000000000000000, -1.000000000000000000, 0.000000000000000000 ) ) ;
#6846 = LINE ( 'NONE', #4679, #3771 ) ;
#6847 = CARTESIAN_POINT ( 'NONE',  ( 1.270000000000000018, -19.40650000000000119, -4.320000000000000284 ) ) ;
#6848 = CARTESIAN_POINT ( 'NONE',  ( 1.394999999999999796, -22.58649999999999736, -3.509999999999999787 ) ) ;
#6849 = CARTESIAN_POINT ( 'NONE',  ( 9.156828893443000439, -12.04650000000000176, 4.500000000000000888 ) ) ;
#6850 = ORIENTED_EDGE ( 'NONE', *, *, #13162, .F. ) ;
#6851 = ORIENTED_EDGE ( 'NONE', *, *, #13072, .T. ) ;
#6852 = EDGE_CURVE ( 'NONE', #3797, #4482, #8788, .T. ) ;
#6853 = ORIENTED_EDGE ( 'NONE', *, *, #9047, .F. ) ;
#6854 = ORIENTED_EDGE ( 'NONE', *, *, #10381, .F. ) ;
#6855 = LINE ( 'NONE', #13249, #4137 ) ;
#6856 = CARTESIAN_POINT ( 'NONE',  ( 0.6350000000000000089, -23.77649999999999864, 19.69999999999999929 ) ) ;
#6857 = LINE ( 'NONE', #11097, #4529 ) ;
#6858 = ORIENTED_EDGE ( 'NONE', *, *, #11964, .F. ) ;
#6859 = CARTESIAN_POINT ( 'NONE',  ( 8.269999999999999574, -2.337200000000000166, 4.500000000000000888 ) ) ;
#6860 = CARTESIAN_POINT ( 'NONE',  ( -8.500000000000000000, -17.57000000000000384, 13.40000000000000036 ) ) ;
#6861 = ORIENTED_EDGE ( 'NONE', *, *, #9497, .T. ) ;
#6862 = ORIENTED_EDGE ( 'NONE', *, *, #5755, .T. ) ;
#6863 = CIRCLE ( 'NONE', #7088, 0.1999999999999996503 ) ;
#6864 = ADVANCED_FACE ( 'NONE', ( #13112 ), #786, .F. ) ;
#6865 = VECTOR ( 'NONE', #8572, 1000.000000000000000 ) ;
#6866 = ORIENTED_EDGE ( 'NONE', *, *, #1644, .T. ) ;
#6867 = EDGE_CURVE ( 'NONE', #2416, #1498, #3971, .T. ) ;
#6868 = DIRECTION ( 'NONE',  ( -1.000000000000000000, 0.000000000000000000, 0.000000000000000000 ) ) ;
#6869 = EDGE_LOOP ( 'NONE', ( #4626, #9011, #4484, #10320, #2194, #2837, #9377, #12417, #2899, #6434, #6821, #6861, #12718, #7762 ) ) ;
#6870 = CARTESIAN_POINT ( 'NONE',  ( -7.000000000000000000, -17.37650000000000006, 7.190000000000000391 ) ) ;
#6871 = CARTESIAN_POINT ( 'NONE',  ( 0.000000000000000000, -1.376499999999999169, 4.850000000000000533 ) ) ;
#6872 = LINE ( 'NONE', #8940, #12752 ) ;
#6873 = FACE_OUTER_BOUND ( 'NONE', #6280, .T. ) ;
#6874 = VERTEX_POINT ( 'NONE', #2939 ) ;
#6875 = ORIENTED_EDGE ( 'NONE', *, *, #4656, .T. ) ;
#6876 = LINE ( 'NONE', #7019, #6791 ) ;
#6877 =( LENGTH_UNIT ( ) NAMED_UNIT ( * ) SI_UNIT ( .MILLI., .METRE. ) );
#6878 = ADVANCED_FACE ( 'NONE', ( #9900 ), #4550, .T. ) ;
#6879 = CARTESIAN_POINT ( 'NONE',  ( -9.414999999999999147, -17.94999999999999929, 7.519999999999999574 ) ) ;
#6880 = VERTEX_POINT ( 'NONE', #10943 ) ;
#6881 = CARTESIAN_POINT ( 'NONE',  ( -6.365000000000000213, -23.77649999999999864, 15.50000000000000000 ) ) ;
#6882 = CARTESIAN_POINT ( 'NONE',  ( -0.4949999999999999956, -31.28604151461000171, -1.093199999999999950 ) ) ;
#6883 = VERTEX_POINT ( 'NONE', #1432 ) ;
#6884 = PRESENTATION_LAYER_ASSIGNMENT (  '', '', ( #3534 ) ) ;
#6885 = FACE_OUTER_BOUND ( 'NONE', #3928, .T. ) ;
#6886 = VERTEX_POINT ( 'NONE', #5672 ) ;
#6887 = DIRECTION ( 'NONE',  ( 1.000000000000000000, 0.000000000000000000, 0.000000000000000000 ) ) ;
#6888 = LINE ( 'NONE', #8146, #10950 ) ;
#6889 = DIRECTION ( 'NONE',  ( 0.000000000000000000, 1.000000000000000000, 0.000000000000000000 ) ) ;
#6890 = EDGE_CURVE ( 'NONE', #12341, #11643, #381, .T. ) ;
#6891 = DIRECTION ( 'NONE',  ( 0.000000000000000000, 1.000000000000000000, 0.000000000000000000 ) ) ;
#6892 = EDGE_LOOP ( 'NONE', ( #7085, #13468, #5741, #390 ) ) ;
#6893 = STYLED_ITEM ( 'NONE', ( #13713 ), #9507 ) ;
#6894 = LINE ( 'NONE', #10084, #8106 ) ;
#6895 = CARTESIAN_POINT ( 'NONE',  ( 3.850000000000000089, -22.58650000000000091, 4.650000000000000355 ) ) ;
#6896 = DIRECTION ( 'NONE',  ( -0.000000000000000000, -1.000000000000000000, -0.000000000000000000 ) ) ;
#6897 = ORIENTED_EDGE ( 'NONE', *, *, #9282, .T. ) ;
#6898 = CARTESIAN_POINT ( 'NONE',  ( 8.320800000000000196, -2.337200000000000166, 4.500000000000000888 ) ) ;
#6899 = MECHANICAL_DESIGN_GEOMETRIC_PRESENTATION_REPRESENTATION (  '', ( #10225 ), #5783 ) ;
#6900 = FACE_OUTER_BOUND ( 'NONE', #1334, .T. ) ;
#6901 = FACE_OUTER_BOUND ( 'NONE', #10989, .T. ) ;
#6902 = DIRECTION ( 'NONE',  ( 1.000000000000000000, 0.000000000000000000, 0.000000000000000000 ) ) ;
#6903 = ADVANCED_FACE ( 'NONE', ( #3279 ), #6346, .T. ) ;
#6905 = EDGE_LOOP ( 'NONE', ( #11512, #9298, #8819, #2004, #7937 ) ) ;
#6904 = FACE_OUTER_BOUND ( 'NONE', #3260, .T. ) ;
#6906 = CARTESIAN_POINT ( 'NONE',  ( 8.320800000000000196, 3.589199999999999946, 4.500000000000000888 ) ) ;
#6907 = DIRECTION ( 'NONE',  ( -0.000000000000000000, -1.000000000000000000, -0.000000000000000000 ) ) ;
#6908 = LINE ( 'NONE', #2738, #6543 ) ;
#6909 = DIRECTION ( 'NONE',  ( -0.8786293792632253741, 0.4775043600801140986, 0.000000000000000000 ) ) ;
#6910 = LINE ( 'NONE', #12058, #5319 ) ;
#6911 = CARTESIAN_POINT ( 'NONE',  ( 5.724999999999999645, -17.37650000000000006, 3.840000000000000302 ) ) ;
#6912 = EDGE_CURVE ( 'NONE', #7571, #9043, #3075, .T. ) ;
#6913 = DIRECTION ( 'NONE',  ( -0.1004120643277483932, 0.9949459368917690227, 0.000000000000000000 ) ) ;
#6914 = EDGE_LOOP ( 'NONE', ( #2619, #5803, #821, #8415, #4674, #3246 ) ) ;
#6915 = EDGE_LOOP ( 'NONE', ( #6578, #5681, #3736, #10833 ) ) ;
#6916 = ORIENTED_EDGE ( 'NONE', *, *, #9015, .F. ) ;
#6917 = ORIENTED_EDGE ( 'NONE', *, *, #7297, .F. ) ;
#6918 = LINE ( 'NONE', #3860, #13688 ) ;
#6919 = CARTESIAN_POINT ( 'NONE',  ( 9.285000000000000142, -15.34650000000000070, 3.660000000000000142 ) ) ;
#6920 = CARTESIAN_POINT ( 'NONE',  ( -9.414999999999999147, -22.96649999999999991, 0.000000000000000000 ) ) ;
#6921 = ORIENTED_EDGE ( 'NONE', *, *, #5010, .T. ) ;
#6922 = CARTESIAN_POINT ( 'NONE',  ( 14.85999999999999943, -15.22000000000000242, -2.307611844574999349 ) ) ;
#6923 = FACE_OUTER_BOUND ( 'NONE', #12416, .T. ) ;
#6924 = CIRCLE ( 'NONE', #12913, 1.100000000000000311 ) ;
#6925 = VERTEX_POINT ( 'NONE', #10434 ) ;
#6926 = VECTOR ( 'NONE', #11803, 1000.000000000000000 ) ;
#6927 = EDGE_LOOP ( 'NONE', ( #9098, #9798, #12900, #9164 ) ) ;
#6928 = EDGE_CURVE ( 'NONE', #10672, #5313, #6059, .T. ) ;
#6929 = CIRCLE ( 'NONE', #9358, 1.400000000000000133 ) ;
#6930 = ORIENTED_EDGE ( 'NONE', *, *, #11879, .T. ) ;
#6931 = DIRECTION ( 'NONE',  ( -0.000000000000000000, 0.000000000000000000, 1.000000000000000000 ) ) ;
#6932 = VECTOR ( 'NONE', #11350, 1000.000000000000000 ) ;
#6933 = ORIENTED_EDGE ( 'NONE', *, *, #9341, .F. ) ;
#6934 = DIRECTION ( 'NONE',  ( 0.000000000000000000, 0.000000000000000000, 1.000000000000000000 ) ) ;
#6935 = CARTESIAN_POINT ( 'NONE',  ( -1.394999999999999796, -23.77649999999999508, 1.320000000000000062 ) ) ;
#6936 = LINE ( 'NONE', #9984, #4301 ) ;
#6937 = DIRECTION ( 'NONE',  ( -1.000000000000000000, -0.000000000000000000, 0.000000000000000000 ) ) ;
#6938 = ORIENTED_EDGE ( 'NONE', *, *, #3064, .F. ) ;
#6939 = VERTEX_POINT ( 'NONE', #7261 ) ;
#6940 = DIRECTION ( 'NONE',  ( 1.000000000000000000, 0.000000000000000000, 0.000000000000000000 ) ) ;
#6941 = DIRECTION ( 'NONE',  ( -1.000000000000000000, 0.000000000000000000, -0.000000000000000000 ) ) ;
#6942 = PLANE ( 'NONE',  #5217 ) ;
#6943 = ORIENTED_EDGE ( 'NONE', *, *, #8009, .F. ) ;
#6944 = FACE_OUTER_BOUND ( 'NONE', #2855, .T. ) ;
#6945 = DIRECTION ( 'NONE',  ( -0.000000000000000000, 1.000000000000000000, 0.000000000000000000 ) ) ;
#6946 = EDGE_CURVE ( 'NONE', #309, #13178, #5169, .T. ) ;
#6947 = ORIENTED_EDGE ( 'NONE', *, *, #12658, .T. ) ;
#6948 = AXIS2_PLACEMENT_3D ( 'NONE', #12739, #5289, #13772 ) ;
#6949 = AXIS2_PLACEMENT_3D ( 'NONE', #6594, #10818, #9846 ) ;
#6950 = EDGE_CURVE ( 'NONE', #238, #2399, #10371, .T. ) ;
#6951 = FACE_OUTER_BOUND ( 'NONE', #2639, .T. ) ;
#6952 = VERTEX_POINT ( 'NONE', #7325 ) ;
#6953 = CARTESIAN_POINT ( 'NONE',  ( -24.89999999999999858, -12.19999999999999929, 15.80886698680999913 ) ) ;
#6954 = FACE_OUTER_BOUND ( 'NONE', #8738, .T. ) ;
#6955 = FACE_OUTER_BOUND ( 'NONE', #3872, .T. ) ;
#6956 = FACE_OUTER_BOUND ( 'NONE', #3337, .T. ) ;
#6957 = ORIENTED_EDGE ( 'NONE', *, *, #2322, .F. ) ;
#6958 = AXIS2_PLACEMENT_3D ( 'NONE', #12256, #6902, #5787 ) ;
#6959 = CARTESIAN_POINT ( 'NONE',  ( 8.474999999999999645, -17.37650000000000006, 4.850000000000000533 ) ) ;
#6960 = VECTOR ( 'NONE', #2808, 1000.000000000000000 ) ;
#6961 = CARTESIAN_POINT ( 'NONE',  ( -8.800000000000000711, 3.200000000000000178, -12.90000000000000036 ) ) ;
#6962 = CARTESIAN_POINT ( 'NONE',  ( 6.207611844575000148, -15.22000000000000242, -10.96000000000000085 ) ) ;
#6963 = EDGE_CURVE ( 'NONE', #1123, #6719, #11759, .T. ) ;
#6964 = ORIENTED_EDGE ( 'NONE', *, *, #11797, .T. ) ;
#6965 = STYLED_ITEM ( 'NONE', ( #9814 ), #3169 ) ;
#6966 = SURFACE_SIDE_STYLE ('',( #10224 ) ) ;
#6967 = EDGE_CURVE ( 'NONE', #13097, #4413, #5090, .T. ) ;
#6968 = VECTOR ( 'NONE', #455, 1000.000000000000000 ) ;
#6969 = VECTOR ( 'NONE', #10146, 1000.000000000000000 ) ;
#6970 = DIRECTION ( 'NONE',  ( -0.000000000000000000, -1.000000000000000000, -0.000000000000000000 ) ) ;
#6971 = ADVANCED_FACE ( 'NONE', ( #4037 ), #1116, .F. ) ;
#6972 = CIRCLE ( 'NONE', #5196, 6.000000000000000000 ) ;
#6973 = CARTESIAN_POINT ( 'NONE',  ( 5.705000000000000071, -17.35153820345999875, 4.830000000000000071 ) ) ;
#6974 = DIRECTION ( 'NONE',  ( 1.000000000000000000, 0.000000000000000000, -0.000000000000000000 ) ) ;
#6975 = CIRCLE ( 'NONE', #492, 0.2000000000000000944 ) ;
#6976 = VECTOR ( 'NONE', #703, 1000.000000000000000 ) ;
#6978 = VERTEX_POINT ( 'NONE', #12810 ) ;
#6977 = DIRECTION ( 'NONE',  ( 0.000000000000000000, 0.000000000000000000, 1.000000000000000000 ) ) ;
#6979 = DIRECTION ( 'NONE',  ( 0.000000000000000000, 1.000000000000000000, -0.000000000000000000 ) ) ;
#6980 = DIRECTION ( 'NONE',  ( 0.000000000000000000, 1.000000000000000000, 0.000000000000000000 ) ) ;
#6981 = CARTESIAN_POINT ( 'NONE',  ( 1.395000000000000240, -22.76650000000000063, -3.310000000000000053 ) ) ;
#6982 = FILL_AREA_STYLE ('',( #7054 ) ) ;
#6983 = DIRECTION ( 'NONE',  ( 1.000000000000000000, 0.000000000000000000, 0.000000000000000000 ) ) ;
#6984 = SURFACE_STYLE_USAGE ( .BOTH. , #8911 ) ;
#6985 = VECTOR ( 'NONE', #7010, 1000.000000000000000 ) ;
#6986 = DIRECTION ( 'NONE',  ( -1.000000000000000000, -0.000000000000000000, -0.000000000000000000 ) ) ;
#6987 = ADVANCED_FACE ( 'NONE', ( #13572 ), #985, .T. ) ;
#6988 = VECTOR ( 'NONE', #1347, 1000.000000000000000 ) ;
#6989 = DIRECTION ( 'NONE',  ( 0.000000000000000000, -0.000000000000000000, 1.000000000000000000 ) ) ;
#6990 = VECTOR ( 'NONE', #6684, 1000.000000000000000 ) ;
#6991 = ORIENTED_EDGE ( 'NONE', *, *, #11624, .T. ) ;
#6992 = ORIENTED_EDGE ( 'NONE', *, *, #6154, .F. ) ;
#6993 = ORIENTED_EDGE ( 'NONE', *, *, #11413, .F. ) ;
#6994 = ORIENTED_EDGE ( 'NONE', *, *, #8557, .F. ) ;
#6995 = DIRECTION ( 'NONE',  ( 0.000000000000000000, 1.000000000000000000, 0.000000000000000000 ) ) ;
#6996 = CARTESIAN_POINT ( 'NONE',  ( 0.000000000000000000, -21.18649999999999878, -3.509999999999999787 ) ) ;
#6997 = VECTOR ( 'NONE', #12962, 1000.000000000000000 ) ;
#6998 = LINE ( 'NONE', #11236, #9861 ) ;
#6999 = ORIENTED_EDGE ( 'NONE', *, *, #10438, .F. ) ;
#7000 = DIRECTION ( 'NONE',  ( 0.000000000000000000, 0.000000000000000000, -1.000000000000000000 ) ) ;
#7001 = EDGE_CURVE ( 'NONE', #8563, #5606, #11699, .T. ) ;
#7002 = DIRECTION ( 'NONE',  ( 0.000000000000000000, -0.000000000000000000, -1.000000000000000000 ) ) ;
#7003 = VERTEX_POINT ( 'NONE', #8485 ) ;
#7004 = VECTOR ( 'NONE', #11257, 1000.000000000000000 ) ;
#7005 = ORIENTED_EDGE ( 'NONE', *, *, #10825, .F. ) ;
#7006 = EDGE_CURVE ( 'NONE', #12784, #9276, #10640, .T. ) ;
#7007 = VECTOR ( 'NONE', #11183, 1000.000000000000000 ) ;
#7008 = AXIS2_PLACEMENT_3D ( 'NONE', #5254, #1066, #8575 ) ;
#7009 = ORIENTED_EDGE ( 'NONE', *, *, #9208, .F. ) ;
#7010 = DIRECTION ( 'NONE',  ( 0.000000000000000000, 1.000000000000000000, 0.000000000000000000 ) ) ;
#7011 = EDGE_LOOP ( 'NONE', ( #2682, #4238, #13035, #10414, #7965, #2010, #2092, #12502 ) ) ;
#7012 = EDGE_LOOP ( 'NONE', ( #12232, #2620, #1375, #810 ) ) ;
#7013 = DIRECTION ( 'NONE',  ( 0.000000000000000000, 1.000000000000000000, 0.000000000000000000 ) ) ;
#7014 = CARTESIAN_POINT ( 'NONE',  ( -3.149999999999999911, -22.58650000000000091, -3.509999999999999787 ) ) ;
#7015 = CARTESIAN_POINT ( 'NONE',  ( 8.474999999999999645, -17.57000000000000384, 13.40000000000000036 ) ) ;
#7016 = CARTESIAN_POINT ( 'NONE',  ( 1.395000000000000018, -22.96649999999999991, 0.000000000000000000 ) ) ;
#7017 = VERTEX_POINT ( 'NONE', #10993 ) ;
#7018 = VERTEX_POINT ( 'NONE', #5491 ) ;
#7019 = CARTESIAN_POINT ( 'NONE',  ( 1.395000000000000018, -22.96649999999999991, 15.74000000000000021 ) ) ;
#7020 = CARTESIAN_POINT ( 'NONE',  ( -10.80380592228950221, -15.22000000000000597, -9.056194077713502821 ) ) ;
#7021 = DIRECTION ( 'NONE',  ( -1.000000000000000000, -0.000000000000000000, -0.000000000000000000 ) ) ;
#7022 = EDGE_LOOP ( 'NONE', ( #5335, #5486, #8762, #11241 ) ) ;
#7023 = VECTOR ( 'NONE', #48, 1000.000000000000000 ) ;
#7024 = EDGE_CURVE ( 'NONE', #5656, #484, #8623, .T. ) ;
#7025 = CARTESIAN_POINT ( 'NONE',  ( -1.295000000000000151, -24.26650000000000063, 54.32361600000000834 ) ) ;
#7026 = ORIENTED_EDGE ( 'NONE', *, *, #6271, .T. ) ;
#7027 = CARTESIAN_POINT ( 'NONE',  ( -3.149999999999999911, -21.56650000000000134, 0.000000000000000000 ) ) ;
#7028 = ORIENTED_EDGE ( 'NONE', *, *, #2023, .F. ) ;
#7029 = DIRECTION ( 'NONE',  ( 0.000000000000000000, 0.000000000000000000, -1.000000000000000000 ) ) ;
#7030 = CARTESIAN_POINT ( 'NONE',  ( 0.000000000000000000, -17.94999999999999929, -4.500000000000000888 ) ) ;
#7031 = DIRECTION ( 'NONE',  ( -1.000000000000000000, 0.000000000000000000, -0.000000000000000000 ) ) ;
#7032 = PLANE ( 'NONE',  #11100 ) ;
#7033 = ORIENTED_EDGE ( 'NONE', *, *, #10052, .F. ) ;
#7034 = AXIS2_PLACEMENT_3D ( 'NONE', #8030, #6793, #9138 ) ;
#7035 = CARTESIAN_POINT ( 'NONE',  ( -3.850000000000000089, -21.56650000000000134, 4.650000000000000355 ) ) ;
#7036 = LINE ( 'NONE', #10424, #5553 ) ;
#7037 = CARTESIAN_POINT ( 'NONE',  ( 4.715000000000000746, -17.35153820345999875, 4.830000000000000071 ) ) ;
#7038 = ORIENTED_EDGE ( 'NONE', *, *, #11071, .F. ) ;
#7039 = EDGE_CURVE ( 'NONE', #6082, #1233, #10933, .T. ) ;
#7040 = DIRECTION ( 'NONE',  ( -0.000000000000000000, 0.000000000000000000, 1.000000000000000000 ) ) ;
#7041 = ADVANCED_FACE ( 'NONE', ( #10911 ), #417, .T. ) ;
#7042 = CARTESIAN_POINT ( 'NONE',  ( -9.156828893442908068, -12.04650000000000887, 3.629999999999999449 ) ) ;
#7043 = VECTOR ( 'NONE', #1034, 1000.000000000000114 ) ;
#7044 = CARTESIAN_POINT ( 'NONE',  ( -5.205000000000000071, -22.96649999999999991, -1.879999999999999893 ) ) ;
#7045 = CARTESIAN_POINT ( 'NONE',  ( 7.000000000000000000, -15.34650000000000070, -0.1000000000000000056 ) ) ;
#7046 = EDGE_CURVE ( 'NONE', #4325, #11692, #3405, .T. ) ;
#7047 =( LENGTH_UNIT ( ) NAMED_UNIT ( * ) SI_UNIT ( .MILLI., .METRE. ) );
#7049 = VERTEX_POINT ( 'NONE', #7719 ) ;
#7048 = CARTESIAN_POINT ( 'NONE',  ( -1.395000000000000018, -23.77649999999999864, -1.830000000000000071 ) ) ;
#7050 = DIRECTION ( 'NONE',  ( -0.7071067811865474617, 0.000000000000000000, 0.7071067811865474617 ) ) ;
#7051 = LINE ( 'NONE', #10306, #4563 ) ;
#7052 = ADVANCED_FACE ( 'NONE', ( #12938 ), #3341, .F. ) ;
#7053 = CARTESIAN_POINT ( 'NONE',  ( 2.285000000000000142, -13.31649999999999956, -3.299999999999999822 ) ) ;
#7054 = FILL_AREA_STYLE_COLOUR ( '', #10311 ) ;
#7055 = DIRECTION ( 'NONE',  ( -1.000000000000000000, -0.000000000000000000, -0.000000000000000000 ) ) ;
#7056 = EDGE_CURVE ( 'NONE', #4145, #3502, #1391, .T. ) ;
#7057 = CARTESIAN_POINT ( 'NONE',  ( 1.270000000000000018, -17.37650000000000006, -4.320000000000000284 ) ) ;
#7058 = CARTESIAN_POINT ( 'NONE',  ( 5.730000000000000426, -21.18649999999999878, 3.840000000000000302 ) ) ;
#7059 = EDGE_LOOP ( 'NONE', ( #2284, #1875, #4351, #6947, #11293 ) ) ;
#7060 = VERTEX_POINT ( 'NONE', #7656 ) ;
#7061 = CARTESIAN_POINT ( 'NONE',  ( -5.679199999999999804, 3.589199999999999946, 4.500000000000000888 ) ) ;
#7062 = ORIENTED_EDGE ( 'NONE', *, *, #10266, .T. ) ;
#7063 = EDGE_LOOP ( 'NONE', ( #12097, #1456, #3851, #13613 ) ) ;
#7064 = DIRECTION ( 'NONE',  ( -1.000000000000000000, -0.000000000000000000, 0.000000000000000000 ) ) ;
#7065 = LINE ( 'NONE', #2046, #3226 ) ;
#7066 = PLANE ( 'NONE',  #6095 ) ;
#7067 = ORIENTED_EDGE ( 'NONE', *, *, #5111, .F. ) ;
#7068 = CARTESIAN_POINT ( 'NONE',  ( -5.220000000000005969, -2.673278531664997182, 4.500000000000000888 ) ) ;
#7069 = EDGE_CURVE ( 'NONE', #9715, #5269, #5562, .T. ) ;
#7070 = DIRECTION ( 'NONE',  ( -0.000000000000000000, 1.000000000000000000, 0.000000000000000000 ) ) ;
#7071 = EDGE_LOOP ( 'NONE', ( #12494, #82, #653, #2708, #11506, #1002 ) ) ;
#7072 = ORIENTED_EDGE ( 'NONE', *, *, #1288, .T. ) ;
#7073 = EDGE_CURVE ( 'NONE', #7612, #4738, #13016, .T. ) ;
#7074 = EDGE_LOOP ( 'NONE', ( #10017, #8025, #3011, #5784 ) ) ;
#7075 = CARTESIAN_POINT ( 'NONE',  ( -13.50000000000000000, 0.000000000000000000, 15.80886698680999913 ) ) ;
#7076 = ADVANCED_FACE ( 'NONE', ( #136 ), #9870, .T. ) ;
#7077 = ORIENTED_EDGE ( 'NONE', *, *, #6967, .F. ) ;
#7078 = ORIENTED_EDGE ( 'NONE', *, *, #1669, .T. ) ;
#7079 = EDGE_CURVE ( 'NONE', #9125, #10416, #5831, .T. ) ;
#7080 = LINE ( 'NONE', #1580, #9169 ) ;
#7081 = LINE ( 'NONE', #8131, #1986 ) ;
#7082 = CARTESIAN_POINT ( 'NONE',  ( -8.275000000000000355, -17.37650000000000006, 4.650000000000000355 ) ) ;
#7083 = CARTESIAN_POINT ( 'NONE',  ( 4.584999999999999964, -2.337200000000000166, 4.500000000000000888 ) ) ;
#7084 = ORIENTED_EDGE ( 'NONE', *, *, #9489, .T. ) ;
#7085 = ORIENTED_EDGE ( 'NONE', *, *, #9242, .F. ) ;
#7086 = EDGE_CURVE ( 'NONE', #7813, #7453, #5635, .T. ) ;
#7087 = PLANE ( 'NONE',  #781 ) ;
#7088 = AXIS2_PLACEMENT_3D ( 'NONE', #2238, #6477, #13024 ) ;
#7089 = UNCERTAINTY_MEASURE_WITH_UNIT (LENGTH_MEASURE( 1.000000000000000082E-05 ), #4830, 'distance_accuracy_value', 'NONE');
#7090 = FACE_OUTER_BOUND ( 'NONE', #3704, .T. ) ;
#7091 = ORIENTED_EDGE ( 'NONE', *, *, #8453, .F. ) ;
#7092 = DIRECTION ( 'NONE',  ( 1.000000000000000000, 0.000000000000000000, -0.000000000000000000 ) ) ;
#7093 = ORIENTED_EDGE ( 'NONE', *, *, #2389, .T. ) ;
#7094 = MECHANICAL_DESIGN_GEOMETRIC_PRESENTATION_REPRESENTATION (  '', ( #6412 ), #9963 ) ;
#7095 = VECTOR ( 'NONE', #158, 1000.000000000000000 ) ;
#7096 = DIRECTION ( 'NONE',  ( 0.000000000000000000, -0.000000000000000000, -1.000000000000000000 ) ) ;
#7097 = VECTOR ( 'NONE', #7179, 1000.000000000000000 ) ;
#7098 = VERTEX_POINT ( 'NONE', #3607 ) ;
#7099 = CARTESIAN_POINT ( 'NONE',  ( -14.55875721063900130, -17.94999999999999929, -6.831242789364999624 ) ) ;
#7100 = DIRECTION ( 'NONE',  ( 0.000000000000000000, 0.000000000000000000, 1.000000000000000000 ) ) ;
#7101 = VECTOR ( 'NONE', #9246, 1000.000000000000000 ) ;
#7102 = CARTESIAN_POINT ( 'NONE',  ( -1.394999999999999796, -23.77649999999999508, 15.74000000000000021 ) ) ;
#7103 = CARTESIAN_POINT ( 'NONE',  ( -1.320799999999999974, 3.589199999999999946, 0.000000000000000000 ) ) ;
#7104 = CARTESIAN_POINT ( 'NONE',  ( -9.156828893443000439, -12.04650000000000176, 4.500000000000000888 ) ) ;
#7105 = AXIS2_PLACEMENT_3D ( 'NONE', #6822, #7029, #8959 ) ;
#7106 = DIRECTION ( 'NONE',  ( 1.000000000000000000, 0.000000000000000000, 0.000000000000000000 ) ) ;
#7107 = FACE_OUTER_BOUND ( 'NONE', #11237, .T. ) ;
#7108 = PRESENTATION_LAYER_ASSIGNMENT (  '', '', ( #5101 ) ) ;
#7109 = CARTESIAN_POINT ( 'NONE',  ( -1.294999999999999929, -33.95649999999871937, 1.145000000000000240 ) ) ;
#7110 = VECTOR ( 'NONE', #6780, 1000.000000000000000 ) ;
#7111 = ORIENTED_EDGE ( 'NONE', *, *, #8925, .F. ) ;
#7112 = CARTESIAN_POINT ( 'NONE',  ( -5.605000000000000426, -23.77649999999999864, 4.650000000000000355 ) ) ;
#7113 = DIRECTION ( 'NONE',  ( 0.000000000000000000, 0.000000000000000000, -1.000000000000000000 ) ) ;
#7114 = CARTESIAN_POINT ( 'NONE',  ( 20.30000000000000071, 0.000000000000000000, -4.400000000000000355 ) ) ;
#7115 = VECTOR ( 'NONE', #7587, 1000.000000000000000 ) ;
#7117 = EDGE_LOOP ( 'NONE', ( #10117, #5005, #7823, #3786, #13316, #13532, #2446, #3081, #723, #5811, #6930, #6021 ) ) ;
#7116 = DIRECTION ( 'NONE',  ( -1.000000000000000000, 0.000000000000000000, 0.000000000000000000 ) ) ;
#7118 = FACE_OUTER_BOUND ( 'NONE', #112, .T. ) ;
#7119 = CARTESIAN_POINT ( 'NONE',  ( 1.294999999999999929, -19.40650000000000119, -4.500000000000000888 ) ) ;
#7120 = LINE ( 'NONE', #9128, #1437 ) ;
#7121 = ADVANCED_FACE ( 'NONE', ( #7855 ), #4589, .F. ) ;
#7122 = DIRECTION ( 'NONE',  ( -0.000000000000000000, 1.000000000000000000, 0.000000000000000000 ) ) ;
#7123 =( NAMED_UNIT ( * ) PLANE_ANGLE_UNIT ( ) SI_UNIT ( $, .RADIAN. ) );
#7124 = FILL_AREA_STYLE_COLOUR ( '', #6039 ) ;
#7125 = DIRECTION ( 'NONE',  ( 0.000000000000000000, 1.000000000000000000, 0.000000000000000000 ) ) ;
#7126 = VECTOR ( 'NONE', #473, 1000.000000000000000 ) ;
#7127 = EDGE_CURVE ( 'NONE', #4257, #3532, #8059, .T. ) ;
#7128 = ORIENTED_EDGE ( 'NONE', *, *, #977, .F. ) ;
#7129 = SURFACE_SIDE_STYLE ('',( #583 ) ) ;
#7130 = ORIENTED_EDGE ( 'NONE', *, *, #13455, .F. ) ;
#7131 = ORIENTED_EDGE ( 'NONE', *, *, #6826, .F. ) ;
#7132 = CARTESIAN_POINT ( 'NONE',  ( 13.50000000000000000, -15.40000000000000213, 13.40886698681000055 ) ) ;
#7133 = EDGE_CURVE ( 'NONE', #11229, #1724, #12117, .T. ) ;
#7134 = ORIENTED_EDGE ( 'NONE', *, *, #8494, .T. ) ;
#7135 = ORIENTED_EDGE ( 'NONE', *, *, #6295, .T. ) ;
#7136 = CARTESIAN_POINT ( 'NONE',  ( -4.584999999999999964, -22.58650000000000091, 4.650000000000000355 ) ) ;
#7137 = CARTESIAN_POINT ( 'NONE',  ( -0.4949999999999999956, -22.96649999999999991, -1.655000000000000027 ) ) ;
#7138 =( GEOMETRIC_REPRESENTATION_CONTEXT ( 3 ) GLOBAL_UNCERTAINTY_ASSIGNED_CONTEXT ( ( #7089 ) ) GLOBAL_UNIT_ASSIGNED_CONTEXT ( ( #4830, #9271, #9061 ) ) REPRESENTATION_CONTEXT ( 'NONE', 'WORKASPACE' ) );
#7139 = EDGE_CURVE ( 'NONE', #12293, #2365, #10777, .T. ) ;
#7140 = PLANE ( 'NONE',  #2310 ) ;
#7141 = ORIENTED_EDGE ( 'NONE', *, *, #523, .F. ) ;
#7142 = FACE_OUTER_BOUND ( 'NONE', #6360, .T. ) ;
#7143 = DIRECTION ( 'NONE',  ( -0.000000000000000000, 1.000000000000000000, -0.000000000000000000 ) ) ;
#7144 = ORIENTED_EDGE ( 'NONE', *, *, #9997, .F. ) ;
#7145 = EDGE_CURVE ( 'NONE', #593, #1027, #3601, .T. ) ;
#7146 = ORIENTED_EDGE ( 'NONE', *, *, #11540, .T. ) ;
#7147 = DIRECTION ( 'NONE',  ( 0.000000000000000000, 0.000000000000000000, 1.000000000000000000 ) ) ;
#7148 = ADVANCED_FACE ( 'NONE', ( #1183 ), #9661, .T. ) ;
#7149 = ORIENTED_EDGE ( 'NONE', *, *, #1764, .T. ) ;
#7150 = ORIENTED_EDGE ( 'NONE', *, *, #1626, .F. ) ;
#7151 = LINE ( 'NONE', #10547, #510 ) ;
#7152 = FACE_OUTER_BOUND ( 'NONE', #12370, .T. ) ;
#7153 = CARTESIAN_POINT ( 'NONE',  ( 12.95619407771300047, 3.200000000000000178, -6.903805922290000119 ) ) ;
#7154 = DIRECTION ( 'NONE',  ( 1.000000000000000000, 0.000000000000000000, 0.000000000000000000 ) ) ;
#7155 = EDGE_LOOP ( 'NONE', ( #4781, #2048, #11090, #198 ) ) ;
#7156 = AXIS2_PLACEMENT_3D ( 'NONE', #825, #8461, #12709 ) ;
#7157 = DIRECTION ( 'NONE',  ( 0.000000000000000000, 0.000000000000000000, 1.000000000000000000 ) ) ;
#7158 = LINE ( 'NONE', #2003, #4478 ) ;
#7159 = ORIENTED_EDGE ( 'NONE', *, *, #8477, .F. ) ;
#7160 = EDGE_CURVE ( 'NONE', #8603, #10672, #4937, .T. ) ;
#7161 = ORIENTED_EDGE ( 'NONE', *, *, #7758, .T. ) ;
#7162 = MECHANICAL_DESIGN_GEOMETRIC_PRESENTATION_REPRESENTATION (  '', ( #30 ), #4702 ) ;
#7163 = EDGE_CURVE ( 'NONE', #6658, #6801, #10280, .T. ) ;
#7164 = VECTOR ( 'NONE', #2140, 1000.000000000000000 ) ;
#7165 = ADVANCED_FACE ( 'NONE', ( #6955 ), #4871, .T. ) ;
#7166 = CARTESIAN_POINT ( 'NONE',  ( -6.365000000000000213, -17.37650000000000006, 15.50000000000000000 ) ) ;
#7167 = ORIENTED_EDGE ( 'NONE', *, *, #1518, .T. ) ;
#7168 = DIRECTION ( 'NONE',  ( 0.000000000000000000, -0.000000000000000000, -1.000000000000000000 ) ) ;
#7169 = PLANE ( 'NONE',  #7747 ) ;
#7170 = DIRECTION ( 'NONE',  ( 0.000000000000000000, -1.000000000000000000, -0.000000000000000000 ) ) ;
#7171 = DIRECTION ( 'NONE',  ( -1.000000000000000000, 0.000000000000000000, -0.000000000000000000 ) ) ;
#7172 = LINE ( 'NONE', #12525, #9525 ) ;
#7173 = EDGE_CURVE ( 'NONE', #9403, #10523, #10147, .T. ) ;
#7174 = AXIS2_PLACEMENT_3D ( 'NONE', #3541, #4513, #6753 ) ;
#7175 = FACE_OUTER_BOUND ( 'NONE', #2826, .T. ) ;
#7176 = ADVANCED_FACE ( 'NONE', ( #5911 ), #6824, .T. ) ;
#7177 = PLANE ( 'NONE',  #6237 ) ;
#7178 = EDGE_CURVE ( 'NONE', #2416, #4993, #49, .T. ) ;
#7179 = DIRECTION ( 'NONE',  ( -0.000000000000000000, 0.000000000000000000, 1.000000000000000000 ) ) ;
#7180 = EDGE_LOOP ( 'NONE', ( #9214, #4861, #11308, #7651, #1714, #2035, #4518 ) ) ;
#7181 = DIRECTION ( 'NONE',  ( -0.000000000000000000, -1.000000000000000000, -0.000000000000000000 ) ) ;
#7182 = VECTOR ( 'NONE', #8328, 1000.000000000000000 ) ;
#7183 = ADVANCED_FACE ( 'NONE', ( #9248 ), #5982, .T. ) ;
#7184 = CARTESIAN_POINT ( 'NONE',  ( -1.270000000000000018, -15.34650000000000070, -4.320000000000000284 ) ) ;
#7185 = VECTOR ( 'NONE', #3819, 1000.000000000000114 ) ;
#7186 = VERTEX_POINT ( 'NONE', #7930 ) ;
#7187 = DIRECTION ( 'NONE',  ( 0.000000000000000000, -1.000000000000000000, 0.000000000000000000 ) ) ;
#7188 = FACE_OUTER_BOUND ( 'NONE', #5442, .T. ) ;
#7189 = CYLINDRICAL_SURFACE ( 'NONE', #8267, 3.510000000000000231 ) ;
#7190 = AXIS2_PLACEMENT_3D ( 'NONE', #2057, #10670, #1076 ) ;
#7192 = ORIENTED_EDGE ( 'NONE', *, *, #4467, .F. ) ;
#7191 = CARTESIAN_POINT ( 'NONE',  ( -8.320800000000000196, -2.337200000000000166, 4.500000000000000888 ) ) ;
#7193 = EDGE_CURVE ( 'NONE', #7918, #10354, #11058, .T. ) ;
#7194 = PLANE ( 'NONE',  #4415 ) ;
#7195 = CARTESIAN_POINT ( 'NONE',  ( 1.320799999999999974, -2.337200000000000166, 0.5000000000000000000 ) ) ;
#7196 = LINE ( 'NONE', #10307, #11662 ) ;
#7197 = AXIS2_PLACEMENT_3D ( 'NONE', #252, #4490, #8739 ) ;
#7198 = CARTESIAN_POINT ( 'NONE',  ( -1.499999999999999556, -17.57000000000000384, -12.90000000000000036 ) ) ;
#7199 = LINE ( 'NONE', #1836, #1786 ) ;
#7200 = CARTESIAN_POINT ( 'NONE',  ( -11.42999999999999972, 3.589199999999999946, -1.017359312880999900 ) ) ;
#7201 = FACE_OUTER_BOUND ( 'NONE', #6525, .T. ) ;
#7202 = EDGE_CURVE ( 'NONE', #3908, #6166, #8147, .T. ) ;
#7203 = VECTOR ( 'NONE', #1257, 1000.000000000000114 ) ;
#7204 = VECTOR ( 'NONE', #13420, 1000.000000000000000 ) ;
#7205 = CARTESIAN_POINT ( 'NONE',  ( -2.285000000000000142, -19.40650000000000119, -4.320000000000000284 ) ) ;
#7206 = AXIS2_PLACEMENT_3D ( 'NONE', #1424, #3359, #5666 ) ;
#7207 = VERTEX_POINT ( 'NONE', #12180 ) ;
#7208 = ORIENTED_EDGE ( 'NONE', *, *, #789, .F. ) ;
#7209 = LINE ( 'NONE', #6083, #2494 ) ;
#7210 = ORIENTED_EDGE ( 'NONE', *, *, #9860, .T. ) ;
#7211 = VERTEX_POINT ( 'NONE', #2718 ) ;
#7212 = ADVANCED_FACE ( 'NONE', ( #4729 ), #1813, .T. ) ;
#7213 = CIRCLE ( 'NONE', #1194, 4.750000000000000000 ) ;
#7214 = LINE ( 'NONE', #9337, #5040 ) ;
#7215 = LINE ( 'NONE', #5049, #2790 ) ;
#7216 = DIRECTION ( 'NONE',  ( -0.8786293792632253741, 0.4775043600801140986, 0.000000000000000000 ) ) ;
#7217 = ORIENTED_EDGE ( 'NONE', *, *, #8411, .F. ) ;
#7218 = AXIS2_PLACEMENT_3D ( 'NONE', #10968, #9018, #2562 ) ;
#7219 = LINE ( 'NONE', #11582, #2527 ) ;
#7220 = VECTOR ( 'NONE', #9499, 1000.000000000000227 ) ;
#7221 = DIRECTION ( 'NONE',  ( -0.000000000000000000, -1.000000000000000000, 0.000000000000000000 ) ) ;
#7222 = VECTOR ( 'NONE', #1638, 1000.000000000000000 ) ;
#7223 = LINE ( 'NONE', #936, #10666 ) ;
#7224 = EDGE_CURVE ( 'NONE', #459, #5112, #3753, .T. ) ;
#7225 = VECTOR ( 'NONE', #2881, 1000.000000000000000 ) ;
#7226 = ORIENTED_EDGE ( 'NONE', *, *, #3746, .F. ) ;
#7227 = AXIS2_PLACEMENT_3D ( 'NONE', #10761, #5693, #8875 ) ;
#7228 = CARTESIAN_POINT ( 'NONE',  ( -3.935000000000000053, -20.17650000000000077, -4.500000000000000888 ) ) ;
#7229 = ORIENTED_EDGE ( 'NONE', *, *, #11094, .F. ) ;
#7230 = ORIENTED_EDGE ( 'NONE', *, *, #1119, .F. ) ;
#7231 = DIRECTION ( 'NONE',  ( 0.000000000000000000, 0.000000000000000000, -1.000000000000000000 ) ) ;
#7232 = DIRECTION ( 'NONE',  ( 0.000000000000000000, 1.000000000000000000, 0.000000000000000000 ) ) ;
#7233 = EDGE_CURVE ( 'NONE', #6323, #6084, #10703, .T. ) ;
#7234 = LINE ( 'NONE', #7429, #6705 ) ;
#7235 = ORIENTED_EDGE ( 'NONE', *, *, #5800, .T. ) ;
#7236 = EDGE_CURVE ( 'NONE', #1243, #10045, #3685, .T. ) ;
#7237 = LINE ( 'NONE', #6182, #3170 ) ;
#7238 = ORIENTED_EDGE ( 'NONE', *, *, #7623, .T. ) ;
#7239 = VECTOR ( 'NONE', #889, 1000.000000000000000 ) ;
#7240 = VERTEX_POINT ( 'NONE', #2581 ) ;
#7241 = UNCERTAINTY_MEASURE_WITH_UNIT (LENGTH_MEASURE( 1.000000000000000082E-05 ), #6510, 'distance_accuracy_value', 'NONE');
#7242 = STYLED_ITEM ( 'NONE', ( #9743 ), #13321 ) ;
#7243 = ORIENTED_EDGE ( 'NONE', *, *, #11879, .F. ) ;
#7244 = DIRECTION ( 'NONE',  ( -1.000000000000000000, -0.000000000000000000, -0.000000000000000000 ) ) ;
#7245 = ORIENTED_EDGE ( 'NONE', *, *, #2227, .T. ) ;
#7246 = CYLINDRICAL_SURFACE ( 'NONE', #4066, 1.750000000000000000 ) ;
#7247 = FILL_AREA_STYLE_COLOUR ( '', #6639 ) ;
#7248 = FILL_AREA_STYLE ('',( #5277 ) ) ;
#7249 = VECTOR ( 'NONE', #468, 1000.000000000000000 ) ;
#7250 = FACE_OUTER_BOUND ( 'NONE', #11020, .T. ) ;
#7251 = EDGE_CURVE ( 'NONE', #3076, #11494, #10215, .T. ) ;
#7252 = CARTESIAN_POINT ( 'NONE',  ( 20.00000000000000000, -2.399999999999999911, -1.750000000000000000 ) ) ;
#7253 = DIRECTION ( 'NONE',  ( 0.000000000000000000, 0.000000000000000000, -1.000000000000000000 ) ) ;
#7254 = DIRECTION ( 'NONE',  ( -0.09602825923645796902, 0.9953786080823796567, 0.000000000000000000 ) ) ;
#7255 = ORIENTED_EDGE ( 'NONE', *, *, #1644, .F. ) ;
#7256 = DIRECTION ( 'NONE',  ( 0.000000000000000000, -0.000000000000000000, -1.000000000000000000 ) ) ;
#7257 = ORIENTED_EDGE ( 'NONE', *, *, #8681, .T. ) ;
#7258 = EDGE_CURVE ( 'NONE', #12533, #10121, #1679, .T. ) ;
#7259 = DIRECTION ( 'NONE',  ( -1.000000000000000000, -0.000000000000000000, 0.000000000000000000 ) ) ;
#7260 = DIRECTION ( 'NONE',  ( 1.000000000000000000, 0.000000000000000000, 0.000000000000000000 ) ) ;
#7262 = AXIS2_PLACEMENT_3D ( 'NONE', #6242, #8390, #3113 ) ;
#7261 = CARTESIAN_POINT ( 'NONE',  ( -15.94999999999999929, -2.399999999999999467, -3.472485578728000011 ) ) ;
#7263 = EDGE_CURVE ( 'NONE', #6925, #5471, #5773, .T. ) ;
#7264 = ORIENTED_EDGE ( 'NONE', *, *, #10174, .T. ) ;
#7265 = CARTESIAN_POINT ( 'NONE',  ( -1.270000000000000018, -15.34650000000000070, -3.509999999999999787 ) ) ;
#7266 = DIRECTION ( 'NONE',  ( -0.000000000000000000, 0.000000000000000000, -1.000000000000000000 ) ) ;
#7267 = DIRECTION ( 'NONE',  ( 0.000000000000000000, 0.000000000000000000, 1.000000000000000000 ) ) ;
#7268 = ADVANCED_FACE ( 'NONE', ( #13219 ), #8068, .F. ) ;
#7269 = DIRECTION ( 'NONE',  ( 0.000000000000000000, 0.000000000000000000, -1.000000000000000000 ) ) ;
#7270 = SURFACE_STYLE_USAGE ( .BOTH. , #8432 ) ;
#7271 = DIRECTION ( 'NONE',  ( 0.000000000000000000, 0.000000000000000000, -1.000000000000000000 ) ) ;
#7272 = PLANE ( 'NONE',  #4401 ) ;
#7273 = AXIS2_PLACEMENT_3D ( 'NONE', #436, #5929, #4753 ) ;
#7274 = ORIENTED_EDGE ( 'NONE', *, *, #9030, .F. ) ;
#7275 = SURFACE_STYLE_USAGE ( .BOTH. , #13583 ) ;
#7276 = ORIENTED_EDGE ( 'NONE', *, *, #1594, .T. ) ;
#7277 = ORIENTED_EDGE ( 'NONE', *, *, #9527, .T. ) ;
#7278 = DIRECTION ( 'NONE',  ( 0.000000000000000000, 1.000000000000000000, 0.000000000000000000 ) ) ;
#7279 = ORIENTED_EDGE ( 'NONE', *, *, #13760, .F. ) ;
#7280 = EDGE_LOOP ( 'NONE', ( #4898, #698, #13261, #6511 ) ) ;
#7281 = LINE ( 'NONE', #12630, #6819 ) ;
#7282 = LINE ( 'NONE', #3930, #1898 ) ;
#7283 = DIRECTION ( 'NONE',  ( -1.000000000000000000, 0.000000000000000000, 0.000000000000000000 ) ) ;
#7284 = ORIENTED_EDGE ( 'NONE', *, *, #9617, .T. ) ;
#7285 = SURFACE_SIDE_STYLE ('',( #3036 ) ) ;
#7286 =( LENGTH_UNIT ( ) NAMED_UNIT ( * ) SI_UNIT ( .MILLI., .METRE. ) );
#7287 = PLANE ( 'NONE',  #11781 ) ;
#7288 = ORIENTED_EDGE ( 'NONE', *, *, #12332, .T. ) ;
#7289 = DIRECTION ( 'NONE',  ( 0.000000000000000000, 0.000000000000000000, 1.000000000000000000 ) ) ;
#7290 = ORIENTED_EDGE ( 'NONE', *, *, #13567, .F. ) ;
#7291 = EDGE_LOOP ( 'NONE', ( #4113, #8258 ) ) ;
#7292 = LINE ( 'NONE', #7358, #12143 ) ;
#7293 = LINE ( 'NONE', #885, #5172 ) ;
#7294 = DIRECTION ( 'NONE',  ( -1.000000000000000000, 0.000000000000000000, 0.000000000000000000 ) ) ;
#7295 = VERTEX_POINT ( 'NONE', #11610 ) ;
#7296 = CARTESIAN_POINT ( 'NONE',  ( 12.20500000000000007, -22.96649999999999991, 7.519999999999999574 ) ) ;
#7297 = EDGE_CURVE ( 'NONE', #7207, #3664, #2083, .T. ) ;
#7298 = DIRECTION ( 'NONE',  ( 0.000000000000000000, 0.000000000000000000, 1.000000000000000000 ) ) ;
#7299 = ORIENTED_EDGE ( 'NONE', *, *, #1723, .F. ) ;
#7300 = ORIENTED_EDGE ( 'NONE', *, *, #8, .T. ) ;
#7301 = ADVANCED_FACE ( 'NONE', ( #11478, #4096 ), #5222, .T. ) ;
#7302 = ORIENTED_EDGE ( 'NONE', *, *, #13567, .T. ) ;
#7303 = LINE ( 'NONE', #10415, #5866 ) ;
#7304 = ORIENTED_EDGE ( 'NONE', *, *, #11052, .F. ) ;
#7305 = FACE_OUTER_BOUND ( 'NONE', #12010, .T. ) ;
#7306 = SURFACE_SIDE_STYLE ('',( #769 ) ) ;
#7307 = PLANE ( 'NONE',  #12075 ) ;
#7308 = CARTESIAN_POINT ( 'NONE',  ( -2.415000000000000036, -2.337200000000000166, -4.500000000000000888 ) ) ;
#7309 = VECTOR ( 'NONE', #3780, 1000.000000000000000 ) ;
#7310 = EDGE_CURVE ( 'NONE', #4969, #386, #13695, .T. ) ;
#7311 = LINE ( 'NONE', #9177, #5318 ) ;
#7312 = DIRECTION ( 'NONE',  ( 0.000000000000000000, 1.000000000000000000, 0.000000000000000000 ) ) ;
#7313 = DIRECTION ( 'NONE',  ( 1.000000000000000000, -0.000000000000000000, 0.000000000000000000 ) ) ;
#7314 = CARTESIAN_POINT ( 'NONE',  ( 9.414999999999999147, -21.18649999999999878, 3.840000000000000302 ) ) ;
#7315 = EDGE_LOOP ( 'NONE', ( #10189, #4909, #9275, #7141, #1946, #904, #12211, #2923, #8703, #2941 ) ) ;
#7316 = PRESENTATION_LAYER_ASSIGNMENT (  '', '', ( #4637 ) ) ;
#7317 = VECTOR ( 'NONE', #13439, 1000.000000000000000 ) ;
#7318 = AXIS2_PLACEMENT_3D ( 'NONE', #837, #8145, #6328 ) ;
#7319 = VECTOR ( 'NONE', #2699, 1000.000000000000000 ) ;
#7320 = CARTESIAN_POINT ( 'NONE',  ( -14.85999999999999943, 3.200000000000000178, 4.960000000000000853 ) ) ;
#7321 = EDGE_CURVE ( 'NONE', #4280, #4586, #2153, .T. ) ;
#7322 = EDGE_LOOP ( 'NONE', ( #5244, #10872, #321, #12424, #2608, #3044, #13190, #835, #12788, #1617, #7288, #3123, #3508, #8455, #7966, #11168, #12146, #3941, #6220, #6137, #8698, #5523, #1719, #7028 ) ) ;
#7323 = CARTESIAN_POINT ( 'NONE',  ( 1.395000000000000018, -22.78650000000000020, -4.320000000000000284 ) ) ;
#7324 = DIRECTION ( 'NONE',  ( 0.7071067811865474617, 0.000000000000000000, 0.7071067811865474617 ) ) ;
#7325 = CARTESIAN_POINT ( 'NONE',  ( -0.4949999999999999956, -23.77649999999999508, -1.655000000000000249 ) ) ;
#7326 = VECTOR ( 'NONE', #4868, 1000.000000000000000 ) ;
#7327 = ORIENTED_EDGE ( 'NONE', *, *, #8062, .T. ) ;
#7328 = CYLINDRICAL_SURFACE ( 'NONE', #10184, 0.9899999999999999911 ) ;
#7329 = AXIS2_PLACEMENT_3D ( 'NONE', #9524, #3408, #3280 ) ;
#7330 = LINE ( 'NONE', #3147, #9854 ) ;
#7331 = PLANE ( 'NONE',  #5776 ) ;
#7332 = FACE_OUTER_BOUND ( 'NONE', #7486, .T. ) ;
#7333 = ORIENTED_EDGE ( 'NONE', *, *, #377, .F. ) ;
#7334 = DIRECTION ( 'NONE',  ( 0.000000000000000000, 0.000000000000000000, 1.000000000000000000 ) ) ;
#7335 = EDGE_CURVE ( 'NONE', #11581, #2416, #6126, .T. ) ;
#7336 = AXIS2_PLACEMENT_3D ( 'NONE', #9057, #1418, #13300 ) ;
#7337 = VERTEX_POINT ( 'NONE', #10488 ) ;
#7338 = FACE_OUTER_BOUND ( 'NONE', #853, .T. ) ;
#7339 = ADVANCED_FACE ( 'NONE', ( #4025 ), #10567, .T. ) ;
#7340 = VERTEX_POINT ( 'NONE', #12667 ) ;
#7341 = EDGE_LOOP ( 'NONE', ( #5709, #9593, #7788, #7276 ) ) ;
#7342 = CARTESIAN_POINT ( 'NONE',  ( -2.415000000000000036, -2.337200000000000166, -3.509999999999999787 ) ) ;
#7343 = ORIENTED_EDGE ( 'NONE', *, *, #3252, .F. ) ;
#7344 = ORIENTED_EDGE ( 'NONE', *, *, #6574, .F. ) ;
#7345 = DIRECTION ( 'NONE',  ( 0.000000000000000000, -1.000000000000000000, 0.000000000000000000 ) ) ;
#7346 = FACE_OUTER_BOUND ( 'NONE', #802, .T. ) ;
#7347 = ORIENTED_EDGE ( 'NONE', *, *, #4384, .F. ) ;
#7348 = CARTESIAN_POINT ( 'NONE',  ( 1.068310202796999953, -2.286500000000000199, -4.320000000000000284 ) ) ;
#7349 = VECTOR ( 'NONE', #4961, 1000.000000000000000 ) ;
#7350 = CARTESIAN_POINT ( 'NONE',  ( 1.779999999999992699, -2.673278531664995850, -4.320000000000000284 ) ) ;
#7351 = DIRECTION ( 'NONE',  ( 0.000000000000000000, 0.000000000000000000, 1.000000000000000000 ) ) ;
#7352 = EDGE_CURVE ( 'NONE', #8049, #10559, #9504, .T. ) ;
#7353 = AXIS2_PLACEMENT_3D ( 'NONE', #9508, #3203, #9651 ) ;
#7354 = VERTEX_POINT ( 'NONE', #1036 ) ;
#7355 = CARTESIAN_POINT ( 'NONE',  ( -6.365000000000000213, -22.96649999999999991, 15.50000000000000000 ) ) ;
#7356 = ORIENTED_EDGE ( 'NONE', *, *, #4422, .F. ) ;
#7357 = VERTEX_POINT ( 'NONE', #5343 ) ;
#7358 = CARTESIAN_POINT ( 'NONE',  ( -13.50000000000000000, 0.000000000000000000, 14.30000000000000071 ) ) ;
#7359 = PLANE ( 'NONE',  #3184 ) ;
#7360 = PLANE ( 'NONE',  #4931 ) ;
#7361 = ORIENTED_EDGE ( 'NONE', *, *, #5258, .T. ) ;
#7362 = ADVANCED_FACE ( 'NONE', ( #13559 ), #2998, .T. ) ;
#7363 = PRESENTATION_STYLE_ASSIGNMENT (( #12647 ) ) ;
#7364 = EDGE_LOOP ( 'NONE', ( #10971, #6440, #8867, #5640, #10004, #1083 ) ) ;
#7365 = ORIENTED_EDGE ( 'NONE', *, *, #8060, .F. ) ;
#7366 = ORIENTED_EDGE ( 'NONE', *, *, #7888, .T. ) ;
#7367 = CARTESIAN_POINT ( 'NONE',  ( -8.269999999999999574, -2.337200000000000166, 4.500000000000000888 ) ) ;
#7368 = VERTEX_POINT ( 'NONE', #7447 ) ;
#7369 = CARTESIAN_POINT ( 'NONE',  ( -5.679199999999999804, -2.337200000000000166, 4.500000000000000888 ) ) ;
#7370 = CARTESIAN_POINT ( 'NONE',  ( -24.89999999999999858, -12.19999999999999929, 13.40886698681000055 ) ) ;
#7371 = DIRECTION ( 'NONE',  ( 0.000000000000000000, 0.000000000000000000, -1.000000000000000000 ) ) ;
#7372 = CARTESIAN_POINT ( 'NONE',  ( 0.005000000000000013115, -22.96649999999999991, -3.509999999999999787 ) ) ;
#7373 = DIRECTION ( 'NONE',  ( 0.000000000000000000, -1.000000000000000000, -0.000000000000000000 ) ) ;
#7374 = EDGE_CURVE ( 'NONE', #13044, #3447, #11686, .T. ) ;
#7375 = PRESENTATION_STYLE_ASSIGNMENT (( #10626 ) ) ;
#7376 =( NAMED_UNIT ( * ) PLANE_ANGLE_UNIT ( ) SI_UNIT ( $, .RADIAN. ) );
#7377 = DIRECTION ( 'NONE',  ( 0.000000000000000000, -1.000000000000000000, 0.000000000000000000 ) ) ;
#7378 = VECTOR ( 'NONE', #1270, 1000.000000000000000 ) ;
#7379 = ORIENTED_EDGE ( 'NONE', *, *, #9198, .T. ) ;
#7380 = VECTOR ( 'NONE', #8329, 1000.000000000000000 ) ;
#7381 = EDGE_CURVE ( 'NONE', #13113, #3349, #1101, .T. ) ;
#7382 = LINE ( 'NONE', #5086, #7857 ) ;
#7383 = ORIENTED_EDGE ( 'NONE', *, *, #11034, .F. ) ;
#7384 = LINE ( 'NONE', #8355, #762 ) ;
#7385 = PLANE ( 'NONE',  #509 ) ;
#7386 = DIRECTION ( 'NONE',  ( -1.000000000000000000, 0.000000000000000000, -0.000000000000000000 ) ) ;
#7387 = COLOUR_RGB ( '',1.000000000000000000, 1.000000000000000000, 1.000000000000000000 ) ;
#7388 = EDGE_CURVE ( 'NONE', #12589, #726, #185, .T. ) ;
#7389 = DIRECTION ( 'NONE',  ( 1.000000000000000000, 0.000000000000000000, 0.000000000000000000 ) ) ;
#7390 = DIRECTION ( 'NONE',  ( -1.000000000000000000, -0.000000000000000000, -0.000000000000000000 ) ) ;
#7391 = ADVANCED_FACE ( 'NONE', ( #6453 ), #1242, .F. ) ;
#7392 = ORIENTED_EDGE ( 'NONE', *, *, #58, .T. ) ;
#7393 = EDGE_CURVE ( 'NONE', #3156, #238, #10969, .T. ) ;
#7394 = AXIS2_PLACEMENT_3D ( 'NONE', #11897, #6544, #5430 ) ;
#7395 = ORIENTED_EDGE ( 'NONE', *, *, #958, .F. ) ;
#7396 = VECTOR ( 'NONE', #11474, 1000.000000000000000 ) ;
#7397 = LINE ( 'NONE', #1972, #2290 ) ;
#7398 = AXIS2_PLACEMENT_3D ( 'NONE', #7959, #869, #6088 ) ;
#7399 = ORIENTED_EDGE ( 'NONE', *, *, #8360, .F. ) ;
#7400 = VERTEX_POINT ( 'NONE', #2214 ) ;
#7401 = FACE_OUTER_BOUND ( 'NONE', #11995, .T. ) ;
#7402 = AXIS2_PLACEMENT_3D ( 'NONE', #11801, #6520, #4789 ) ;
#7403 = VERTEX_POINT ( 'NONE', #13060 ) ;
#7405 = ORIENTED_EDGE ( 'NONE', *, *, #3934, .F. ) ;
#7404 = DIRECTION ( 'NONE',  ( 1.000000000000000000, 0.000000000000000000, -0.000000000000000000 ) ) ;
#7406 = DIRECTION ( 'NONE',  ( 0.000000000000000000, -1.000000000000000000, -0.000000000000000000 ) ) ;
#7407 = DIRECTION ( 'NONE',  ( -0.000000000000000000, -0.000000000000000000, 1.000000000000000000 ) ) ;
#7408 = FACE_OUTER_BOUND ( 'NONE', #4564, .T. ) ;
#7409 = VERTEX_POINT ( 'NONE', #2414 ) ;
#7410 = DIRECTION ( 'NONE',  ( 0.000000000000000000, -0.000000000000000000, -1.000000000000000000 ) ) ;
#7411 = DIRECTION ( 'NONE',  ( 0.000000000000000000, 0.000000000000000000, -1.000000000000000000 ) ) ;
#7412 = EDGE_CURVE ( 'NONE', #12784, #6874, #7507, .T. ) ;
#7413 = VECTOR ( 'NONE', #3213, 1000.000000000000000 ) ;
#7414 = VECTOR ( 'NONE', #2659, 1000.000000000000000 ) ;
#7415 = DIRECTION ( 'NONE',  ( -0.000000000000000000, -0.000000000000000000, 1.000000000000000000 ) ) ;
#7416 = VECTOR ( 'NONE', #9601, 1000.000000000000000 ) ;
#7417 = AXIS2_PLACEMENT_3D ( 'NONE', #12491, #1852, #4135 ) ;
#7418 = ORIENTED_EDGE ( 'NONE', *, *, #5798, .T. ) ;
#7420 = DIRECTION ( 'NONE',  ( 0.000000000000000000, -0.000000000000000000, 1.000000000000000000 ) ) ;
#7419 = VECTOR ( 'NONE', #1470, 1000.000000000000000 ) ;
#7421 = ORIENTED_EDGE ( 'NONE', *, *, #3035, .F. ) ;
#7422 = VECTOR ( 'NONE', #12111, 1000.000000000000000 ) ;
#7423 = ORIENTED_EDGE ( 'NONE', *, *, #2880, .F. ) ;
#7424 = AXIS2_PLACEMENT_3D ( 'NONE', #1389, #6465, #10835 ) ;
#7425 = EDGE_CURVE ( 'NONE', #13026, #9276, #398, .T. ) ;
#7426 = DIRECTION ( 'NONE',  ( 0.000000000000000000, -0.000000000000000000, 1.000000000000000000 ) ) ;
#7427 = CYLINDRICAL_SURFACE ( 'NONE', #4488, 1.750000000000001554 ) ;
#7428 = VECTOR ( 'NONE', #4476, 1000.000000000000000 ) ;
#7429 = CARTESIAN_POINT ( 'NONE',  ( 0.000000000000000000, -22.76650000000000063, -3.509999999999999787 ) ) ;
#7430 = VERTEX_POINT ( 'NONE', #5408 ) ;
#7431 = AXIS2_PLACEMENT_3D ( 'NONE', #10647, #3344, #7662 ) ;
#7432 = LINE ( 'NONE', #4152, #7885 ) ;
#7433 = SURFACE_SIDE_STYLE ('',( #11674 ) ) ;
#7435 = ORIENTED_EDGE ( 'NONE', *, *, #11495, .T. ) ;
#7434 = EDGE_CURVE ( 'NONE', #3858, #3372, #8903, .T. ) ;
#7436 = AXIS2_PLACEMENT_3D ( 'NONE', #5359, #7521, #3281 ) ;
#7437 = ORIENTED_EDGE ( 'NONE', *, *, #12083, .F. ) ;
#7438 = VECTOR ( 'NONE', #1450, 1000.000000000000114 ) ;
#7439 = AXIS2_PLACEMENT_3D ( 'NONE', #9545, #11777, #11842 ) ;
#7440 = ORIENTED_EDGE ( 'NONE', *, *, #6741, .F. ) ;
#7441 = LINE ( 'NONE', #11681, #9411 ) ;
#7442 = ORIENTED_EDGE ( 'NONE', *, *, #2645, .F. ) ;
#7443 = AXIS2_PLACEMENT_3D ( 'NONE', #4367, #9506, #4234 ) ;
#7444 = DIRECTION ( 'NONE',  ( 1.000000000000000000, 0.000000000000000000, 0.000000000000000000 ) ) ;
#7445 = LINE ( 'NONE', #2349, #832 ) ;
#7446 = CARTESIAN_POINT ( 'NONE',  ( 3.365000000000000213, -22.96649999999999991, -4.650000000000000355 ) ) ;
#7447 = CARTESIAN_POINT ( 'NONE',  ( -4.584999999999999964, -22.96649999999999991, 3.509999999999999787 ) ) ;
#7448 = STYLED_ITEM ( 'NONE', ( #2915 ), #8799 ) ;
#7449 = PLANE ( 'NONE',  #2784 ) ;
#7450 = VECTOR ( 'NONE', #7735, 1000.000000000000000 ) ;
#7451 = CARTESIAN_POINT ( 'NONE',  ( -20.00000000000000000, 0.000000000000000000, -1.750000000000000000 ) ) ;
#7452 = CARTESIAN_POINT ( 'NONE',  ( -8.294999999999999929, -13.31649999999999956, 3.660000000000000142 ) ) ;
#7453 = VERTEX_POINT ( 'NONE', #9644 ) ;
#7454 = EDGE_CURVE ( 'NONE', #12420, #10354, #10894, .T. ) ;
#7455 = LINE ( 'NONE', #10294, #9840 ) ;
#7456 = MECHANICAL_DESIGN_GEOMETRIC_PRESENTATION_REPRESENTATION (  '', ( #8125 ), #11892 ) ;
#7457 = ORIENTED_EDGE ( 'NONE', *, *, #6056, .T. ) ;
#7458 = DIRECTION ( 'NONE',  ( 0.7071067811865474617, -0.000000000000000000, -0.7071067811865474617 ) ) ;
#7459 = DIRECTION ( 'NONE',  ( 0.000000000000000000, 0.000000000000000000, -1.000000000000000000 ) ) ;
#7460 =( LENGTH_UNIT ( ) NAMED_UNIT ( * ) SI_UNIT ( .MILLI., .METRE. ) );
#7461 = FACE_OUTER_BOUND ( 'NONE', #3426, .T. ) ;
#7462 = ADVANCED_FACE ( 'NONE', ( #4364 ), #1374, .F. ) ;
#7463 = CARTESIAN_POINT ( 'NONE',  ( -5.205000000000000071, -17.94999999999999929, -1.879999999999999893 ) ) ;
#7464 = CARTESIAN_POINT ( 'NONE',  ( 4.714999999999999858, -19.40650000000000119, 4.650000000000000355 ) ) ;
#7465 = CARTESIAN_POINT ( 'NONE',  ( 0.000000000000000000, -17.94999999999999929, 7.519999999999999574 ) ) ;
#7466 = ORIENTED_EDGE ( 'NONE', *, *, #4565, .F. ) ;
#7467 = EDGE_CURVE ( 'NONE', #7504, #3620, #12858, .T. ) ;
#7468 = UNCERTAINTY_MEASURE_WITH_UNIT (LENGTH_MEASURE( 1.000000000000000082E-05 ), #4455, 'distance_accuracy_value', 'NONE');
#7469 = EDGE_CURVE ( 'NONE', #5105, #3372, #2351, .T. ) ;
#7470 = ORIENTED_EDGE ( 'NONE', *, *, #12553, .T. ) ;
#7471 = CYLINDRICAL_SURFACE ( 'NONE', #8075, 8.000000000000000000 ) ;
#7472 = ORIENTED_EDGE ( 'NONE', *, *, #77, .T. ) ;
#7473 = EDGE_CURVE ( 'NONE', #1321, #12020, #5476, .T. ) ;
#7474 = ORIENTED_EDGE ( 'NONE', *, *, #12511, .T. ) ;
#7476 = VERTEX_POINT ( 'NONE', #2283 ) ;
#7475 = DIRECTION ( 'NONE',  ( 0.000000000000000000, -1.000000000000000000, 0.000000000000000000 ) ) ;
#7477 = LINE ( 'NONE', #11914, #9684 ) ;
#7478 = LINE ( 'NONE', #9679, #3440 ) ;
#7479 = DIRECTION ( 'NONE',  ( 0.000000000000000000, -0.000000000000000000, -1.000000000000000000 ) ) ;
#7480 = ORIENTED_EDGE ( 'NONE', *, *, #3130, .T. ) ;
#7481 = ADVANCED_FACE ( 'NONE', ( #9707 ), #9775, .T. ) ;
#7482 =( LENGTH_UNIT ( ) NAMED_UNIT ( * ) SI_UNIT ( .MILLI., .METRE. ) );
#7483 = PLANE ( 'NONE',  #9526 ) ;
#7484 = CIRCLE ( 'NONE', #7034, 0.1999999999999996503 ) ;
#7485 = CARTESIAN_POINT ( 'NONE',  ( 0.000000000000000000, -22.96649999999999991, 7.519999999999999574 ) ) ;
#7486 = EDGE_LOOP ( 'NONE', ( #466, #8728, #3153, #6584, #13213, #9628, #12168, #11066 ) ) ;
#7487 = LINE ( 'NONE', #100, #6296 ) ;
#7488 = ORIENTED_EDGE ( 'NONE', *, *, #8264, .T. ) ;
#7489 = EDGE_CURVE ( 'NONE', #6133, #7772, #5610, .T. ) ;
#7490 = ORIENTED_EDGE ( 'NONE', *, *, #3403, .F. ) ;
#7491 = CARTESIAN_POINT ( 'NONE',  ( 1.395000000000000018, -23.77649999999999864, -4.320000000000000284 ) ) ;
#7492 = DIRECTION ( 'NONE',  ( 0.000000000000000000, 0.000000000000000000, -1.000000000000000000 ) ) ;
#7493 = CARTESIAN_POINT ( 'NONE',  ( 5.525000000000000355, -13.31649999999999956, -0.1000000000000002554 ) ) ;
#7494 = VERTEX_POINT ( 'NONE', #11943 ) ;
#7495 = LINE ( 'NONE', #4558, #11224 ) ;
#7496 = SURFACE_STYLE_FILL_AREA ( #9561 ) ;
#7497 = ORIENTED_EDGE ( 'NONE', *, *, #9898, .T. ) ;
#7498 = ORIENTED_EDGE ( 'NONE', *, *, #5212, .T. ) ;
#7499 = EDGE_CURVE ( 'NONE', #7098, #12698, #7770, .T. ) ;
#7500 = EDGE_CURVE ( 'NONE', #6419, #9986, #12999, .T. ) ;
#7501 = EDGE_LOOP ( 'NONE', ( #527, #4089, #176, #7905 ) ) ;
#7502 = LINE ( 'NONE', #1097, #4085 ) ;
#7503 = ADVANCED_FACE ( 'NONE', ( #334 ), #9920, .F. ) ;
#7504 = VERTEX_POINT ( 'NONE', #1455 ) ;
#7505 = CARTESIAN_POINT ( 'NONE',  ( -5.730000000000001315, -15.34650000000000070, 3.840000000000000302 ) ) ;
#7506 = PRESENTATION_STYLE_ASSIGNMENT (( #9503 ) ) ;
#7507 = LINE ( 'NONE', #6664, #10914 ) ;
#7508 = CARTESIAN_POINT ( 'NONE',  ( 8.500000000000000000, -17.94999999999999929, 7.189999999999999503 ) ) ;
#7509 = DIRECTION ( 'NONE',  ( 0.000000000000000000, 0.000000000000000000, -1.000000000000000000 ) ) ;
#7510 = PLANE ( 'NONE',  #4667 ) ;
#7511 = CARTESIAN_POINT ( 'NONE',  ( -4.584999999999999964, -2.337200000000000166, -0.5000000000000001110 ) ) ;
#7512 = ORIENTED_EDGE ( 'NONE', *, *, #13438, .T. ) ;
#7513 = EDGE_CURVE ( 'NONE', #1363, #10045, #9019, .T. ) ;
#7514 = DIRECTION ( 'NONE',  ( -1.000000000000000000, -0.000000000000000000, -0.000000000000000000 ) ) ;
#7515 = EDGE_LOOP ( 'NONE', ( #4832, #11361, #2379, #4574 ) ) ;
#7516 = VERTEX_POINT ( 'NONE', #13203 ) ;
#7517 = LINE ( 'NONE', #207, #8086 ) ;
#7518 = LINE ( 'NONE', #7654, #7203 ) ;
#7519 = CARTESIAN_POINT ( 'NONE',  ( 1.394999999999999796, -22.78650000000000020, -3.330000000000000071 ) ) ;
#7520 = DIRECTION ( 'NONE',  ( 1.000000000000000000, 0.000000000000000000, 0.000000000000000000 ) ) ;
#7521 = DIRECTION ( 'NONE',  ( 0.000000000000000000, -1.000000000000000000, 0.000000000000000000 ) ) ;
#7522 = CARTESIAN_POINT ( 'NONE',  ( 10.36500000000000021, -22.96649999999999991, 4.650000000000000355 ) ) ;
#7523 = DIRECTION ( 'NONE',  ( -1.000000000000000000, -0.000000000000000000, 0.000000000000000000 ) ) ;
#7524 = VERTEX_POINT ( 'NONE', #607 ) ;
#7525 = CARTESIAN_POINT ( 'NONE',  ( -6.733679656440250128, -15.22000000000000597, -6.956320343559750263 ) ) ;
#7526 = ORIENTED_EDGE ( 'NONE', *, *, #10346, .T. ) ;
#7527 = AXIS2_PLACEMENT_3D ( 'NONE', #6000, #4040, #8164 ) ;
#7528 = ORIENTED_EDGE ( 'NONE', *, *, #817, .F. ) ;
#7529 = DIRECTION ( 'NONE',  ( 0.000000000000000000, 0.000000000000000000, -1.000000000000000000 ) ) ;
#7530 = ADVANCED_FACE ( 'NONE', ( #13265, #6873 ), #12095, .F. ) ;
#7531 = ORIENTED_EDGE ( 'NONE', *, *, #10428, .T. ) ;
#7533 = ORIENTED_EDGE ( 'NONE', *, *, #8384, .F. ) ;
#7532 = PLANE ( 'NONE',  #9176 ) ;
#7534 = DIRECTION ( 'NONE',  ( 0.000000000000000000, -0.000000000000000000, 1.000000000000000000 ) ) ;
#7535 = CARTESIAN_POINT ( 'NONE',  ( -8.275000000000000355, -17.57000000000000384, 4.850000000000000533 ) ) ;
#7536 = CARTESIAN_POINT ( 'NONE',  ( -5.525000000000000355, -17.37650000000000006, 4.650000000000000355 ) ) ;
#7537 = CARTESIAN_POINT ( 'NONE',  ( -5.525000000000000355, -13.31649999999999956, 4.650000000000000355 ) ) ;
#7538 = CARTESIAN_POINT ( 'NONE',  ( 5.220000000000005969, -2.673278531664997182, 4.500000000000000888 ) ) ;
#7539 = EDGE_CURVE ( 'NONE', #1975, #6308, #4792, .T. ) ;
#7540 = CARTESIAN_POINT ( 'NONE',  ( -3.149999999999999911, -22.96649999999999991, -3.509999999999999787 ) ) ;
#7541 = AXIS2_PLACEMENT_3D ( 'NONE', #5680, #5529, #8473 ) ;
#7542 = MECHANICAL_DESIGN_GEOMETRIC_PRESENTATION_REPRESENTATION (  '', ( #3534 ), #6216 ) ;
#7543 = ADVANCED_FACE ( 'NONE', ( #8871, #7980 ), #1583, .T. ) ;
#7544 = ORIENTED_EDGE ( 'NONE', *, *, #9041, .F. ) ;
#7545 = ORIENTED_EDGE ( 'NONE', *, *, #11555, .F. ) ;
#7546 = DIRECTION ( 'NONE',  ( -1.000000000000000000, 0.000000000000000000, -0.000000000000000000 ) ) ;
#7547 = ORIENTED_EDGE ( 'NONE', *, *, #5215, .F. ) ;
#7548 = ORIENTED_EDGE ( 'NONE', *, *, #8730, .F. ) ;
#7549 = CARTESIAN_POINT ( 'NONE',  ( -4.584999999999999964, -21.56650000000000134, 3.509999999999999787 ) ) ;
#7550 = DIRECTION ( 'NONE',  ( 0.000000000000000000, 1.000000000000000000, -0.000000000000000000 ) ) ;
#7551 = VECTOR ( 'NONE', #2104, 1000.000000000000000 ) ;
#7552 = CARTESIAN_POINT ( 'NONE',  ( -20.00000000000000000, -8.699999999999999289, 15.80886698680999913 ) ) ;
#7553 = VERTEX_POINT ( 'NONE', #10262 ) ;
#7554 = LINE ( 'NONE', #3313, #13004 ) ;
#7555 = FILL_AREA_STYLE ('',( #4857 ) ) ;
#7556 = ORIENTED_EDGE ( 'NONE', *, *, #11367, .F. ) ;
#7557 = EDGE_LOOP ( 'NONE', ( #7497, #3365, #3963, #11793 ) ) ;
#7558 = COLOUR_RGB ( '',1.000000000000000000, 1.000000000000000000, 1.000000000000000000 ) ;
#7559 = EDGE_CURVE ( 'NONE', #11924, #3071, #1519, .T. ) ;
#7560 = ORIENTED_EDGE ( 'NONE', *, *, #10164, .T. ) ;
#7561 = CARTESIAN_POINT ( 'NONE',  ( 4.584999999999999964, -22.96649999999999991, 0.000000000000000000 ) ) ;
#7562 = VERTEX_POINT ( 'NONE', #465 ) ;
#7563 = PLANE ( 'NONE',  #7402 ) ;
#7564 = CARTESIAN_POINT ( 'NONE',  ( 2.415000000000000036, -21.56650000000000134, -3.509999999999999787 ) ) ;
#7565 = DIRECTION ( 'NONE',  ( 0.000000000000000000, 0.000000000000000000, -1.000000000000000000 ) ) ;
#7566 = CARTESIAN_POINT ( 'NONE',  ( 0.000000000000000000, 0.000000000000000000, 15.80886698680999913 ) ) ;
#7567 = ORIENTED_EDGE ( 'NONE', *, *, #3829, .F. ) ;
#7568 = DIRECTION ( 'NONE',  ( -0.000000000000000000, 0.000000000000000000, -1.000000000000000000 ) ) ;
#7569 = EDGE_CURVE ( 'NONE', #8037, #2132, #3883, .T. ) ;
#7570 = CARTESIAN_POINT ( 'NONE',  ( -4.584999999999999964, -2.337200000000000166, -0.5000000000000000000 ) ) ;
#7571 = VERTEX_POINT ( 'NONE', #8133 ) ;
#7572 = DIRECTION ( 'NONE',  ( 0.4775043600801140986, 0.8786293792632253741, 0.000000000000000000 ) ) ;
#7573 = DIRECTION ( 'NONE',  ( 0.000000000000000000, 0.000000000000000000, 1.000000000000000000 ) ) ;
#7574 = EDGE_CURVE ( 'NONE', #6734, #13158, #7912, .T. ) ;
#7575 = ORIENTED_EDGE ( 'NONE', *, *, #1252, .T. ) ;
#7576 = EDGE_CURVE ( 'NONE', #4560, #4209, #4851, .T. ) ;
#7577 = DIRECTION ( 'NONE',  ( 0.000000000000000000, 0.000000000000000000, -1.000000000000000000 ) ) ;
#7578 = VERTEX_POINT ( 'NONE', #5821 ) ;
#7579 = ORIENTED_EDGE ( 'NONE', *, *, #9517, .F. ) ;
#7580 = CARTESIAN_POINT ( 'NONE',  ( 0.000000000000000000, 0.000000000000000000, -12.90000000000000036 ) ) ;
#7581 = CARTESIAN_POINT ( 'NONE',  ( 0.000000000000000000, 0.000000000000000000, 12.90000000000000036 ) ) ;
#7582 = DIRECTION ( 'NONE',  ( 0.000000000000000000, 1.000000000000000000, 0.000000000000000000 ) ) ;
#7583 = ADVANCED_FACE ( 'NONE', ( #4920 ), #10057, .F. ) ;
#7584 = EDGE_CURVE ( 'NONE', #10030, #5723, #1661, .T. ) ;
#7585 = DIRECTION ( 'NONE',  ( 0.000000000000000000, -1.000000000000000000, -0.000000000000000000 ) ) ;
#7586 = VECTOR ( 'NONE', #13401, 1000.000000000000000 ) ;
#7587 = DIRECTION ( 'NONE',  ( 0.000000000000000000, -1.000000000000000000, -0.000000000000000000 ) ) ;
#7588 = DIRECTION ( 'NONE',  ( -0.000000000000000000, -1.000000000000000000, 0.000000000000000000 ) ) ;
#7589 = VERTEX_POINT ( 'NONE', #5897 ) ;
#7590 = EDGE_CURVE ( 'NONE', #9719, #1363, #9090, .T. ) ;
#7591 = DIRECTION ( 'NONE',  ( -1.000000000000000000, -0.000000000000000000, -0.000000000000000000 ) ) ;
#7592 = AXIS2_PLACEMENT_3D ( 'NONE', #2735, #11280, #8979 ) ;
#7593 = VERTEX_POINT ( 'NONE', #3805 ) ;
#7594 = DIRECTION ( 'NONE',  ( -0.4775043600801212595, -0.8786293792632214883, 0.000000000000000000 ) ) ;
#7595 = EDGE_CURVE ( 'NONE', #752, #6711, #5753, .T. ) ;
#7596 = EDGE_CURVE ( 'NONE', #12462, #7639, #4636, .T. ) ;
#7597 = ORIENTED_EDGE ( 'NONE', *, *, #2453, .T. ) ;
#7598 = LINE ( 'NONE', #6561, #10954 ) ;
#7599 = VERTEX_POINT ( 'NONE', #12378 ) ;
#7601 = ORIENTED_EDGE ( 'NONE', *, *, #1803, .T. ) ;
#7600 = CYLINDRICAL_SURFACE ( 'NONE', #2051, 6.000000000000000888 ) ;
#7602 = ADVANCED_FACE ( 'NONE', ( #9985 ), #2848, .T. ) ;
#7603 = LINE ( 'NONE', #4537, #10360 ) ;
#7604 = CARTESIAN_POINT ( 'NONE',  ( 11.19999999999999929, -2.399999999999999467, -3.472485578728000011 ) ) ;
#7605 = DIRECTION ( 'NONE',  ( 1.000000000000000000, -0.000000000000000000, 0.000000000000000000 ) ) ;
#7606 = CARTESIAN_POINT ( 'NONE',  ( 13.50000000000000000, -2.399999999999999911, 13.40886698681000055 ) ) ;
#7607 = EDGE_CURVE ( 'NONE', #8995, #10323, #4712, .T. ) ;
#7608 = CARTESIAN_POINT ( 'NONE',  ( 9.414999999999999147, -22.96649999999999991, 3.509999999999999787 ) ) ;
#7609 = VECTOR ( 'NONE', #2435, 1000.000000000000000 ) ;
#7610 = DIRECTION ( 'NONE',  ( -0.000000000000000000, -0.000000000000000000, -1.000000000000000000 ) ) ;
#7611 = VECTOR ( 'NONE', #2912, 1000.000000000000000 ) ;
#7612 = VERTEX_POINT ( 'NONE', #11465 ) ;
#7613 = ORIENTED_EDGE ( 'NONE', *, *, #10027, .F. ) ;
#7614 = CARTESIAN_POINT ( 'NONE',  ( -2.415000000000000036, -2.337200000000000166, 0.5000000000000001110 ) ) ;
#7615 = ORIENTED_EDGE ( 'NONE', *, *, #7425, .F. ) ;
#7616 = EDGE_LOOP ( 'NONE', ( #688, #13080, #2751, #1708 ) ) ;
#7617 = DIRECTION ( 'NONE',  ( -0.000000000000000000, 1.000000000000000000, 0.000000000000000000 ) ) ;
#7618 = CARTESIAN_POINT ( 'NONE',  ( 8.800000000000000711, 0.000000000000000000, -12.90000000000000036 ) ) ;
#7619 = DIRECTION ( 'NONE',  ( -0.000000000000000000, 1.000000000000000000, 0.000000000000000000 ) ) ;
#7620 = ORIENTED_EDGE ( 'NONE', *, *, #2149, .T. ) ;
#7621 = LINE ( 'NONE', #7693, #11883 ) ;
#7622 = VECTOR ( 'NONE', #5218, 1000.000000000000000 ) ;
#7623 = EDGE_CURVE ( 'NONE', #446, #598, #7234, .T. ) ;
#7624 = ORIENTED_EDGE ( 'NONE', *, *, #10024, .T. ) ;
#7625 = ORIENTED_EDGE ( 'NONE', *, *, #3937, .F. ) ;
#7626 = CIRCLE ( 'NONE', #11846, 6.000000000000000888 ) ;
#7627 = VECTOR ( 'NONE', #7096, 1000.000000000000000 ) ;
#7628 = EDGE_LOOP ( 'NONE', ( #519, #2204, #7695, #6241 ) ) ;
#7629 = ADVANCED_FACE ( 'NONE', ( #9293 ), #12442, .T. ) ;
#7630 = CARTESIAN_POINT ( 'NONE',  ( 10.93500000000000050, -20.17650000000000077, 13.40000000000000036 ) ) ;
#7631 = VECTOR ( 'NONE', #12351, 1000.000000000000000 ) ;
#7632 = VECTOR ( 'NONE', #4119, 1000.000000000000000 ) ;
#7633 = ORIENTED_EDGE ( 'NONE', *, *, #4013, .F. ) ;
#7634 = CARTESIAN_POINT ( 'NONE',  ( -12.20500000000000007, -22.96649999999999991, -1.879999999999999893 ) ) ;
#7635 =( LENGTH_UNIT ( ) NAMED_UNIT ( * ) SI_UNIT ( .MILLI., .METRE. ) );
#7636 = PLANE ( 'NONE',  #13192 ) ;
#7637 = EDGE_CURVE ( 'NONE', #3349, #8563, #4011, .T. ) ;
#7638 = DIRECTION ( 'NONE',  ( -0.000000000000000000, -1.000000000000000000, -0.000000000000000000 ) ) ;
#7639 = VERTEX_POINT ( 'NONE', #4998 ) ;
#7640 = DIRECTION ( 'NONE',  ( 1.000000000000000000, 0.000000000000000000, 0.000000000000000000 ) ) ;
#7642 = VECTOR ( 'NONE', #11221, 1000.000000000000000 ) ;
#7641 = CARTESIAN_POINT ( 'NONE',  ( -6.490000000000000213, -3.313815743959999782, 3.629999999999999449 ) ) ;
#7643 = EDGE_CURVE ( 'NONE', #245, #9981, #8257, .T. ) ;
#7644 = ORIENTED_EDGE ( 'NONE', *, *, #5215, .T. ) ;
#7645 = AXIS2_PLACEMENT_3D ( 'NONE', #11605, #6252, #2857 ) ;
#7646 =( NAMED_UNIT ( * ) SI_UNIT ( $, .STERADIAN. ) SOLID_ANGLE_UNIT ( ) );
#7647 = FACE_OUTER_BOUND ( 'NONE', #11043, .T. ) ;
#7648 = VECTOR ( 'NONE', #12843, 1000.000000000000114 ) ;
#7649 = ORIENTED_EDGE ( 'NONE', *, *, #8599, .T. ) ;
#7650 = CARTESIAN_POINT ( 'NONE',  ( -0.4949999999999999956, -32.20763137712999935, -0.2550000000000000044 ) ) ;
#7651 = ORIENTED_EDGE ( 'NONE', *, *, #13407, .T. ) ;
#7652 = ORIENTED_EDGE ( 'NONE', *, *, #9402, .T. ) ;
#7653 = CARTESIAN_POINT ( 'NONE',  ( -1.300000000000049560, -3.556499999999995776, -4.320000000000000284 ) ) ;
#7654 = CARTESIAN_POINT ( 'NONE',  ( -2.285000000000000142, -13.31649999999999956, 0.4299999999999999933 ) ) ;
#7655 = VECTOR ( 'NONE', #11145, 1000.000000000000000 ) ;
#7656 = CARTESIAN_POINT ( 'NONE',  ( -5.605000000000001315, -22.58649999999999736, 3.840000000000000302 ) ) ;
#7657 = ADVANCED_FACE ( 'NONE', ( #4150 ), #12505, .F. ) ;
#7658 = DIRECTION ( 'NONE',  ( -0.1004120643276970176, -0.9949459368917741298, 0.000000000000000000 ) ) ;
#7659 = DIRECTION ( 'NONE',  ( -0.000000000000000000, 1.000000000000000000, -0.000000000000000000 ) ) ;
#7660 = LINE ( 'NONE', #8693, #12449 ) ;
#7661 = VECTOR ( 'NONE', #7774, 1000.000000000000000 ) ;
#7662 = DIRECTION ( 'NONE',  ( -1.000000000000000000, 0.000000000000000000, -0.000000000000000000 ) ) ;
#7663 = ORIENTED_EDGE ( 'NONE', *, *, #3633, .F. ) ;
#7664 = DIRECTION ( 'NONE',  ( -0.000000000000000000, -0.000000000000000000, -1.000000000000000000 ) ) ;
#7665 = VECTOR ( 'NONE', #174, 1000.000000000000000 ) ;
#7666 = STYLED_ITEM ( 'NONE', ( #11078 ), #13427 ) ;
#7667 = ADVANCED_FACE ( 'NONE', ( #6179 ), #10403, .T. ) ;
#7668 = ORIENTED_EDGE ( 'NONE', *, *, #13311, .F. ) ;
#7669 = DIRECTION ( 'NONE',  ( 0.000000000000000000, 1.000000000000000000, 0.000000000000000000 ) ) ;
#7670 = EDGE_CURVE ( 'NONE', #11997, #10559, #9490, .T. ) ;
#7671 = EDGE_CURVE ( 'NONE', #6795, #2957, #3116, .T. ) ;
#7672 = EDGE_LOOP ( 'NONE', ( #4927, #6576, #11539, #5415 ) ) ;
#7673 = EDGE_CURVE ( 'NONE', #7368, #8037, #9350, .T. ) ;
#7675 = EDGE_LOOP ( 'NONE', ( #10721, #9500, #3089, #12545, #13232, #12973, #10814, #5976 ) ) ;
#7674 = CARTESIAN_POINT ( 'NONE',  ( 1.475000000000000089, -13.31649999999999956, -4.320000000000000284 ) ) ;
#7676 = CYLINDRICAL_SURFACE ( 'NONE', #592, 4.900000000000000355 ) ;
#7677 = CARTESIAN_POINT ( 'NONE',  ( -4.584999999999999964, -2.337200000000000166, 4.500000000000000888 ) ) ;
#7678 = DIRECTION ( 'NONE',  ( 0.000000000000000000, -0.000000000000000000, -1.000000000000000000 ) ) ;
#7679 = PLANE ( 'NONE',  #6086 ) ;
#7680 = VECTOR ( 'NONE', #5930, 1000.000000000000000 ) ;
#7681 = DIRECTION ( 'NONE',  ( 0.000000000000000000, 0.000000000000000000, -1.000000000000000000 ) ) ;
#7682 = FACE_OUTER_BOUND ( 'NONE', #6019, .T. ) ;
#7683 = DIRECTION ( 'NONE',  ( 0.8786293792632253741, 0.4775043600801140986, -0.000000000000000000 ) ) ;
#7684 = ORIENTED_EDGE ( 'NONE', *, *, #12658, .F. ) ;
#7685 = ORIENTED_EDGE ( 'NONE', *, *, #918, .F. ) ;
#7686 = ORIENTED_EDGE ( 'NONE', *, *, #2241, .T. ) ;
#7687 = VERTEX_POINT ( 'NONE', #9425 ) ;
#7688 = CARTESIAN_POINT ( 'NONE',  ( 4.771619048833879440, -17.37650000000000006, 4.500000000000000888 ) ) ;
#7689 = DIRECTION ( 'NONE',  ( 0.000000000000000000, -1.000000000000000000, 0.000000000000000000 ) ) ;
#7690 = LINE ( 'NONE', #1291, #7428 ) ;
#7691 = VECTOR ( 'NONE', #11023, 1000.000000000000000 ) ;
#7692 = ORIENTED_EDGE ( 'NONE', *, *, #4784, .F. ) ;
#7693 = CARTESIAN_POINT ( 'NONE',  ( -1.475000000000000089, -13.31649999999999956, -3.299999999999999822 ) ) ;
#7694 = VERTEX_POINT ( 'NONE', #6110 ) ;
#7695 = ORIENTED_EDGE ( 'NONE', *, *, #4462, .T. ) ;
#7696 = VECTOR ( 'NONE', #8704, 1000.000000000000000 ) ;
#7697 = VERTEX_POINT ( 'NONE', #2137 ) ;
#7698 = LINE ( 'NONE', #4421, #1395 ) ;
#7699 = ORIENTED_EDGE ( 'NONE', *, *, #5732, .T. ) ;
#7700 = DIRECTION ( 'NONE',  ( 1.000000000000000000, -0.000000000000000000, 0.000000000000000000 ) ) ;
#7701 = CARTESIAN_POINT ( 'NONE',  ( 8.294999999999999929, -15.34650000000000070, 3.660000000000000142 ) ) ;
#7702 = CARTESIAN_POINT ( 'NONE',  ( 1.352477888072000312, -12.04649999999999999, -3.299999999999999822 ) ) ;
#7703 = ORIENTED_EDGE ( 'NONE', *, *, #6170, .F. ) ;
#7704 = EDGE_CURVE ( 'NONE', #6604, #5421, #6244, .T. ) ;
#7705 = EDGE_LOOP ( 'NONE', ( #3027, #11574, #8262, #11602, #5846, #10339, #13199, #11935 ) ) ;
#7706 = DIRECTION ( 'NONE',  ( 0.000000000000000000, -1.000000000000000000, 0.000000000000000000 ) ) ;
#7707 = CARTESIAN_POINT ( 'NONE',  ( 9.414999999999999147, -17.94999999999999929, 4.500000000000000888 ) ) ;
#7708 = CYLINDRICAL_SURFACE ( 'NONE', #12342, 6.000000000000000000 ) ;
#7709 = ORIENTED_EDGE ( 'NONE', *, *, #3500, .F. ) ;
#7710 = DIRECTION ( 'NONE',  ( 0.000000000000000000, 0.000000000000000000, 1.000000000000000000 ) ) ;
#7711 = EDGE_CURVE ( 'NONE', #10594, #2065, #1869, .T. ) ;
#7712 = ORIENTED_EDGE ( 'NONE', *, *, #6187, .T. ) ;
#7713 = EDGE_CURVE ( 'NONE', #11325, #863, #12584, .T. ) ;
#7714 = CARTESIAN_POINT ( 'NONE',  ( -4.714999999999999858, -15.34650000000000070, -0.1000000000000001721 ) ) ;
#7715 = ORIENTED_EDGE ( 'NONE', *, *, #2880, .T. ) ;
#7716 = ORIENTED_EDGE ( 'NONE', *, *, #11312, .F. ) ;
#7717 = CARTESIAN_POINT ( 'NONE',  ( -7.635000000000000675, -23.77649999999999864, 15.50000000000000000 ) ) ;
#7718 = FACE_OUTER_BOUND ( 'NONE', #818, .T. ) ;
#7719 = CARTESIAN_POINT ( 'NONE',  ( -8.500000000000000000, -17.57000000000000384, 7.189999999999999503 ) ) ;
#7720 = CARTESIAN_POINT ( 'NONE',  ( -2.415000000000000036, -2.337200000000000166, -4.500000000000000888 ) ) ;
#7721 = ORIENTED_EDGE ( 'NONE', *, *, #10380, .F. ) ;
#7722 = DIRECTION ( 'NONE',  ( 0.000000000000000000, -0.000000000000000000, -1.000000000000000000 ) ) ;
#7723 = FACE_OUTER_BOUND ( 'NONE', #2142, .T. ) ;
#7724 = CARTESIAN_POINT ( 'NONE',  ( 1.499999999999999556, -17.57000000000000384, -12.90000000000000036 ) ) ;
#7725 = ORIENTED_EDGE ( 'NONE', *, *, #13342, .T. ) ;
#7726 = CARTESIAN_POINT ( 'NONE',  ( -10.80380592228999959, 3.200000000000000178, -9.056194077713001889 ) ) ;
#7727 = PRODUCT ( 'px0675-pc', 'px0675-pc', '', ( #7915 ) ) ;
#7728 = ORIENTED_EDGE ( 'NONE', *, *, #6817, .F. ) ;
#7729 = CYLINDRICAL_SURFACE ( 'NONE', #3396, 0.2000000000000000944 ) ;
#7730 = EDGE_LOOP ( 'NONE', ( #449, #10533, #608, #195 ) ) ;
#7731 = CARTESIAN_POINT ( 'NONE',  ( -8.068310202797002617, -2.286500000000000199, 4.650000000000000355 ) ) ;
#7733 = ORIENTED_EDGE ( 'NONE', *, *, #2467, .T. ) ;
#7732 = CARTESIAN_POINT ( 'NONE',  ( -4.843171106556999561, -12.04649999999999999, 3.629999999999999893 ) ) ;
#7734 = DIRECTION ( 'NONE',  ( 0.000000000000000000, -1.000000000000000000, 0.000000000000000000 ) ) ;
#7735 = DIRECTION ( 'NONE',  ( 1.000000000000000000, -0.000000000000000000, 0.000000000000000000 ) ) ;
#7736 = DIRECTION ( 'NONE',  ( -0.000000000000000000, 1.000000000000000000, 0.000000000000000000 ) ) ;
#7737 = VECTOR ( 'NONE', #8629, 1000.000000000000000 ) ;
#7738 = FACE_BOUND ( 'NONE', #8928, .T. ) ;
#7739 = CARTESIAN_POINT ( 'NONE',  ( 5.525000000000000355, -13.31649999999999956, 3.640000000018499993 ) ) ;
#7740 = EDGE_CURVE ( 'NONE', #10319, #2119, #10343, .T. ) ;
#7741 = DIRECTION ( 'NONE',  ( 0.000000000000000000, -1.000000000000000000, 0.000000000000000000 ) ) ;
#7742 = ADVANCED_FACE ( 'NONE', ( #13681 ), #7360, .F. ) ;
#7743 = ADVANCED_FACE ( 'NONE', ( #6313 ), #4216, .F. ) ;
#7744 = AXIS2_PLACEMENT_3D ( 'NONE', #7720, #11962, #353 ) ;
#7745 = CIRCLE ( 'NONE', #8203, 0.9900000000000004352 ) ;
#7746 = VECTOR ( 'NONE', #10571, 1000.000000000000000 ) ;
#7747 = AXIS2_PLACEMENT_3D ( 'NONE', #4935, #10565, #5220 ) ;
#7748 = ORIENTED_EDGE ( 'NONE', *, *, #1366, .F. ) ;
#7749 = ORIENTED_EDGE ( 'NONE', *, *, #8266, .T. ) ;
#7750 = EDGE_LOOP ( 'NONE', ( #5286, #13376, #8849, #8882 ) ) ;
#7751 = CARTESIAN_POINT ( 'NONE',  ( -7.919999999999999929, 3.589199999999999946, 7.834999999999999964 ) ) ;
#7752 = ORIENTED_EDGE ( 'NONE', *, *, #12184, .T. ) ;
#7753 = DIRECTION ( 'NONE',  ( 1.000000000000000000, 0.000000000000000000, 0.000000000000000000 ) ) ;
#7754 = LINE ( 'NONE', #5945, #3381 ) ;
#7755 = FACE_OUTER_BOUND ( 'NONE', #10890, .T. ) ;
#7756 = ORIENTED_EDGE ( 'NONE', *, *, #10984, .T. ) ;
#7757 = VECTOR ( 'NONE', #10699, 1000.000000000000000 ) ;
#7758 = EDGE_CURVE ( 'NONE', #9033, #6351, #3181, .T. ) ;
#7759 = CARTESIAN_POINT ( 'NONE',  ( -2.415000000000000036, -22.96649999999999991, -4.650000000000000355 ) ) ;
#7760 = AXIS2_PLACEMENT_3D ( 'NONE', #6194, #2863, #10421 ) ;
#7761 = ORIENTED_EDGE ( 'NONE', *, *, #1398, .F. ) ;
#7762 = ORIENTED_EDGE ( 'NONE', *, *, #11791, .T. ) ;
#7763 =( GEOMETRIC_REPRESENTATION_CONTEXT ( 3 ) GLOBAL_UNCERTAINTY_ASSIGNED_CONTEXT ( ( #11537 ) ) GLOBAL_UNIT_ASSIGNED_CONTEXT ( ( #9267, #7123, #1967 ) ) REPRESENTATION_CONTEXT ( 'NONE', 'WORKASPACE' ) );
#7764 = VERTEX_POINT ( 'NONE', #750 ) ;
#7765 = DIRECTION ( 'NONE',  ( 0.000000000000000000, 0.000000000000000000, -1.000000000000000000 ) ) ;
#7766 = ORIENTED_EDGE ( 'NONE', *, *, #9463, .F. ) ;
#7767 = ADVANCED_FACE ( 'NONE', ( #106 ), #1082, .T. ) ;
#7768 = CARTESIAN_POINT ( 'NONE',  ( -4.714999999999999858, -13.31649999999999956, 4.650000000000000355 ) ) ;
#7769 = LINE ( 'NONE', #13201, #7319 ) ;
#7770 = LINE ( 'NONE', #255, #11140 ) ;
#7771 = ORIENTED_EDGE ( 'NONE', *, *, #7607, .T. ) ;
#7772 = VERTEX_POINT ( 'NONE', #9627 ) ;
#7773 = CARTESIAN_POINT ( 'NONE',  ( 9.285000000000000142, -15.34650000000000070, 3.840000000000000302 ) ) ;
#7774 = DIRECTION ( 'NONE',  ( -0.000000000000000000, -1.000000000000000000, -0.000000000000000000 ) ) ;
#7775 = ORIENTED_EDGE ( 'NONE', *, *, #4525, .F. ) ;
#7776 = DIRECTION ( 'NONE',  ( 0.000000000000000000, -1.000000000000000000, -0.000000000000000000 ) ) ;
#7777 = MECHANICAL_DESIGN_GEOMETRIC_PRESENTATION_REPRESENTATION (  '', ( #3789 ), #9331 ) ;
#7778 = ORIENTED_EDGE ( 'NONE', *, *, #11491, .F. ) ;
#7779 = DIRECTION ( 'NONE',  ( -0.000000000000000000, 1.000000000000000000, -0.000000000000000000 ) ) ;
#7780 = ORIENTED_EDGE ( 'NONE', *, *, #485, .F. ) ;
#7781 = ORIENTED_EDGE ( 'NONE', *, *, #2844, .F. ) ;
#7782 = EDGE_CURVE ( 'NONE', #10589, #9986, #9557, .T. ) ;
#7783 = LINE ( 'NONE', #12178, #9079 ) ;
#7785 = VECTOR ( 'NONE', #2748, 1000.000000000000000 ) ;
#7784 = LINE ( 'NONE', #4512, #7419 ) ;
#7786 = CARTESIAN_POINT ( 'NONE',  ( -5.604999999999999538, -22.66649999999999920, 4.950000000000000178 ) ) ;
#7787 = DIRECTION ( 'NONE',  ( -1.000000000000000000, 0.000000000000000000, 0.000000000000000000 ) ) ;
#7788 = ORIENTED_EDGE ( 'NONE', *, *, #1733, .T. ) ;
#7789 = CARTESIAN_POINT ( 'NONE',  ( 6.365000000000000213, -22.96649999999999991, 15.50000000000000000 ) ) ;
#7790 = FACE_OUTER_BOUND ( 'NONE', #609, .T. ) ;
#7791 = CARTESIAN_POINT ( 'NONE',  ( 4.714999999999999858, -15.34650000000000070, -0.1000000000000002554 ) ) ;
#7792 = ORIENTED_EDGE ( 'NONE', *, *, #2112, .T. ) ;
#7793 = EDGE_CURVE ( 'NONE', #2008, #284, #5391, .T. ) ;
#7794 = CARTESIAN_POINT ( 'NONE',  ( 5.500000000000000000, -17.57000000000000384, 13.40000000000000036 ) ) ;
#7795 = ORIENTED_EDGE ( 'NONE', *, *, #11209, .F. ) ;
#7796 = DIRECTION ( 'NONE',  ( -0.000000000000000000, -1.000000000000000000, -0.000000000000000000 ) ) ;
#7797 = ORIENTED_EDGE ( 'NONE', *, *, #3056, .F. ) ;
#7798 = EDGE_CURVE ( 'NONE', #7476, #399, #32, .T. ) ;
#7799 = CARTESIAN_POINT ( 'NONE',  ( -2.415000000000000036, -2.337200000000000166, 0.5000000000000000000 ) ) ;
#7800 = AXIS2_PLACEMENT_3D ( 'NONE', #2701, #678, #8048 ) ;
#7802 = EDGE_LOOP ( 'NONE', ( #6943, #1468, #4332, #6364 ) ) ;
#7801 = CARTESIAN_POINT ( 'NONE',  ( -5.730000000000000426, -15.34650000000000070, 4.650000000000000355 ) ) ;
#7803 = DIRECTION ( 'NONE',  ( -1.000000000000000000, 0.000000000000000000, -0.000000000000000000 ) ) ;
#7804 = SURFACE_STYLE_USAGE ( .BOTH. , #12136 ) ;
#7805 = EDGE_CURVE ( 'NONE', #8466, #12125, #6534, .T. ) ;
#7806 = FACE_OUTER_BOUND ( 'NONE', #5591, .T. ) ;
#7807 = DIRECTION ( 'NONE',  ( -1.000000000000000000, -0.000000000000000000, -0.000000000000000000 ) ) ;
#7808 = CARTESIAN_POINT ( 'NONE',  ( 7.000000000000000000, -22.58650000000000091, 3.840000000000000302 ) ) ;
#7809 = PLANE ( 'NONE',  #8846 ) ;
#7810 = DIRECTION ( 'NONE',  ( -0.000000000000000000, 0.000000000000000000, 1.000000000000000000 ) ) ;
#7811 = VECTOR ( 'NONE', #10016, 1000.000000000000000 ) ;
#7812 = AXIS2_PLACEMENT_3D ( 'NONE', #4080, #11531, #12446 ) ;
#7813 = VERTEX_POINT ( 'NONE', #3250 ) ;
#7814 = ORIENTED_EDGE ( 'NONE', *, *, #478, .T. ) ;
#7815 = EDGE_LOOP ( 'NONE', ( #11471, #6897, #5205, #13013 ) ) ;
#7816 = EDGE_LOOP ( 'NONE', ( #28, #7302, #3924, #3034, #10615 ) ) ;
#7817 = CARTESIAN_POINT ( 'NONE',  ( 0.000000000000000000, -15.34650000000000070, 0.4299999999999999933 ) ) ;
#7818 = ADVANCED_FACE ( 'NONE', ( #9760, #3371 ), #12783, .T. ) ;
#7819 = CARTESIAN_POINT ( 'NONE',  ( 3.149999999999999911, -21.18649999999999878, -4.320000000000000284 ) ) ;
#7820 = EDGE_LOOP ( 'NONE', ( #6287, #1297, #6400, #7533, #329, #10636 ) ) ;
#7821 = AXIS2_PLACEMENT_3D ( 'NONE', #6046, #6889, #11198 ) ;
#7822 = CARTESIAN_POINT ( 'NONE',  ( -9.414999999999999147, -22.96649999999999991, 7.519999999999999574 ) ) ;
#7823 = ORIENTED_EDGE ( 'NONE', *, *, #13194, .T. ) ;
#7824 = ORIENTED_EDGE ( 'NONE', *, *, #11797, .F. ) ;
#7825 = AXIS2_PLACEMENT_3D ( 'NONE', #3014, #8558, #2028 ) ;
#7826 = EDGE_CURVE ( 'NONE', #888, #1802, #12906, .T. ) ;
#7827 = ORIENTED_EDGE ( 'NONE', *, *, #13181, .T. ) ;
#7829 = LINE ( 'NONE', #11037, #7438 ) ;
#7828 = VECTOR ( 'NONE', #1755, 1000.000000000000000 ) ;
#7830 = VECTOR ( 'NONE', #4148, 1000.000000000000000 ) ;
#7831 = EDGE_LOOP ( 'NONE', ( #7652, #9600, #4814, #10552 ) ) ;
#7832 = DIRECTION ( 'NONE',  ( -0.7071067811855620278, 0.000000000000000000, -0.7071067811875330067 ) ) ;
#7833 = DIRECTION ( 'NONE',  ( 0.000000000000000000, -1.000000000000000000, -0.000000000000000000 ) ) ;
#7834 = DIRECTION ( 'NONE',  ( 0.000000000000000000, -1.000000000000000000, 0.000000000000000000 ) ) ;
#7835 = CARTESIAN_POINT ( 'NONE',  ( 8.068310202797002617, -2.286500000000000199, 4.500000000000000888 ) ) ;
#7836 = VECTOR ( 'NONE', #9154, 1000.000000000000000 ) ;
#7837 = ORIENTED_EDGE ( 'NONE', *, *, #1716, .T. ) ;
#7838 = ORIENTED_EDGE ( 'NONE', *, *, #7079, .F. ) ;
#7839 = EDGE_CURVE ( 'NONE', #3574, #13061, #4279, .T. ) ;
#7840 = LINE ( 'NONE', #12098, #12790 ) ;
#7841 = CARTESIAN_POINT ( 'NONE',  ( -1.294999999999999929, -32.60964151460999716, -1.093199999999999950 ) ) ;
#7842 = LINE ( 'NONE', #12101, #9210 ) ;
#7843 = ORIENTED_EDGE ( 'NONE', *, *, #7202, .T. ) ;
#7844 = DIRECTION ( 'NONE',  ( -1.000000000000000000, 0.000000000000000000, -0.000000000000000000 ) ) ;
#7845 = LINE ( 'NONE', #613, #12652 ) ;
#7846 = EDGE_LOOP ( 'NONE', ( #13175, #8951, #12447, #2680, #12705 ) ) ;
#7847 = VECTOR ( 'NONE', #12723, 1000.000000000000000 ) ;
#7848 = VECTOR ( 'NONE', #10212, 1000.000000000000000 ) ;
#7849 = CIRCLE ( 'NONE', #10730, 0.5000000000000000000 ) ;
#7850 = CARTESIAN_POINT ( 'NONE',  ( 0.000000000000000000, -17.94999999999999929, -12.90000000000000036 ) ) ;
#7851 = EDGE_LOOP ( 'NONE', ( #12167, #603, #12838, #5386, #11444 ) ) ;
#7852 = VECTOR ( 'NONE', #12768, 1000.000000000000000 ) ;
#7853 = DIRECTION ( 'NONE',  ( -1.000000000000000000, -0.000000000000000000, -0.000000000000000000 ) ) ;
#7854 = LINE ( 'NONE', #12115, #10284 ) ;
#7855 = FACE_OUTER_BOUND ( 'NONE', #6117, .T. ) ;
#7856 = VECTOR ( 'NONE', #11743, 1000.000000000000000 ) ;
#7857 = VECTOR ( 'NONE', #13568, 1000.000000000000000 ) ;
#7858 = DIRECTION ( 'NONE',  ( 1.000000000000000000, 0.000000000000000000, 0.000000000000000000 ) ) ;
#7859 = VERTEX_POINT ( 'NONE', #2340 ) ;
#7860 = CIRCLE ( 'NONE', #13196, 1.750000000000000000 ) ;
#7861 = LINE ( 'NONE', #13222, #10318 ) ;
#7862 = CARTESIAN_POINT ( 'NONE',  ( 8.500000000000000000, -17.57000000000000384, 7.189999999999999503 ) ) ;
#7863 = CARTESIAN_POINT ( 'NONE',  ( 5.679199999999999804, -2.337200000000000166, -0.5000000000000000000 ) ) ;
#7864 = VERTEX_POINT ( 'NONE', #6582 ) ;
#7865 = DIRECTION ( 'NONE',  ( 0.09602825923645796902, 0.9953786080823796567, 0.000000000000000000 ) ) ;
#7866 = MECHANICAL_DESIGN_GEOMETRIC_PRESENTATION_REPRESENTATION (  '', ( #3873 ), #8320 ) ;
#7867 = EDGE_CURVE ( 'NONE', #12482, #4767, #317, .T. ) ;
#7868 = VECTOR ( 'NONE', #4991, 1000.000000000000000 ) ;
#7869 = VECTOR ( 'NONE', #13366, 1000.000000000000000 ) ;
#7870 = ORIENTED_EDGE ( 'NONE', *, *, #12091, .T. ) ;
#7871 = PLANE ( 'NONE',  #11626 ) ;
#7872 = DIRECTION ( 'NONE',  ( 0.000000000000000000, 0.000000000000000000, 1.000000000000000000 ) ) ;
#7873 = DIRECTION ( 'NONE',  ( 0.000000000000000000, 0.000000000000000000, 1.000000000000000000 ) ) ;
#7874 = FACE_OUTER_BOUND ( 'NONE', #6101, .T. ) ;
#7876 = ORIENTED_EDGE ( 'NONE', *, *, #8712, .F. ) ;
#7875 = DIRECTION ( 'NONE',  ( 0.000000000000000000, 0.000000000000000000, 1.000000000000000000 ) ) ;
#7877 = VECTOR ( 'NONE', #9445, 1000.000000000000000 ) ;
#7878 = DIRECTION ( 'NONE',  ( -0.7071067811865477948, 0.000000000000000000, 0.7071067811865473507 ) ) ;
#7879 = LINE ( 'NONE', #9809, #8337 ) ;
#7880 = CARTESIAN_POINT ( 'NONE',  ( 3.149999999999999911, -21.56650000000000134, 0.000000000000000000 ) ) ;
#7881 = EDGE_CURVE ( 'NONE', #2541, #10652, #7690, .T. ) ;
#7882 = CARTESIAN_POINT ( 'NONE',  ( 14.85999999999999943, 3.200000000000000178, -2.307611844574999349 ) ) ;
#7883 = DIRECTION ( 'NONE',  ( 0.8786293792632253741, 0.4775043600801140986, 0.000000000000000000 ) ) ;
#7884 = DIRECTION ( 'NONE',  ( 0.000000000000000000, -1.000000000000000000, 0.000000000000000000 ) ) ;
#7885 = VECTOR ( 'NONE', #11673, 1000.000000000000114 ) ;
#7886 = AXIS2_PLACEMENT_3D ( 'NONE', #11510, #3098, #3993 ) ;
#7887 = FACE_OUTER_BOUND ( 'NONE', #2294, .T. ) ;
#7888 = EDGE_CURVE ( 'NONE', #4700, #5872, #9626, .T. ) ;
#7889 = PLANE ( 'NONE',  #3107 ) ;
#7890 = ORIENTED_EDGE ( 'NONE', *, *, #10346, .F. ) ;
#7891 = ORIENTED_EDGE ( 'NONE', *, *, #2628, .T. ) ;
#7892 = EDGE_CURVE ( 'NONE', #3274, #7516, #2533, .T. ) ;
#7893 = ORIENTED_EDGE ( 'NONE', *, *, #129, .T. ) ;
#7894 = PRESENTATION_LAYER_ASSIGNMENT (  '', '', ( #10772 ) ) ;
#7895 = VERTEX_POINT ( 'NONE', #1149 ) ;
#7896 = DIRECTION ( 'NONE',  ( 0.000000000000000000, 0.000000000000000000, -1.000000000000000000 ) ) ;
#7897 =( NAMED_UNIT ( * ) PLANE_ANGLE_UNIT ( ) SI_UNIT ( $, .RADIAN. ) );
#7898 = DIRECTION ( 'NONE',  ( 0.000000000000000000, -0.000000000000000000, 1.000000000000000000 ) ) ;
#7899 = ORIENTED_EDGE ( 'NONE', *, *, #4149, .T. ) ;
#7900 = DIRECTION ( 'NONE',  ( -0.000000000000000000, 1.000000000000000000, -0.000000000000000000 ) ) ;
#7901 = DIRECTION ( 'NONE',  ( -0.000000000000000000, 1.000000000000000000, 0.000000000000000000 ) ) ;
#7902 = ORIENTED_EDGE ( 'NONE', *, *, #7469, .F. ) ;
#7903 = ORIENTED_EDGE ( 'NONE', *, *, #12365, .T. ) ;
#7904 = EDGE_CURVE ( 'NONE', #6733, #3916, #5594, .T. ) ;
#7905 = ORIENTED_EDGE ( 'NONE', *, *, #11052, .T. ) ;
#7906 = VECTOR ( 'NONE', #7406, 1000.000000000000000 ) ;
#7907 = LINE ( 'NONE', #3799, #11858 ) ;
#7908 = ORIENTED_EDGE ( 'NONE', *, *, #9187, .F. ) ;
#7909 = FACE_OUTER_BOUND ( 'NONE', #6253, .T. ) ;
#7910 = CARTESIAN_POINT ( 'NONE',  ( -4.584999999999999964, -20.17650000000000077, 13.40000000000000036 ) ) ;
#7911 = CARTESIAN_POINT ( 'NONE',  ( -5.500000000000000000, -17.94999999999999929, 0.000000000000000000 ) ) ;
#7912 = LINE ( 'NONE', #1730, #8691 ) ;
#7913 = ORIENTED_EDGE ( 'NONE', *, *, #5451, .F. ) ;
#7914 = ORIENTED_EDGE ( 'NONE', *, *, #13246, .F. ) ;
#7915 = PRODUCT_CONTEXT ( 'NONE', #12029, 'mechanical' ) ;
#7916 = SURFACE_SIDE_STYLE ('',( #13479 ) ) ;
#7917 = DIRECTION ( 'NONE',  ( 1.000000000000000000, 0.000000000000000000, 0.000000000000000000 ) ) ;
#7918 = VERTEX_POINT ( 'NONE', #2197 ) ;
#7919 =( NAMED_UNIT ( * ) PLANE_ANGLE_UNIT ( ) SI_UNIT ( $, .RADIAN. ) );
#7920 = ADVANCED_FACE ( 'NONE', ( #9694 ), #6439, .T. ) ;
#7921 = DIRECTION ( 'NONE',  ( 0.000000000000000000, -1.000000000000000000, 0.000000000000000000 ) ) ;
#7922 = ORIENTED_EDGE ( 'NONE', *, *, #9698, .T. ) ;
#7923 = AXIS2_PLACEMENT_3D ( 'NONE', #8641, #4333, #2248 ) ;
#7924 = ADVANCED_FACE ( 'NONE', ( #4555 ), #8792, .F. ) ;
#7925 = ADVANCED_FACE ( 'NONE', ( #7755 ), #12002, .F. ) ;
#7926 = CARTESIAN_POINT ( 'NONE',  ( 3.850000000000000089, -22.58650000000000091, 4.650000000000000355 ) ) ;
#7927 = EDGE_LOOP ( 'NONE', ( #13364, #3783, #6787, #6399 ) ) ;
#7928 = DIRECTION ( 'NONE',  ( -0.1004120643276970176, 0.9949459368917741298, -0.000000000000000000 ) ) ;
#7929 = DIRECTION ( 'NONE',  ( 0.000000000000000000, -1.000000000000000000, 0.000000000000000000 ) ) ;
#7930 = CARTESIAN_POINT ( 'NONE',  ( 20.00000000000000000, 0.000000000000000000, -1.750000000000000000 ) ) ;
#7931 = LINE ( 'NONE', #13018, #9511 ) ;
#7932 = VERTEX_POINT ( 'NONE', #13251 ) ;
#7933 = DIRECTION ( 'NONE',  ( -0.000000000000000000, -1.000000000000000000, 0.000000000000000000 ) ) ;
#7934 = CARTESIAN_POINT ( 'NONE',  ( 1.394999999999999796, -22.96649999999999991, 15.74000000000000021 ) ) ;
#7935 = EDGE_CURVE ( 'NONE', #10680, #10737, #591, .T. ) ;
#7936 = DIRECTION ( 'NONE',  ( 0.000000000000000000, 0.000000000000000000, -1.000000000000000000 ) ) ;
#7937 = ORIENTED_EDGE ( 'NONE', *, *, #4346, .F. ) ;
#7938 = LINE ( 'NONE', #565, #2868 ) ;
#7939 = VERTEX_POINT ( 'NONE', #5740 ) ;
#7940 = CARTESIAN_POINT ( 'NONE',  ( 5.525000000000000355, -19.40650000000000119, 7.190000000000000391 ) ) ;
#7941 = DIRECTION ( 'NONE',  ( -0.000000000000000000, -0.000000000000000000, 1.000000000000000000 ) ) ;
#7942 = DIRECTION ( 'NONE',  ( -1.000000000000000000, 0.000000000000000000, -0.000000000000000000 ) ) ;
#7943 = VECTOR ( 'NONE', #8701, 1000.000000000000000 ) ;
#7945 = VERTEX_POINT ( 'NONE', #10948 ) ;
#7944 = CARTESIAN_POINT ( 'NONE',  ( 1.395000000000000018, -22.96649999999999991, -3.310000000000000053 ) ) ;
#7946 = LINE ( 'NONE', #6777, #10330 ) ;
#7947 = DIRECTION ( 'NONE',  ( 0.000000000000000000, 1.000000000000000000, -0.000000000000000000 ) ) ;
#7948 = DIRECTION ( 'NONE',  ( 0.000000000000000000, 0.000000000000000000, 1.000000000000000000 ) ) ;
#7949 = CARTESIAN_POINT ( 'NONE',  ( 5.605000000000000426, -22.58650000000000091, 4.650000000000000355 ) ) ;
#7950 = DIRECTION ( 'NONE',  ( -0.000000000000000000, 1.000000000000000000, -0.000000000000000000 ) ) ;
#7951 = EDGE_CURVE ( 'NONE', #8442, #9542, #7860, .T. ) ;
#7952 = LINE ( 'NONE', #12268, #186 ) ;
#7953 = CARTESIAN_POINT ( 'NONE',  ( -12.20500000000000007, -22.96649999999999991, -1.880000000000000115 ) ) ;
#7954 = ORIENTED_EDGE ( 'NONE', *, *, #6353, .F. ) ;
#7955 = EDGE_LOOP ( 'NONE', ( #8652, #2493, #588, #12273 ) ) ;
#7956 = ORIENTED_EDGE ( 'NONE', *, *, #8720, .F. ) ;
#7957 = ORIENTED_EDGE ( 'NONE', *, *, #9654, .F. ) ;
#7958 = DIRECTION ( 'NONE',  ( -1.000000000000000000, 0.000000000000000000, -0.000000000000000000 ) ) ;
#7959 = CARTESIAN_POINT ( 'NONE',  ( 0.000000000000000000, -15.40000000000000036, 0.000000000000000000 ) ) ;
#7960 = EDGE_CURVE ( 'NONE', #13646, #2609, #9904, .T. ) ;
#7961 = DIRECTION ( 'NONE',  ( 0.000000000000000000, -0.000000000000000000, 1.000000000000000000 ) ) ;
#7962 = ORIENTED_EDGE ( 'NONE', *, *, #11554, .T. ) ;
#7963 = FACE_OUTER_BOUND ( 'NONE', #1608, .T. ) ;
#7964 = DIRECTION ( 'NONE',  ( 0.000000000000000000, 0.000000000000000000, 1.000000000000000000 ) ) ;
#7965 = ORIENTED_EDGE ( 'NONE', *, *, #13533, .T. ) ;
#7966 = ORIENTED_EDGE ( 'NONE', *, *, #534, .F. ) ;
#7967 = AXIS2_PLACEMENT_3D ( 'NONE', #6352, #11634, #7334 ) ;
#7968 = EDGE_CURVE ( 'NONE', #5656, #5770, #5946, .T. ) ;
#7969 = VECTOR ( 'NONE', #4501, 1000.000000000000000 ) ;
#7970 = VECTOR ( 'NONE', #8977, 1000.000000000000227 ) ;
#7971 = VECTOR ( 'NONE', #4790, 1000.000000000000000 ) ;
#7972 = ORIENTED_EDGE ( 'NONE', *, *, #11367, .T. ) ;
#7973 = CARTESIAN_POINT ( 'NONE',  ( -9.414999999999999147, -22.96649999999999991, 4.649999999999999467 ) ) ;
#7974 = ORIENTED_EDGE ( 'NONE', *, *, #2237, .T. ) ;
#7975 = CIRCLE ( 'NONE', #11538, 0.9899999999999999911 ) ;
#7976 = DIRECTION ( 'NONE',  ( -0.000000000000000000, 1.000000000000000000, 0.000000000000000000 ) ) ;
#7977 = CARTESIAN_POINT ( 'NONE',  ( -2.415000000000000036, -20.17650000000000077, -7.519999999999999574 ) ) ;
#7978 = CARTESIAN_POINT ( 'NONE',  ( -5.525000000000050093, -13.31650000000000844, 4.650000000000000355 ) ) ;
#7979 = EDGE_CURVE ( 'NONE', #6036, #2331, #4622, .T. ) ;
#7980 = FACE_OUTER_BOUND ( 'NONE', #2759, .T. ) ;
#7981 = ORIENTED_EDGE ( 'NONE', *, *, #7539, .F. ) ;
#7982 = ORIENTED_EDGE ( 'NONE', *, *, #1960, .F. ) ;
#7983 = LINE ( 'NONE', #11045, #11231 ) ;
#7984 = CARTESIAN_POINT ( 'NONE',  ( 1.395000000000000018, -22.96649999999999991, -4.320000000000000284 ) ) ;
#7985 = CARTESIAN_POINT ( 'NONE',  ( 1.352477888071982104, -12.04649999999999999, -4.320000000000000284 ) ) ;
#7986 = ORIENTED_EDGE ( 'NONE', *, *, #1464, .F. ) ;
#7987 = SURFACE_STYLE_USAGE ( .BOTH. , #2424 ) ;
#7988 = ORIENTED_EDGE ( 'NONE', *, *, #6690, .F. ) ;
#7989 = EDGE_CURVE ( 'NONE', #1434, #11931, #10116, .T. ) ;
#7990 = AXIS2_PLACEMENT_3D ( 'NONE', #2672, #7883, #13169 ) ;
#7991 = DIRECTION ( 'NONE',  ( -0.000000000000000000, -1.000000000000000000, 0.000000000000000000 ) ) ;
#7992 = ORIENTED_EDGE ( 'NONE', *, *, #3871, .F. ) ;
#7993 = CARTESIAN_POINT ( 'NONE',  ( -4.714999999999999858, -12.04649999999999999, 3.629999999999999893 ) ) ;
#7994 = EDGE_CURVE ( 'NONE', #10901, #2375, #3650, .T. ) ;
#7995 = CARTESIAN_POINT ( 'NONE',  ( -2.285000000000000142, -13.31649999999999956, -3.299999999999999822 ) ) ;
#7996 = CARTESIAN_POINT ( 'NONE',  ( 5.700000000000000178, -3.556500000000000217, 4.500000000000000888 ) ) ;
#7997 = DIRECTION ( 'NONE',  ( 1.000000000000000000, -0.000000000000000000, 0.000000000000000000 ) ) ;
#7999 = ORIENTED_EDGE ( 'NONE', *, *, #1104, .F. ) ;
#7998 = EDGE_CURVE ( 'NONE', #12443, #8603, #10179, .T. ) ;
#8000 = VECTOR ( 'NONE', #9040, 1000.000000000000000 ) ;
#8001 = DIRECTION ( 'NONE',  ( -0.000000000000000000, 0.000000000000000000, 1.000000000000000000 ) ) ;
#8002 = EDGE_CURVE ( 'NONE', #4439, #8586, #13118, .T. ) ;
#8003 = LINE ( 'NONE', #2725, #8864 ) ;
#8004 = CARTESIAN_POINT ( 'NONE',  ( -5.730000000000001315, -15.34650000000000070, 4.500000000000000888 ) ) ;
#8005 = ORIENTED_EDGE ( 'NONE', *, *, #12819, .T. ) ;
#8006 = CARTESIAN_POINT ( 'NONE',  ( 6.490000000000000213, -3.313815743959999782, -0.1000000000000020040 ) ) ;
#8007 = VECTOR ( 'NONE', #13431, 1000.000000000000000 ) ;
#8008 = PLANE ( 'NONE',  #289 ) ;
#8009 = EDGE_CURVE ( 'NONE', #8916, #1792, #3573, .T. ) ;
#8010 = ADVANCED_FACE ( 'NONE', ( #5880 ), #12151, .T. ) ;
#8011 = CARTESIAN_POINT ( 'NONE',  ( 20.00000000000000000, -8.699999999999999289, 15.80886698680999913 ) ) ;
#8012 = CYLINDRICAL_SURFACE ( 'NONE', #6958, 0.2999999999999999334 ) ;
#8013 = CARTESIAN_POINT ( 'NONE',  ( 11.42999999999999972, 3.589199999999999946, -1.017359312880999678 ) ) ;
#8015 = EDGE_LOOP ( 'NONE', ( #6227, #2589, #3806, #4342, #10764 ) ) ;
#8014 = CARTESIAN_POINT ( 'NONE',  ( -0.4949999999999999956, -22.96649999999999991, -1.830000000000000071 ) ) ;
#8016 = LINE ( 'NONE', #11218, #12152 ) ;
#8017 =( NAMED_UNIT ( * ) PLANE_ANGLE_UNIT ( ) SI_UNIT ( $, .RADIAN. ) );
#8018 = CARTESIAN_POINT ( 'NONE',  ( 0.000000000000000000, -2.399999999999999911, -4.400000000000000355 ) ) ;
#8019 = EDGE_CURVE ( 'NONE', #10110, #6462, #2758, .T. ) ;
#8020 = CARTESIAN_POINT ( 'NONE',  ( 3.935000000000000053, -20.17650000000000077, -4.500000000000000888 ) ) ;
#8021 = DIRECTION ( 'NONE',  ( 0.000000000000000000, -0.000000000000000000, -1.000000000000000000 ) ) ;
#8022 = CARTESIAN_POINT ( 'NONE',  ( 12.20500000000000007, -17.94999999999999929, 7.519999999999999574 ) ) ;
#8023 = CARTESIAN_POINT ( 'NONE',  ( 5.730000000000000426, -17.37650000000000006, 4.650000000000000355 ) ) ;
#8024 = ADVANCED_FACE ( 'NONE', ( #3721 ), #3862, .T. ) ;
#8025 = ORIENTED_EDGE ( 'NONE', *, *, #905, .F. ) ;
#8026 = EDGE_LOOP ( 'NONE', ( #5918, #1064, #11715, #5756 ) ) ;
#8027 = ORIENTED_EDGE ( 'NONE', *, *, #13104, .T. ) ;
#8028 = EDGE_CURVE ( 'NONE', #13158, #1310, #6794, .T. ) ;
#8029 = VERTEX_POINT ( 'NONE', #1570 ) ;
#8030 = CARTESIAN_POINT ( 'NONE',  ( -1.274999999999999911, -17.37650000000000006, -4.519999999999999574 ) ) ;
#8031 = CARTESIAN_POINT ( 'NONE',  ( 5.730000000000001315, -17.37650000000000006, 3.840000000000000302 ) ) ;
#8032 = DIRECTION ( 'NONE',  ( 0.000000000000000000, -0.000000000000000000, 1.000000000000000000 ) ) ;
#8033 = ORIENTED_EDGE ( 'NONE', *, *, #8616, .F. ) ;
#8034 = CARTESIAN_POINT ( 'NONE',  ( -9.414999999999999147, -17.94999999999999929, 4.500000000000000888 ) ) ;
#8035 = CARTESIAN_POINT ( 'NONE',  ( -0.4949999999999999956, -23.77649999999999864, -4.320000000000000284 ) ) ;
#8036 = AXIS2_PLACEMENT_3D ( 'NONE', #3489, #10788, #146 ) ;
#8037 = VERTEX_POINT ( 'NONE', #11026 ) ;
#8038 = ORIENTED_EDGE ( 'NONE', *, *, #8028, .F. ) ;
#8039 = VECTOR ( 'NONE', #787, 1000.000000000000000 ) ;
#8040 = ORIENTED_EDGE ( 'NONE', *, *, #9564, .F. ) ;
#8041 = CARTESIAN_POINT ( 'NONE',  ( -4.584999999999999964, -2.337200000000000166, 4.650000000000000355 ) ) ;
#8042 = ORIENTED_EDGE ( 'NONE', *, *, #4282, .T. ) ;
#8043 = VECTOR ( 'NONE', #1801, 1000.000000000000000 ) ;
#8044 = ORIENTED_EDGE ( 'NONE', *, *, #6370, .F. ) ;
#8045 = CARTESIAN_POINT ( 'NONE',  ( -5.931689797203000047, -2.286500000000000199, 4.650000000000000355 ) ) ;
#8046 = LINE ( 'NONE', #3667, #9733 ) ;
#8047 = CARTESIAN_POINT ( 'NONE',  ( -8.474999999999999645, -15.34650000000000070, 4.650000000000000355 ) ) ;
#8048 = DIRECTION ( 'NONE',  ( -1.000000000000000000, 0.000000000000000000, -0.000000000000000000 ) ) ;
#8049 = VERTEX_POINT ( 'NONE', #2615 ) ;
#8050 = EDGE_CURVE ( 'NONE', #5940, #5684, #6857, .T. ) ;
#8051 = EDGE_LOOP ( 'NONE', ( #10047, #3593, #10961, #7620 ) ) ;
#8052 = DIRECTION ( 'NONE',  ( -0.000000000000000000, -1.000000000000000000, 0.000000000000000000 ) ) ;
#8053 = DIRECTION ( 'NONE',  ( -1.000000000000000000, -0.000000000000000000, 0.000000000000000000 ) ) ;
#8054 = EDGE_CURVE ( 'NONE', #13646, #9764, #6998, .T. ) ;
#8055 = LINE ( 'NONE', #4015, #3823 ) ;
#8056 = VERTEX_POINT ( 'NONE', #9002 ) ;
#8057 = FACE_OUTER_BOUND ( 'NONE', #3141, .T. ) ;
#8058 = VERTEX_POINT ( 'NONE', #660 ) ;
#8059 = CIRCLE ( 'NONE', #4947, 1.400000000000000133 ) ;
#8060 = EDGE_CURVE ( 'NONE', #3238, #3604, #4905, .T. ) ;
#8061 = AXIS2_PLACEMENT_3D ( 'NONE', #11730, #10609, #9625 ) ;
#8062 = EDGE_CURVE ( 'NONE', #4788, #2890, #11580, .T. ) ;
#8063 = VECTOR ( 'NONE', #11981, 1000.000000000000000 ) ;
#8064 = DIRECTION ( 'NONE',  ( -0.000000000000000000, 0.000000000000000000, 1.000000000000000000 ) ) ;
#8065 = ORIENTED_EDGE ( 'NONE', *, *, #4086, .T. ) ;
#8066 = CARTESIAN_POINT ( 'NONE',  ( 0.000000000000000000, -17.94999999999999929, -12.90000000000000036 ) ) ;
#8067 = CARTESIAN_POINT ( 'NONE',  ( 5.730000000000000426, -17.37650000000000006, 4.650000000000000355 ) ) ;
#8068 = PLANE ( 'NONE',  #2963 ) ;
#8069 = EDGE_CURVE ( 'NONE', #9719, #2335, #2047, .T. ) ;
#8070 = VECTOR ( 'NONE', #11773, 1000.000000000000000 ) ;
#8071 = FACE_BOUND ( 'NONE', #8747, .T. ) ;
#8072 = EDGE_LOOP ( 'NONE', ( #5370, #479, #7981, #5396 ) ) ;
#8073 = AXIS2_PLACEMENT_3D ( 'NONE', #2907, #4069, #7147 ) ;
#8074 = LINE ( 'NONE', #12326, #6990 ) ;
#8075 = AXIS2_PLACEMENT_3D ( 'NONE', #12624, #8370, #996 ) ;
#8076 = CARTESIAN_POINT ( 'NONE',  ( -4.584999999999999964, -2.337200000000000166, 4.500000000000000888 ) ) ;
#8077 = PLANE ( 'NONE',  #4521 ) ;
#8078 = VERTEX_POINT ( 'NONE', #4976 ) ;
#8079 = VECTOR ( 'NONE', #1061, 1000.000000000000000 ) ;
#8080 = CARTESIAN_POINT ( 'NONE',  ( -0.4949999999999999956, -23.77649999999999864, -1.093199999999999950 ) ) ;
#8081 = VECTOR ( 'NONE', #9281, 1000.000000000000000 ) ;
#8082 = VECTOR ( 'NONE', #10620, 1000.000000000000114 ) ;
#8083 = LINE ( 'NONE', #10226, #11173 ) ;
#8084 = VECTOR ( 'NONE', #4107, 1000.000000000000000 ) ;
#8085 = ADVANCED_FACE ( 'NONE', ( #12423 ), #5182, .F. ) ;
#8086 = VECTOR ( 'NONE', #275, 1000.000000000000000 ) ;
#8087 = CARTESIAN_POINT ( 'NONE',  ( -10.15000000000000036, -21.56650000000000134, 3.840000000000000302 ) ) ;
#8088 =( NAMED_UNIT ( * ) PLANE_ANGLE_UNIT ( ) SI_UNIT ( $, .RADIAN. ) );
#8089 = LINE ( 'NONE', #11214, #6932 ) ;
#8090 = VECTOR ( 'NONE', #1477, 1000.000000000000000 ) ;
#8092 = ORIENTED_EDGE ( 'NONE', *, *, #8650, .F. ) ;
#8091 = CARTESIAN_POINT ( 'NONE',  ( -1.294999999999999929, -32.60964151460999716, -0.2550000000000000044 ) ) ;
#8093 = PRESENTATION_STYLE_ASSIGNMENT (( #13575 ) ) ;
#8094 = LINE ( 'NONE', #8020, #9405 ) ;
#8095 = CARTESIAN_POINT ( 'NONE',  ( -2.285000000000000142, -15.34650000000000070, -4.320000000000000284 ) ) ;
#8096 = CARTESIAN_POINT ( 'NONE',  ( 9.414999999999999147, -2.337200000000000166, 4.500000000000000888 ) ) ;
#8097 = VECTOR ( 'NONE', #1513, 1000.000000000000000 ) ;
#8098 = CARTESIAN_POINT ( 'NONE',  ( -6.490000000000000213, -3.313815743959999782, -0.1000000000000020040 ) ) ;
#8099 = ADVANCED_FACE ( 'NONE', ( #12489 ), #10532, .T. ) ;
#8100 = AXIS2_PLACEMENT_3D ( 'NONE', #7535, #5378, #8576 ) ;
#8101 = ADVANCED_FACE ( 'NONE', ( #4059 ), #1008, .F. ) ;
#8102 = ADVANCED_FACE ( 'NONE', ( #2961 ), #7066, .T. ) ;
#8103 = ORIENTED_EDGE ( 'NONE', *, *, #5849, .F. ) ;
#8104 = CARTESIAN_POINT ( 'NONE',  ( -8.294999999999999929, -17.37650000000000006, 3.840000000000000302 ) ) ;
#8105 = EDGE_CURVE ( 'NONE', #9878, #7932, #13666, .T. ) ;
#8106 = VECTOR ( 'NONE', #8826, 1000.000000000000000 ) ;
#8107 = ADVANCED_FACE ( 'NONE', ( #9476 ), #2831, .T. ) ;
#8108 = ORIENTED_EDGE ( 'NONE', *, *, #8352, .T. ) ;
#8109 = VERTEX_POINT ( 'NONE', #11301 ) ;
#8110 = CARTESIAN_POINT ( 'NONE',  ( -10.93500000000000050, -20.17650000000000077, 4.500000000000000888 ) ) ;
#8111 = VERTEX_POINT ( 'NONE', #3931 ) ;
#8112 = ORIENTED_EDGE ( 'NONE', *, *, #6322, .T. ) ;
#8113 = DIRECTION ( 'NONE',  ( -0.000000000000000000, 1.000000000000000000, 0.000000000000000000 ) ) ;
#8114 = DIRECTION ( 'NONE',  ( 1.000000000000000000, 0.000000000000000000, -0.000000000000000000 ) ) ;
#8115 = AXIS2_PLACEMENT_3D ( 'NONE', #2523, #6778, #7267 ) ;
#8116 = DIRECTION ( 'NONE',  ( -0.000000000000000000, 1.000000000000000000, 0.000000000000000000 ) ) ;
#8117 = EDGE_LOOP ( 'NONE', ( #9718, #2107, #10270, #6175, #13354, #11524 ) ) ;
#8118 = DIRECTION ( 'NONE',  ( 0.4775043600801140986, -0.8786293792632253741, 0.000000000000000000 ) ) ;
#8119 = VECTOR ( 'NONE', #8778, 1000.000000000000000 ) ;
#8120 = CARTESIAN_POINT ( 'NONE',  ( 20.00000000000000000, 0.000000000000000000, 0.000000000000000000 ) ) ;
#8121 = VERTEX_POINT ( 'NONE', #930 ) ;
#8122 = VECTOR ( 'NONE', #12023, 1000.000000000000000 ) ;
#8123 = ORIENTED_EDGE ( 'NONE', *, *, #10119, .F. ) ;
#8124 = PRESENTATION_LAYER_ASSIGNMENT (  '', '', ( #6340 ) ) ;
#8125 = STYLED_ITEM ( 'NONE', ( #9646 ), #13674 ) ;
#8126 = ORIENTED_EDGE ( 'NONE', *, *, #3921, .T. ) ;
#8127 = CARTESIAN_POINT ( 'NONE',  ( -9.414999999999999147, -21.56650000000000134, -0.5000000000000000000 ) ) ;
#8128 = ORIENTED_EDGE ( 'NONE', *, *, #10067, .F. ) ;
#8129 = ORIENTED_EDGE ( 'NONE', *, *, #12702, .T. ) ;
#8130 = DIRECTION ( 'NONE',  ( 0.9949459368917742408, -0.1004120643276970315, 0.000000000000000000 ) ) ;
#8131 = CARTESIAN_POINT ( 'NONE',  ( 7.509999999999999787, -3.313815743959999782, 4.650000000000000355 ) ) ;
#8132 = FACE_OUTER_BOUND ( 'NONE', #1649, .T. ) ;
#8133 = CARTESIAN_POINT ( 'NONE',  ( -5.724999999999999645, -17.57000000000000384, 4.649999999999999467 ) ) ;
#8134 = ORIENTED_EDGE ( 'NONE', *, *, #11672, .T. ) ;
#8135 = EDGE_LOOP ( 'NONE', ( #6032, #8388, #3206, #2598, #11944, #8857, #11365, #552 ) ) ;
#8136 = DIRECTION ( 'NONE',  ( -0.000000000000000000, -0.000000000000000000, 1.000000000000000000 ) ) ;
#8137 = DIRECTION ( 'NONE',  ( 0.000000000000000000, 0.000000000000000000, -1.000000000000000000 ) ) ;
#8138 = VERTEX_POINT ( 'NONE', #8177 ) ;
#8139 = CARTESIAN_POINT ( 'NONE',  ( 2.285000000000000142, -13.31649999999999956, -4.320000000000000284 ) ) ;
#8140 = EDGE_LOOP ( 'NONE', ( #6540, #5823, #6832, #12019, #4915, #6357 ) ) ;
#8141 = CARTESIAN_POINT ( 'NONE',  ( 4.715000000000000746, -19.40650000000000119, 4.830000000000000071 ) ) ;
#8142 = ADVANCED_FACE ( 'NONE', ( #8312 ), #7140, .T. ) ;
#8143 = ORIENTED_EDGE ( 'NONE', *, *, #5513, .F. ) ;
#8144 = LINE ( 'NONE', #11404, #9386 ) ;
#8145 = DIRECTION ( 'NONE',  ( 0.000000000000000000, -1.000000000000000000, 0.000000000000000000 ) ) ;
#8146 = CARTESIAN_POINT ( 'NONE',  ( -1.475000000000000089, -17.57000000000000384, -12.90000000000000036 ) ) ;
#8147 = LINE ( 'NONE', #4807, #13160 ) ;
#8148 = CARTESIAN_POINT ( 'NONE',  ( 14.85999999999999943, -15.22000000000000242, -2.307611844574999793 ) ) ;
#8149 = EDGE_CURVE ( 'NONE', #931, #9498, #5050, .T. ) ;
#8150 = AXIS2_PLACEMENT_3D ( 'NONE', #12581, #8459, #2135 ) ;
#8151 = CARTESIAN_POINT ( 'NONE',  ( 0.000000000000000000, -17.37650000000000006, 0.4299999999999999933 ) ) ;
#8152 = DIRECTION ( 'NONE',  ( 0.000000000000000000, 1.000000000000000000, 0.000000000000000000 ) ) ;
#8153 = LINE ( 'NONE', #12251, #976 ) ;
#8154 = VERTEX_POINT ( 'NONE', #3164 ) ;
#8155 = FILL_AREA_STYLE ('',( #1751 ) ) ;
#8156 = ADVANCED_FACE ( 'NONE', ( #7408 ), #3355, .F. ) ;
#8157 = LINE ( 'NONE', #430, #10504 ) ;
#8158 = VECTOR ( 'NONE', #183, 1000.000000000000000 ) ;
#8159 = DIRECTION ( 'NONE',  ( 0.000000000000000000, -1.000000000000000000, 0.000000000000000000 ) ) ;
#8160 = CARTESIAN_POINT ( 'NONE',  ( 0.000000000000000000, -12.04649999999999999, -4.320000000000000284 ) ) ;
#8161 = LINE ( 'NONE', #13504, #9359 ) ;
#8163 = ORIENTED_EDGE ( 'NONE', *, *, #8590, .T. ) ;
#8162 = DIRECTION ( 'NONE',  ( -0.000000000000000000, 0.000000000000000000, -1.000000000000000000 ) ) ;
#8164 = DIRECTION ( 'NONE',  ( 0.000000000000000000, -0.000000000000000000, -1.000000000000000000 ) ) ;
#8165 = CARTESIAN_POINT ( 'NONE',  ( -15.94999999999999929, -17.94999999999999929, -3.472485578728000011 ) ) ;
#8166 = DIRECTION ( 'NONE',  ( -0.000000000000000000, 1.000000000000000000, 0.000000000000000000 ) ) ;
#8167 = CARTESIAN_POINT ( 'NONE',  ( -9.414999999999999147, -17.94999999999999929, 4.500000000000000888 ) ) ;
#8168 = DIRECTION ( 'NONE',  ( -0.000000000000000000, -1.000000000000000000, 0.000000000000000000 ) ) ;
#8169 = VERTEX_POINT ( 'NONE', #12829 ) ;
#8170 = VERTEX_POINT ( 'NONE', #3297 ) ;
#8171 = CARTESIAN_POINT ( 'NONE',  ( 1.500000000000000222, -17.57000000000000384, -6.860000000000000320 ) ) ;
#8172 = VERTEX_POINT ( 'NONE', #10662 ) ;
#8173 = ORIENTED_EDGE ( 'NONE', *, *, #3469, .T. ) ;
#8174 = DIRECTION ( 'NONE',  ( -0.000000000000000000, -0.000000000000000000, -1.000000000000000000 ) ) ;
#8175 = DIRECTION ( 'NONE',  ( -0.09602825923647448358, 0.9953786080823779914, 0.000000000000000000 ) ) ;
#8176 = EDGE_CURVE ( 'NONE', #7524, #7003, #9608, .T. ) ;
#8177 = CARTESIAN_POINT ( 'NONE',  ( -1.394999999999999796, -22.58649999999999736, -4.320000000000000284 ) ) ;
#8178 = ORIENTED_EDGE ( 'NONE', *, *, #12612, .F. ) ;
#8179 = DIRECTION ( 'NONE',  ( 0.09602825923645796902, -0.9953786080823796567, 0.000000000000000000 ) ) ;
#8180 = DIRECTION ( 'NONE',  ( 1.000000000000000000, 0.000000000000000000, 0.000000000000000000 ) ) ;
#8181 = ADVANCED_FACE ( 'NONE', ( #5577 ), #297, .T. ) ;
#8182 = EDGE_CURVE ( 'NONE', #13245, #2311, #6363, .T. ) ;
#8183 = VERTEX_POINT ( 'NONE', #11916 ) ;
#8184 = EDGE_CURVE ( 'NONE', #11443, #11194, #6567, .T. ) ;
#8185 = EDGE_LOOP ( 'NONE', ( #10803, #530, #4159, #2496, #5460, #12628, #1046, #3512, #3580, #11853, #801, #98, #3501, #1318 ) ) ;
#8186 = DIRECTION ( 'NONE',  ( -1.000000000000000000, 0.000000000000000000, 0.000000000000000000 ) ) ;
#8187 = VERTEX_POINT ( 'NONE', #4336 ) ;
#8188 = EDGE_LOOP ( 'NONE', ( #10716, #8729, #12914, #8944 ) ) ;
#8189 = EDGE_CURVE ( 'NONE', #175, #4793, #3237, .T. ) ;
#8190 = CARTESIAN_POINT ( 'NONE',  ( 0.000000000000000000, -22.96649999999999991, 4.850000000000000533 ) ) ;
#8191 = FACE_OUTER_BOUND ( 'NONE', #12177, .T. ) ;
#8192 = CARTESIAN_POINT ( 'NONE',  ( -13.50000000000000000, -15.40000000000000213, 15.80886698680999913 ) ) ;
#8193 = DIRECTION ( 'NONE',  ( -0.1004120643276970176, -0.9949459368917741298, 0.000000000000000000 ) ) ;
#8194 = ORIENTED_EDGE ( 'NONE', *, *, #8650, .T. ) ;
#8195 = SURFACE_STYLE_USAGE ( .BOTH. , #7916 ) ;
#8196 = VECTOR ( 'NONE', #919, 1000.000000000000000 ) ;
#8197 = UNCERTAINTY_MEASURE_WITH_UNIT (LENGTH_MEASURE( 1.000000000000000082E-05 ), #5280, 'distance_accuracy_value', 'NONE');
#8198 = CARTESIAN_POINT ( 'NONE',  ( -4.612359312880999873, -15.22000000000000064, -4.834999999999999964 ) ) ;
#8199 = ORIENTED_EDGE ( 'NONE', *, *, #3619, .T. ) ;
#8200 = VERTEX_POINT ( 'NONE', #2182 ) ;
#8201 = EDGE_CURVE ( 'NONE', #6042, #10211, #87, .T. ) ;
#8202 = VECTOR ( 'NONE', #7585, 1000.000000000000000 ) ;
#8203 = AXIS2_PLACEMENT_3D ( 'NONE', #2934, #9256, #6134 ) ;
#8204 = CARTESIAN_POINT ( 'NONE',  ( -13.50000000000000000, -2.399999999999999911, 14.30000000000000071 ) ) ;
#8205 = ORIENTED_EDGE ( 'NONE', *, *, #2227, .F. ) ;
#8206 = PLANE ( 'NONE',  #3852 ) ;
#8207 = CARTESIAN_POINT ( 'NONE',  ( 21.69999999999999929, -15.39999999999999858, 55.05878599081000146 ) ) ;
#8208 = FACE_OUTER_BOUND ( 'NONE', #12851, .T. ) ;
#8209 = DIRECTION ( 'NONE',  ( 0.000000000000000000, 0.000000000000000000, -1.000000000000000000 ) ) ;
#8210 = DIRECTION ( 'NONE',  ( -0.000000000000000000, 1.000000000000000000, 0.000000000000000000 ) ) ;
#8211 = PLANE ( 'NONE',  #8540 ) ;
#8212 = CARTESIAN_POINT ( 'NONE',  ( 5.605000000000000426, -22.96649999999999991, 4.950000000000000178 ) ) ;
#8213 = CIRCLE ( 'NONE', #5765, 6.500000000000000888 ) ;
#8214 = DIRECTION ( 'NONE',  ( 0.000000000000000000, -0.000000000000000000, 1.000000000000000000 ) ) ;
#8215 = VECTOR ( 'NONE', #7143, 1000.000000000000000 ) ;
#8216 = ORIENTED_EDGE ( 'NONE', *, *, #13762, .F. ) ;
#8217 = DIRECTION ( 'NONE',  ( -1.000000000000000000, 0.000000000000000000, -0.000000000000000000 ) ) ;
#8218 = EDGE_CURVE ( 'NONE', #6133, #9241, #10597, .T. ) ;
#8219 = CARTESIAN_POINT ( 'NONE',  ( 5.205000000000000071, -17.94999999999999929, -1.879999999999999893 ) ) ;
#8220 = DIRECTION ( 'NONE',  ( 0.000000000000000000, -0.000000000000000000, 1.000000000000000000 ) ) ;
#8222 = PRESENTATION_LAYER_ASSIGNMENT (  '', '', ( #6893 ) ) ;
#8221 = DIRECTION ( 'NONE',  ( -0.7071067811865475727, 0.000000000000000000, 0.7071067811865475727 ) ) ;
#8223 = DIRECTION ( 'NONE',  ( -0.000000000000000000, -1.000000000000000000, -0.000000000000000000 ) ) ;
#8225 = EDGE_LOOP ( 'NONE', ( #8507, #8366, #11458, #2786, #7752 ) ) ;
#8224 = CARTESIAN_POINT ( 'NONE',  ( 0.000000000000000000, -1.376499999999999169, 4.850000000000000533 ) ) ;
#8226 = CARTESIAN_POINT ( 'NONE',  ( 6.522485578728000277, -17.94999999999999929, -8.150000000000000355 ) ) ;
#8227 = DIRECTION ( 'NONE',  ( -1.000000000000000000, -0.000000000000000000, 0.000000000000000000 ) ) ;
#8228 = EDGE_CURVE ( 'NONE', #11894, #9043, #315, .T. ) ;
#8229 = CARTESIAN_POINT ( 'NONE',  ( -5.524999999999999467, -15.34650000000000070, -0.1000000000000001721 ) ) ;
#8230 = DIRECTION ( 'NONE',  ( 0.000000000000000000, 0.000000000000000000, 1.000000000000000000 ) ) ;
#8231 = DIRECTION ( 'NONE',  ( -0.000000000000000000, -1.000000000000000000, -0.000000000000000000 ) ) ;
#8232 = CARTESIAN_POINT ( 'NONE',  ( -1.395000000000000018, -22.96649999999999991, -3.509999999999999787 ) ) ;
#8233 = VECTOR ( 'NONE', #13306, 1000.000000000000000 ) ;
#8234 = ADVANCED_FACE ( 'NONE', ( #5312 ), #2324, .F. ) ;
#8235 = LINE ( 'NONE', #10382, #12953 ) ;
#8236 = ORIENTED_EDGE ( 'NONE', *, *, #13709, .T. ) ;
#8237 = ORIENTED_EDGE ( 'NONE', *, *, #13552, .T. ) ;
#8238 = EDGE_CURVE ( 'NONE', #3858, #10387, #8706, .T. ) ;
#8239 = FACE_OUTER_BOUND ( 'NONE', #3587, .T. ) ;
#8240 = ORIENTED_EDGE ( 'NONE', *, *, #1153, .T. ) ;
#8241 = ORIENTED_EDGE ( 'NONE', *, *, #2540, .T. ) ;
#8242 = LINE ( 'NONE', #6224, #4350 ) ;
#8243 = DIRECTION ( 'NONE',  ( 0.000000000000000000, 0.000000000000000000, 1.000000000000000000 ) ) ;
#8244 = CARTESIAN_POINT ( 'NONE',  ( -9.285000000000000142, -15.34650000000000070, 4.650000000000000355 ) ) ;
#8245 = ORIENTED_EDGE ( 'NONE', *, *, #5258, .F. ) ;
#8246 = FACE_OUTER_BOUND ( 'NONE', #6597, .T. ) ;
#8247 = DIRECTION ( 'NONE',  ( 1.000000000000000000, -0.000000000000000000, 0.000000000000000000 ) ) ;
#8248 = DIRECTION ( 'NONE',  ( -1.000000000000000000, 0.000000000000000000, -0.000000000000000000 ) ) ;
#8249 = ORIENTED_EDGE ( 'NONE', *, *, #8060, .T. ) ;
#8250 = EDGE_CURVE ( 'NONE', #7186, #7337, #2546, .T. ) ;
#8251 = ORIENTED_EDGE ( 'NONE', *, *, #10929, .T. ) ;
#8252 = CARTESIAN_POINT ( 'NONE',  ( 8.394999999999999574, -22.58650000000000091, 3.840000000000000302 ) ) ;
#8253 = ORIENTED_EDGE ( 'NONE', *, *, #7046, .T. ) ;
#8254 = ORIENTED_EDGE ( 'NONE', *, *, #8250, .T. ) ;
#8255 = CARTESIAN_POINT ( 'NONE',  ( 12.20500000000000007, -22.96649999999999991, -1.880000000000000115 ) ) ;
#8256 = LINE ( 'NONE', #7082, #9590 ) ;
#8257 = LINE ( 'NONE', #5064, #250 ) ;
#8258 = ORIENTED_EDGE ( 'NONE', *, *, #11033, .F. ) ;
#8259 = VECTOR ( 'NONE', #7638, 1000.000000000000000 ) ;
#8260 = CYLINDRICAL_SURFACE ( 'NONE', #2333, 1.100000000000000311 ) ;
#8261 = CARTESIAN_POINT ( 'NONE',  ( -6.365000000000000213, -23.77649999999999864, 19.46000000000000085 ) ) ;
#8262 = ORIENTED_EDGE ( 'NONE', *, *, #12649, .T. ) ;
#8263 = ORIENTED_EDGE ( 'NONE', *, *, #1847, .T. ) ;
#8264 = EDGE_CURVE ( 'NONE', #4156, #8304, #1277, .T. ) ;
#8265 = AXIS2_PLACEMENT_3D ( 'NONE', #3711, #7950, #12204 ) ;
#8266 = EDGE_CURVE ( 'NONE', #5522, #7895, #5448, .T. ) ;
#8267 = AXIS2_PLACEMENT_3D ( 'NONE', #12467, #4618, #635 ) ;
#8268 = ORIENTED_EDGE ( 'NONE', *, *, #11479, .T. ) ;
#8269 = FACE_OUTER_BOUND ( 'NONE', #10695, .T. ) ;
#8270 = EDGE_CURVE ( 'NONE', #8773, #1434, #4538, .T. ) ;
#8271 = ORIENTED_EDGE ( 'NONE', *, *, #2133, .T. ) ;
#8272 = CARTESIAN_POINT ( 'NONE',  ( 4.714999999999999858, -17.94999999999999929, 0.000000000000000000 ) ) ;
#8273 = DIRECTION ( 'NONE',  ( 0.4775043600801360255, 0.8786293792632133837, 0.000000000000000000 ) ) ;
#8274 = DIRECTION ( 'NONE',  ( -1.000000000000000000, -0.000000000000000000, -0.000000000000000000 ) ) ;
#8275 = CARTESIAN_POINT ( 'NONE',  ( 11.42999999999999972, 3.589199999999999946, 0.000000000000000000 ) ) ;
#8276 = VECTOR ( 'NONE', #7415, 1000.000000000000000 ) ;
#8277 = CARTESIAN_POINT ( 'NONE',  ( -1.474999999999999867, -12.30150000000000254, -3.310000000000000053 ) ) ;
#8278 = AXIS2_PLACEMENT_3D ( 'NONE', #7751, #2463, #6710 ) ;
#8279 = DIRECTION ( 'NONE',  ( -0.000000000000000000, -1.000000000000000000, -0.000000000000000000 ) ) ;
#8280 = DIRECTION ( 'NONE',  ( -1.000000000000000000, 0.000000000000000000, -0.000000000000000000 ) ) ;
#8281 = CARTESIAN_POINT ( 'NONE',  ( 9.285000000000000142, -15.34650000000000070, 4.500000000000000888 ) ) ;
#8282 = ORIENTED_EDGE ( 'NONE', *, *, #11923, .T. ) ;
#8283 = MECHANICAL_DESIGN_GEOMETRIC_PRESENTATION_REPRESENTATION (  '', ( #4723 ), #13610 ) ;
#8284 = FACE_OUTER_BOUND ( 'NONE', #1707, .T. ) ;
#8285 = EDGE_LOOP ( 'NONE', ( #10255, #4821, #3039, #11472 ) ) ;
#8286 = LINE ( 'NONE', #5088, #4867 ) ;
#8287 = CYLINDRICAL_SURFACE ( 'NONE', #11399, 1.750000000000000000 ) ;
#8288 = FILL_AREA_STYLE ('',( #13645 ) ) ;
#8289 = VECTOR ( 'NONE', #1114, 1000.000000000000000 ) ;
#8290 = VECTOR ( 'NONE', #8438, 1000.000000000000000 ) ;
#8291 = ORIENTED_EDGE ( 'NONE', *, *, #13236, .T. ) ;
#8292 = CARTESIAN_POINT ( 'NONE',  ( -9.414999999999999147, -2.337200000000000166, 4.649999999999999467 ) ) ;
#8293 = LINE ( 'NONE', #2877, #9882 ) ;
#8294 = DIRECTION ( 'NONE',  ( 0.000000000000000000, 1.000000000000000000, 0.000000000000000000 ) ) ;
#8295 = VECTOR ( 'NONE', #12707, 1000.000000000000000 ) ;
#8296 = CARTESIAN_POINT ( 'NONE',  ( -10.47035354437000088, 0.000000000000000000, -9.400000000000000355 ) ) ;
#8297 = FILL_AREA_STYLE ('',( #6002 ) ) ;
#8298 = DIRECTION ( 'NONE',  ( 0.000000000000000000, -1.000000000000000000, -0.000000000000000000 ) ) ;
#8299 = VECTOR ( 'NONE', #2292, 1000.000000000000000 ) ;
#8300 = DIRECTION ( 'NONE',  ( 0.000000000000000000, -1.000000000000000000, 0.000000000000000000 ) ) ;
#8301 = VECTOR ( 'NONE', #10539, 1000.000000000000000 ) ;
#8302 = VECTOR ( 'NONE', #71, 1000.000000000000000 ) ;
#8303 = ORIENTED_EDGE ( 'NONE', *, *, #6928, .T. ) ;
#8304 = VERTEX_POINT ( 'NONE', #4395 ) ;
#8305 = CARTESIAN_POINT ( 'NONE',  ( -7.000000000000000000, -17.37650000000000006, -0.1000000000000000056 ) ) ;
#8306 = ADVANCED_FACE ( 'NONE', ( #8643 ), #10795, .F. ) ;
#8307 = ORIENTED_EDGE ( 'NONE', *, *, #3243, .F. ) ;
#8308 = ORIENTED_EDGE ( 'NONE', *, *, #13127, .T. ) ;
#8309 = VECTOR ( 'NONE', #7900, 1000.000000000000000 ) ;
#8310 = LINE ( 'NONE', #6289, #7906 ) ;
#8311 = DIRECTION ( 'NONE',  ( -0.000000000000000000, -1.000000000000000000, 0.000000000000000000 ) ) ;
#8312 = FACE_OUTER_BOUND ( 'NONE', #7071, .T. ) ;
#8313 = ORIENTED_EDGE ( 'NONE', *, *, #5300, .F. ) ;
#8314 = FILL_AREA_STYLE ('',( #12425 ) ) ;
#8315 = VECTOR ( 'NONE', #2477, 1000.000000000000000 ) ;
#8316 = PRESENTATION_STYLE_ASSIGNMENT (( #4062 ) ) ;
#8317 = AXIS2_PLACEMENT_3D ( 'NONE', #4201, #11451, #10391 ) ;
#8318 = EDGE_CURVE ( 'NONE', #13677, #4387, #1491, .T. ) ;
#8319 = CARTESIAN_POINT ( 'NONE',  ( -7.000000000000000000, -22.58650000000000091, 3.840000000000000302 ) ) ;
#8320 =( GEOMETRIC_REPRESENTATION_CONTEXT ( 3 ) GLOBAL_UNCERTAINTY_ASSIGNED_CONTEXT ( ( #2694 ) ) GLOBAL_UNIT_ASSIGNED_CONTEXT ( ( #8560, #6472, #11825 ) ) REPRESENTATION_CONTEXT ( 'NONE', 'WORKASPACE' ) );
#8321 = ADVANCED_FACE ( 'NONE', ( #4823 ), #6844, .F. ) ;
#8322 = ORIENTED_EDGE ( 'NONE', *, *, #1629, .F. ) ;
#8323 = VECTOR ( 'NONE', #3842, 1000.000000000000000 ) ;
#8324 = CARTESIAN_POINT ( 'NONE',  ( -1.352477888071854650, -12.04650000000001597, -4.320000000000000284 ) ) ;
#8325 = ORIENTED_EDGE ( 'NONE', *, *, #12076, .F. ) ;
#8326 = ORIENTED_EDGE ( 'NONE', *, *, #3267, .F. ) ;
#8327 = CARTESIAN_POINT ( 'NONE',  ( 4.714999999999999858, -17.94999999999999929, 7.189999999999999503 ) ) ;
#8328 = DIRECTION ( 'NONE',  ( -1.000000000000000000, -0.000000000000000000, -0.000000000000000000 ) ) ;
#8329 = DIRECTION ( 'NONE',  ( 0.000000000000000000, 0.000000000000000000, -1.000000000000000000 ) ) ;
#8330 = VERTEX_POINT ( 'NONE', #4756 ) ;
#8331 = DIRECTION ( 'NONE',  ( -1.000000000000000000, 0.000000000000000000, -0.000000000000000000 ) ) ;
#8332 = LINE ( 'NONE', #12588, #6481 ) ;
#8333 = ORIENTED_EDGE ( 'NONE', *, *, #1235, .T. ) ;
#8334 = VECTOR ( 'NONE', #682, 1000.000000000000000 ) ;
#8335 = ORIENTED_EDGE ( 'NONE', *, *, #11724, .F. ) ;
#8336 = UNCERTAINTY_MEASURE_WITH_UNIT (LENGTH_MEASURE( 1.000000000000000082E-05 ), #7286, 'distance_accuracy_value', 'NONE');
#8337 = VECTOR ( 'NONE', #11144, 1000.000000000000000 ) ;
#8338 = EDGE_CURVE ( 'NONE', #726, #7553, #8908, .T. ) ;
#8339 = ORIENTED_EDGE ( 'NONE', *, *, #8494, .F. ) ;
#8340 = DIRECTION ( 'NONE',  ( 0.1004120643276970176, -0.9949459368917741298, 0.000000000000000000 ) ) ;
#8341 = ORIENTED_EDGE ( 'NONE', *, *, #10770, .F. ) ;
#8342 = DIRECTION ( 'NONE',  ( 0.000000000000000000, -0.000000000000000000, 1.000000000000000000 ) ) ;
#8343 = PLANE ( 'NONE',  #375 ) ;
#8344 = CARTESIAN_POINT ( 'NONE',  ( -1.320799999999999974, -2.337200000000000166, -4.500000000000000888 ) ) ;
#8345 = CARTESIAN_POINT ( 'NONE',  ( -1.294999999999999929, -23.77649999999999864, -4.320000000000000284 ) ) ;
#8346 = PLANE ( 'NONE',  #2206 ) ;
#8347 = EDGE_CURVE ( 'NONE', #2553, #8521, #575, .T. ) ;
#8348 = FACE_OUTER_BOUND ( 'NONE', #2850, .T. ) ;
#8349 = LINE ( 'NONE', #2020, #4215 ) ;
#8350 = DIRECTION ( 'NONE',  ( 1.000000000000000000, 0.000000000000000000, -0.000000000000000000 ) ) ;
#8351 = ORIENTED_EDGE ( 'NONE', *, *, #409, .T. ) ;
#8352 = EDGE_CURVE ( 'NONE', #9939, #11317, #13168, .T. ) ;
#8353 = CARTESIAN_POINT ( 'NONE',  ( -2.285000000000000142, -13.31649999999999956, -4.320000000000000284 ) ) ;
#8354 = ORIENTED_EDGE ( 'NONE', *, *, #11969, .F. ) ;
#8355 = CARTESIAN_POINT ( 'NONE',  ( 14.85999999999999943, 3.200000000000000178, 4.960000000000000853 ) ) ;
#8356 = CARTESIAN_POINT ( 'NONE',  ( 24.89999999999999858, -12.19999999999999929, 13.40886698681000055 ) ) ;
#8358 = VECTOR ( 'NONE', #8920, 1000.000000000000000 ) ;
#8357 = CARTESIAN_POINT ( 'NONE',  ( 9.285000000000000142, -13.31649999999999956, 4.650000000000000355 ) ) ;
#8359 = VERTEX_POINT ( 'NONE', #9956 ) ;
#8360 = EDGE_CURVE ( 'NONE', #8994, #9491, #5660, .T. ) ;
#8361 = SURFACE_SIDE_STYLE ('',( #13443 ) ) ;
#8362 =( NAMED_UNIT ( * ) PLANE_ANGLE_UNIT ( ) SI_UNIT ( $, .RADIAN. ) );
#8363 = CARTESIAN_POINT ( 'NONE',  ( 0.000000000000000000, -22.96649999999999991, -4.650000000000000355 ) ) ;
#8364 = DIRECTION ( 'NONE',  ( -1.000000000000000000, 0.000000000000000000, 0.000000000000000000 ) ) ;
#8365 = DIRECTION ( 'NONE',  ( -0.000000000000000000, 0.000000000000000000, -1.000000000000000000 ) ) ;
#8366 = ORIENTED_EDGE ( 'NONE', *, *, #3681, .F. ) ;
#8367 = CARTESIAN_POINT ( 'NONE',  ( 0.000000000000000000, -22.96649999999999991, -7.519999999999999574 ) ) ;
#8368 = CIRCLE ( 'NONE', #10142, 1.750000000000001554 ) ;
#8369 = VERTEX_POINT ( 'NONE', #13038 ) ;
#8370 = DIRECTION ( 'NONE',  ( 0.000000000000000000, 1.000000000000000000, 0.000000000000000000 ) ) ;
#8371 = ORIENTED_EDGE ( 'NONE', *, *, #13623, .T. ) ;
#8372 = ORIENTED_EDGE ( 'NONE', *, *, #5124, .F. ) ;
#8373 = LINE ( 'NONE', #2893, #9580 ) ;
#8374 = VERTEX_POINT ( 'NONE', #1556 ) ;
#8375 = VERTEX_POINT ( 'NONE', #3632 ) ;
#8376 = LINE ( 'NONE', #12421, #128 ) ;
#8377 = LINE ( 'NONE', #4058, #10544 ) ;
#8378 = SURFACE_SIDE_STYLE ('',( #13727 ) ) ;
#8379 = EDGE_LOOP ( 'NONE', ( #2393, #10120, #10574, #12887, #8308, #8291 ) ) ;
#8380 = LINE ( 'NONE', #3103, #1420 ) ;
#8381 = DIRECTION ( 'NONE',  ( 1.000000000000000000, 0.000000000000000000, -0.000000000000000000 ) ) ;
#8382 = LINE ( 'NONE', #12636, #452 ) ;
#8383 = LINE ( 'NONE', #13731, #1871 ) ;
#8384 = EDGE_CURVE ( 'NONE', #13472, #4752, #438, .T. ) ;
#8385 = ORIENTED_EDGE ( 'NONE', *, *, #10929, .F. ) ;
#8386 = EDGE_CURVE ( 'NONE', #10940, #8741, #5792, .T. ) ;
#8387 = LINE ( 'NONE', #8324, #1433 ) ;
#8388 = ORIENTED_EDGE ( 'NONE', *, *, #2536, .F. ) ;
#8389 = ORIENTED_EDGE ( 'NONE', *, *, #11330, .T. ) ;
#8390 = DIRECTION ( 'NONE',  ( -0.000000000000000000, -1.000000000000000000, -0.000000000000000000 ) ) ;
#8391 = LINE ( 'NONE', #12504, #7182 ) ;
#8392 = DIRECTION ( 'NONE',  ( -0.000000000000000000, -0.000000000000000000, -1.000000000000000000 ) ) ;
#8393 = ORIENTED_EDGE ( 'NONE', *, *, #6833, .F. ) ;
#8394 = SURFACE_SIDE_STYLE ('',( #12508 ) ) ;
#8395 = EDGE_CURVE ( 'NONE', #4839, #10110, #12198, .T. ) ;
#8396 = CARTESIAN_POINT ( 'NONE',  ( 11.42999999999999972, -15.22000000000000064, 4.325000000000001066 ) ) ;
#8397 = VERTEX_POINT ( 'NONE', #11079 ) ;
#8398 = ORIENTED_EDGE ( 'NONE', *, *, #3050, .T. ) ;
#8399 = VERTEX_POINT ( 'NONE', #9891 ) ;
#8400 = ADVANCED_FACE ( 'NONE', ( #2601 ), #11012, .T. ) ;
#8401 = LINE ( 'NONE', #7367, #7396 ) ;
#8402 = ORIENTED_EDGE ( 'NONE', *, *, #8149, .F. ) ;
#8403 = CYLINDRICAL_SURFACE ( 'NONE', #13621, 1.400000000000000133 ) ;
#8404 = DIRECTION ( 'NONE',  ( 0.000000000000000000, -1.000000000000000000, 0.000000000000000000 ) ) ;
#8405 = LINE ( 'NONE', #5143, #9393 ) ;
#8406 = EDGE_CURVE ( 'NONE', #1778, #4629, #6908, .T. ) ;
#8407 = DIRECTION ( 'NONE',  ( -0.000000000000000000, 1.000000000000000000, 0.000000000000000000 ) ) ;
#8408 = CIRCLE ( 'NONE', #13289, 0.9899999999999999911 ) ;
#8409 = EDGE_CURVE ( 'NONE', #12585, #3742, #1620, .T. ) ;
#8410 = LINE ( 'NONE', #12669, #13540 ) ;
#8411 = EDGE_CURVE ( 'NONE', #598, #10851, #3433, .T. ) ;
#8412 = CARTESIAN_POINT ( 'NONE',  ( 10.80380592228855718, 3.200000000000000178, -9.056194077711561263 ) ) ;
#8413 = PRESENTATION_STYLE_ASSIGNMENT (( #4169 ) ) ;
#8414 = LINE ( 'NONE', #8281, #10846 ) ;
#8415 = ORIENTED_EDGE ( 'NONE', *, *, #1252, .F. ) ;
#8416 = AXIS2_PLACEMENT_3D ( 'NONE', #9126, #3840, #7803 ) ;
#8417 = COLOUR_RGB ( '',1.000000000000000000, 1.000000000000000000, 1.000000000000000000 ) ;
#8418 = VECTOR ( 'NONE', #6945, 1000.000000000000000 ) ;
#8419 = CIRCLE ( 'NONE', #5516, 1.300000000000000266 ) ;
#8420 = CIRCLE ( 'NONE', #12654, 8.000000000000000000 ) ;
#8421 = DIRECTION ( 'NONE',  ( -0.8786293792632253741, -0.4775043600801140986, 0.000000000000000000 ) ) ;
#8422 = VERTEX_POINT ( 'NONE', #503 ) ;
#8423 = DIRECTION ( 'NONE',  ( 0.000000000000000000, -0.000000000000000000, 1.000000000000000000 ) ) ;
#8424 = EDGE_CURVE ( 'NONE', #12925, #9540, #8984, .T. ) ;
#8425 = LINE ( 'NONE', #2938, #9830 ) ;
#8426 = DIRECTION ( 'NONE',  ( -1.000000000000000000, -0.000000000000000000, -0.000000000000000000 ) ) ;
#8427 = AXIS2_PLACEMENT_3D ( 'NONE', #4727, #13278, #13345 ) ;
#8428 = FACE_OUTER_BOUND ( 'NONE', #12626, .T. ) ;
#8429 = VECTOR ( 'NONE', #3821, 1000.000000000000000 ) ;
#8430 = PLANE ( 'NONE',  #7227 ) ;
#8431 = DIRECTION ( 'NONE',  ( 0.000000000000000000, 0.000000000000000000, 1.000000000000000000 ) ) ;
#8432 = SURFACE_SIDE_STYLE ('',( #13445 ) ) ;
#8433 = FACE_BOUND ( 'NONE', #7155, .T. ) ;
#8434 = ORIENTED_EDGE ( 'NONE', *, *, #1535, .F. ) ;
#8435 = DIRECTION ( 'NONE',  ( 1.000000000000000000, -0.000000000000000000, 0.000000000000000000 ) ) ;
#8436 = EDGE_CURVE ( 'NONE', #9403, #9137, #11220, .T. ) ;
#8437 = VERTEX_POINT ( 'NONE', #5931 ) ;
#8438 = DIRECTION ( 'NONE',  ( 0.000000000000000000, -0.000000000000000000, 1.000000000000000000 ) ) ;
#8439 = EDGE_LOOP ( 'NONE', ( #3445, #13686, #2631, #10810 ) ) ;
#8440 = ORIENTED_EDGE ( 'NONE', *, *, #8270, .T. ) ;
#8441 = CARTESIAN_POINT ( 'NONE',  ( -1.475000000000000089, -19.40650000000000119, -4.519999999999999574 ) ) ;
#8442 = VERTEX_POINT ( 'NONE', #3561 ) ;
#8443 = ADVANCED_FACE ( 'NONE', ( #7806 ), #12055, .F. ) ;
#8445 = ORIENTED_EDGE ( 'NONE', *, *, #6797, .F. ) ;
#8444 = DIRECTION ( 'NONE',  ( 0.000000000000000000, 0.000000000000000000, -1.000000000000000000 ) ) ;
#8446 = CARTESIAN_POINT ( 'NONE',  ( 10.15000000000000036, -22.58650000000000091, 3.840000000000000302 ) ) ;
#8447 = CARTESIAN_POINT ( 'NONE',  ( 6.490000000000000213, -3.313815743959999782, 3.629999999999999449 ) ) ;
#8448 = VERTEX_POINT ( 'NONE', #9200 ) ;
#8449 = CARTESIAN_POINT ( 'NONE',  ( -6.207611844575000148, 3.200000000000000178, -4.460000000000000853 ) ) ;
#8450 = DIRECTION ( 'NONE',  ( 1.000000000000000000, 0.000000000000000000, 0.000000000000000000 ) ) ;
#8451 = VECTOR ( 'NONE', #11204, 1000.000000000000000 ) ;
#8452 = PLANE ( 'NONE',  #12534 ) ;
#8453 = EDGE_CURVE ( 'NONE', #11735, #628, #7120, .T. ) ;
#8454 = AXIS2_PLACEMENT_3D ( 'NONE', #13210, #3676, #5117 ) ;
#8455 = ORIENTED_EDGE ( 'NONE', *, *, #12158, .F. ) ;
#8456 = CARTESIAN_POINT ( 'NONE',  ( -8.800000000000000711, 0.000000000000000000, -4.900000000000000355 ) ) ;
#8457 = ORIENTED_EDGE ( 'NONE', *, *, #2719, .F. ) ;
#8458 = ORIENTED_EDGE ( 'NONE', *, *, #12056, .T. ) ;
#8459 = DIRECTION ( 'NONE',  ( 0.000000000000000000, 0.000000000000000000, 1.000000000000000000 ) ) ;
#8460 = DIRECTION ( 'NONE',  ( 0.000000000000000000, -0.000000000000000000, -1.000000000000000000 ) ) ;
#8461 = DIRECTION ( 'NONE',  ( -1.000000000000000000, 0.000000000000000000, 0.000000000000000000 ) ) ;
#8462 = ORIENTED_EDGE ( 'NONE', *, *, #5212, .F. ) ;
#8463 = CARTESIAN_POINT ( 'NONE',  ( -2.415000000000000036, -22.96649999999999991, -7.519999999999999574 ) ) ;
#8464 = ORIENTED_EDGE ( 'NONE', *, *, #8105, .F. ) ;
#8465 = ORIENTED_EDGE ( 'NONE', *, *, #5920, .F. ) ;
#8466 = VERTEX_POINT ( 'NONE', #13509 ) ;
#8467 = LINE ( 'NONE', #13755, #9857 ) ;
#8468 = ORIENTED_EDGE ( 'NONE', *, *, #13367, .T. ) ;
#8469 = LINE ( 'NONE', #8541, #10058 ) ;
#8470 = FACE_OUTER_BOUND ( 'NONE', #12500, .T. ) ;
#8471 = DIRECTION ( 'NONE',  ( 0.000000000000000000, 0.000000000000000000, -1.000000000000000000 ) ) ;
#8472 = ADVANCED_FACE ( 'NONE', ( #13648 ), #3078, .T. ) ;
#8473 = DIRECTION ( 'NONE',  ( 0.000000000000000000, 0.000000000000000000, -1.000000000000000000 ) ) ;
#8474 = FACE_OUTER_BOUND ( 'NONE', #6219, .T. ) ;
#8475 = FACE_OUTER_BOUND ( 'NONE', #4725, .T. ) ;
#8476 = VECTOR ( 'NONE', #1694, 1000.000000000000000 ) ;
#8477 = EDGE_CURVE ( 'NONE', #12306, #8563, #4116, .T. ) ;
#8478 = VERTEX_POINT ( 'NONE', #12345 ) ;
#8479 = ADVANCED_FACE ( 'NONE', ( #13444 ), #11434, .T. ) ;
#8480 = EDGE_CURVE ( 'NONE', #6379, #5262, #2878, .T. ) ;
#8481 = CARTESIAN_POINT ( 'NONE',  ( -8.429999999999999716, 3.589199999999999946, -1.017359312880999900 ) ) ;
#8482 = ORIENTED_EDGE ( 'NONE', *, *, #2920, .F. ) ;
#8483 = DIRECTION ( 'NONE',  ( 0.000000000000000000, 0.000000000000000000, -1.000000000000000000 ) ) ;
#8484 = DIRECTION ( 'NONE',  ( 0.000000000000000000, 1.000000000000000000, 0.000000000000000000 ) ) ;
#8485 = CARTESIAN_POINT ( 'NONE',  ( 9.156828893442908068, -12.04650000000000887, 4.500000000000000888 ) ) ;
#8486 = VECTOR ( 'NONE', #9401, 1000.000000000000000 ) ;
#8487 = LINE ( 'NONE', #1260, #650 ) ;
#8488 = LINE ( 'NONE', #3481, #12318 ) ;
#8489 = FACE_OUTER_BOUND ( 'NONE', #6189, .T. ) ;
#8490 = PLANE ( 'NONE',  #10964 ) ;
#8491 = VERTEX_POINT ( 'NONE', #13576 ) ;
#8492 = CARTESIAN_POINT ( 'NONE',  ( -13.50000000000000000, 0.000000000000000000, 14.30000000000000071 ) ) ;
#8493 = AXIS2_PLACEMENT_3D ( 'NONE', #64, #9380, #1049 ) ;
#8494 = EDGE_CURVE ( 'NONE', #12762, #4899, #2944, .T. ) ;
#8495 = ORIENTED_EDGE ( 'NONE', *, *, #6047, .F. ) ;
#8496 =( GEOMETRIC_REPRESENTATION_CONTEXT ( 3 ) GLOBAL_UNCERTAINTY_ASSIGNED_CONTEXT ( ( #11393 ) ) GLOBAL_UNIT_ASSIGNED_CONTEXT ( ( #8520, #8088, #12131 ) ) REPRESENTATION_CONTEXT ( 'NONE', 'WORKASPACE' ) );
#8497 = CIRCLE ( 'NONE', #12732, 4.749999999999999112 ) ;
#8498 = ORIENTED_EDGE ( 'NONE', *, *, #2636, .T. ) ;
#8499 = ORIENTED_EDGE ( 'NONE', *, *, #5320, .T. ) ;
#8500 = LINE ( 'NONE', #1202, #8515 ) ;
#8501 = VECTOR ( 'NONE', #1657, 1000.000000000000000 ) ;
#8502 = VERTEX_POINT ( 'NONE', #12550 ) ;
#8504 = ORIENTED_EDGE ( 'NONE', *, *, #9987, .T. ) ;
#8503 = SURFACE_STYLE_FILL_AREA ( #6418 ) ;
#8505 = CARTESIAN_POINT ( 'NONE',  ( 8.269999999999999574, -19.40650000000000119, 3.840000000000000302 ) ) ;
#8506 = DIRECTION ( 'NONE',  ( -0.000000000000000000, 1.000000000000000000, 0.000000000000000000 ) ) ;
#8507 = ORIENTED_EDGE ( 'NONE', *, *, #2869, .T. ) ;
#8508 = FACE_OUTER_BOUND ( 'NONE', #10144, .T. ) ;
#8509 = EDGE_CURVE ( 'NONE', #1778, #2839, #11355, .T. ) ;
#8510 = VECTOR ( 'NONE', #7929, 1000.000000000000000 ) ;
#8511 = EDGE_CURVE ( 'NONE', #7354, #1788, #4042, .T. ) ;
#8512 = VECTOR ( 'NONE', #3488, 1000.000000000000000 ) ;
#8513 = FACE_OUTER_BOUND ( 'NONE', #5569, .T. ) ;
#8514 = EDGE_CURVE ( 'NONE', #12020, #11695, #7196, .T. ) ;
#8515 = VECTOR ( 'NONE', #3290, 1000.000000000000000 ) ;
#8516 = EDGE_CURVE ( 'NONE', #3447, #6733, #6148, .T. ) ;
#8517 = VECTOR ( 'NONE', #5579, 1000.000000000000114 ) ;
#8518 = ORIENTED_EDGE ( 'NONE', *, *, #2146, .T. ) ;
#8520 =( LENGTH_UNIT ( ) NAMED_UNIT ( * ) SI_UNIT ( .MILLI., .METRE. ) );
#8519 = CIRCLE ( 'NONE', #75, 4.900000000000000355 ) ;
#8521 = VERTEX_POINT ( 'NONE', #10376 ) ;
#8522 = CIRCLE ( 'NONE', #8953, 0.9900000000000004352 ) ;
#8523 = VERTEX_POINT ( 'NONE', #5094 ) ;
#8524 = DIRECTION ( 'NONE',  ( -0.000000000000000000, -1.000000000000000000, 0.000000000000000000 ) ) ;
#8525 = DIRECTION ( 'NONE',  ( 1.000000000000000000, 0.000000000000000000, 0.000000000000000000 ) ) ;
#8526 = VECTOR ( 'NONE', #11863, 1000.000000000000000 ) ;
#8527 = CARTESIAN_POINT ( 'NONE',  ( -2.285000000000000142, -13.31649999999999956, -4.320000000000000284 ) ) ;
#8528 = ORIENTED_EDGE ( 'NONE', *, *, #7595, .T. ) ;
#8529 = AXIS2_PLACEMENT_3D ( 'NONE', #13286, #11485, #6054 ) ;
#8530 = EDGE_CURVE ( 'NONE', #13026, #6874, #9325, .T. ) ;
#8531 = FACE_OUTER_BOUND ( 'NONE', #9148, .T. ) ;
#8532 = ORIENTED_EDGE ( 'NONE', *, *, #4795, .T. ) ;
#8533 =( GEOMETRIC_REPRESENTATION_CONTEXT ( 3 ) GLOBAL_UNCERTAINTY_ASSIGNED_CONTEXT ( ( #3223 ) ) GLOBAL_UNIT_ASSIGNED_CONTEXT ( ( #9266, #4183, #10377 ) ) REPRESENTATION_CONTEXT ( 'NONE', 'WORKASPACE' ) );
#8534 = ORIENTED_EDGE ( 'NONE', *, *, #8720, .T. ) ;
#8535 = VECTOR ( 'NONE', #328, 1000.000000000000000 ) ;
#8536 = VECTOR ( 'NONE', #11563, 1000.000000000000000 ) ;
#8537 = EDGE_LOOP ( 'NONE', ( #5256, #7130, #4858, #1032, #2040, #3813 ) ) ;
#8538 = DIRECTION ( 'NONE',  ( 1.000000000000000000, 0.000000000000000000, 0.000000000000000000 ) ) ;
#8539 = ORIENTED_EDGE ( 'NONE', *, *, #11618, .F. ) ;
#8540 = AXIS2_PLACEMENT_3D ( 'NONE', #3065, #5986, #5148 ) ;
#8541 = CARTESIAN_POINT ( 'NONE',  ( -2.285000000000000142, -12.04649999999999999, -4.320000000000000284 ) ) ;
#8542 = CARTESIAN_POINT ( 'NONE',  ( -5.705000000000000071, -17.37650000000000006, 3.840000000000000302 ) ) ;
#8543 = CARTESIAN_POINT ( 'NONE',  ( 5.219999999999999751, -2.673278531665000290, 4.500000000000000888 ) ) ;
#8544 = LINE ( 'NONE', #4890, #7680 ) ;
#8545 = CIRCLE ( 'NONE', #5006, 0.9899999999999999911 ) ;
#8546 = LINE ( 'NONE', #2286, #550 ) ;
#8547 =( GEOMETRIC_REPRESENTATION_CONTEXT ( 3 ) GLOBAL_UNCERTAINTY_ASSIGNED_CONTEXT ( ( #3888 ) ) GLOBAL_UNIT_ASSIGNED_CONTEXT ( ( #9890, #8017, #3560 ) ) REPRESENTATION_CONTEXT ( 'NONE', 'WORKASPACE' ) );
#8548 = CARTESIAN_POINT ( 'NONE',  ( -12.20500000000000007, -22.96649999999999991, 7.519999999999999574 ) ) ;
#8549 = ORIENTED_EDGE ( 'NONE', *, *, #9945, .T. ) ;
#8550 = EDGE_CURVE ( 'NONE', #893, #310, #6273, .T. ) ;
#8551 = AXIS2_PLACEMENT_3D ( 'NONE', #8120, #1717, #3578 ) ;
#8552 = CARTESIAN_POINT ( 'NONE',  ( 1.320799999999999974, 3.589199999999999946, 0.5000000000000000000 ) ) ;
#8553 = ORIENTED_EDGE ( 'NONE', *, *, #5078, .F. ) ;
#8554 = ORIENTED_EDGE ( 'NONE', *, *, #10654, .T. ) ;
#8555 = CARTESIAN_POINT ( 'NONE',  ( 4.612359312880999873, 3.589199999999999946, -4.834999999999999964 ) ) ;
#8556 = DIRECTION ( 'NONE',  ( -1.000000000000000000, 0.000000000000000000, -0.000000000000000000 ) ) ;
#8557 = EDGE_CURVE ( 'NONE', #10465, #4197, #10973, .T. ) ;
#8558 = DIRECTION ( 'NONE',  ( -0.000000000000000000, 1.000000000000000000, -0.000000000000000000 ) ) ;
#8559 = DIRECTION ( 'NONE',  ( -0.8786293792632253741, -0.4775043600801141541, 0.000000000000000000 ) ) ;
#8560 =( LENGTH_UNIT ( ) NAMED_UNIT ( * ) SI_UNIT ( .MILLI., .METRE. ) );
#8561 = CARTESIAN_POINT ( 'NONE',  ( 7.509999999999999787, -3.313815743959999782, 3.629999999999999449 ) ) ;
#8562 = CARTESIAN_POINT ( 'NONE',  ( -3.149999999999999911, -22.58650000000000091, -3.509999999999999787 ) ) ;
#8563 = VERTEX_POINT ( 'NONE', #4430 ) ;
#8564 = EDGE_CURVE ( 'NONE', #235, #6925, #5479, .T. ) ;
#8565 = CARTESIAN_POINT ( 'NONE',  ( 1.270000000000000018, -17.37650000000000006, -3.509999999999999787 ) ) ;
#8566 = ORIENTED_EDGE ( 'NONE', *, *, #47, .T. ) ;
#8567 = VECTOR ( 'NONE', #11509, 1000.000000000000000 ) ;
#8568 = CARTESIAN_POINT ( 'NONE',  ( -7.000000000000000000, -17.37650000000000006, 19.46000000000000085 ) ) ;
#8569 = VERTEX_POINT ( 'NONE', #403 ) ;
#8570 = CARTESIAN_POINT ( 'NONE',  ( 1.395000000000000018, -22.96649999999999991, 15.74000000000000021 ) ) ;
#8571 = ORIENTED_EDGE ( 'NONE', *, *, #13336, .T. ) ;
#8573 = ORIENTED_EDGE ( 'NONE', *, *, #5683, .F. ) ;
#8572 = DIRECTION ( 'NONE',  ( -1.000000000000000000, -0.000000000000000000, -0.000000000000000000 ) ) ;
#8574 = CARTESIAN_POINT ( 'NONE',  ( -5.705000000000000071, -17.94999999999999929, 4.830000000000000071 ) ) ;
#8575 = DIRECTION ( 'NONE',  ( 0.000000000000000000, -0.000000000000000000, -1.000000000000000000 ) ) ;
#8576 = DIRECTION ( 'NONE',  ( 0.000000000000000000, 0.000000000000000000, 1.000000000000000000 ) ) ;
#8577 = CARTESIAN_POINT ( 'NONE',  ( -8.500000000000000000, -17.57000000000000384, 13.40000000000000036 ) ) ;
#8578 = DIRECTION ( 'NONE',  ( -0.1004120643277045949, 0.9949459368917734636, 0.000000000000000000 ) ) ;
#8579 = DIRECTION ( 'NONE',  ( 0.000000000000000000, 1.000000000000000000, -0.000000000000000000 ) ) ;
#8580 = ADVANCED_FACE ( 'NONE', ( #3462 ), #8430, .F. ) ;
#8581 = CARTESIAN_POINT ( 'NONE',  ( -3.634999999999999787, -22.96649999999999991, 4.650000000000000355 ) ) ;
#8582 = ADVANCED_FACE ( 'NONE', ( #6527 ), #8811, .T. ) ;
#8583 = VERTEX_POINT ( 'NONE', #338 ) ;
#8584 = EDGE_LOOP ( 'NONE', ( #6325, #7512, #12639, #8770, #10180 ) ) ;
#8585 = PLANE ( 'NONE',  #11832 ) ;
#8586 = VERTEX_POINT ( 'NONE', #3596 ) ;
#8587 = EDGE_LOOP ( 'NONE', ( #4021, #8251, #9399, #9537 ) ) ;
#8588 = DIRECTION ( 'NONE',  ( 0.000000000000000000, 0.000000000000000000, -1.000000000000000000 ) ) ;
#8589 = DIRECTION ( 'NONE',  ( 0.000000000000000000, 0.000000000000000000, 1.000000000000000000 ) ) ;
#8590 = EDGE_CURVE ( 'NONE', #5065, #1236, #9779, .T. ) ;
#8591 = CARTESIAN_POINT ( 'NONE',  ( 9.414999999999999147, -17.37650000000000006, 4.500000000000000888 ) ) ;
#8592 = ORIENTED_EDGE ( 'NONE', *, *, #918, .T. ) ;
#8593 = EDGE_CURVE ( 'NONE', #4718, #10672, #3389, .T. ) ;
#8594 = LINE ( 'NONE', #9908, #4548 ) ;
#8595 = DIRECTION ( 'NONE',  ( 0.000000000000000000, 0.000000000000000000, -1.000000000000000000 ) ) ;
#8596 = ORIENTED_EDGE ( 'NONE', *, *, #3124, .F. ) ;
#8597 = ORIENTED_EDGE ( 'NONE', *, *, #6586, .T. ) ;
#8598 = EDGE_CURVE ( 'NONE', #7409, #4287, #1378, .T. ) ;
#8599 = EDGE_CURVE ( 'NONE', #1488, #308, #1458, .T. ) ;
#8600 = ADVANCED_FACE ( 'NONE', ( #987 ), #3146, .T. ) ;
#8601 = ORIENTED_EDGE ( 'NONE', *, *, #10029, .T. ) ;
#8602 = DIRECTION ( 'NONE',  ( 0.000000000000000000, 1.000000000000000000, -0.000000000000000000 ) ) ;
#8603 = VERTEX_POINT ( 'NONE', #5237 ) ;
#8604 = CARTESIAN_POINT ( 'NONE',  ( -5.730000000000000426, -17.37650000000000006, 4.650000000000000355 ) ) ;
#8605 = LINE ( 'NONE', #2212, #11035 ) ;
#8606 = LINE ( 'NONE', #12796, #7856 ) ;
#8607 = DIRECTION ( 'NONE',  ( 0.000000000000000000, -0.000000000000000000, -1.000000000000000000 ) ) ;
#8608 = ORIENTED_EDGE ( 'NONE', *, *, #12912, .T. ) ;
#8609 = EDGE_CURVE ( 'NONE', #12435, #1899, #13003, .T. ) ;
#8610 = DIRECTION ( 'NONE',  ( 0.000000000000000000, -0.000000000000000000, -1.000000000000000000 ) ) ;
#8611 = VERTEX_POINT ( 'NONE', #8673 ) ;
#8612 = FACE_OUTER_BOUND ( 'NONE', #13456, .T. ) ;
#8613 = CARTESIAN_POINT ( 'NONE',  ( -8.269999999999999574, -21.18649999999999878, 4.650000000000000355 ) ) ;
#8614 = VERTEX_POINT ( 'NONE', #7841 ) ;
#8615 = ADVANCED_FACE ( 'NONE', ( #10824 ), #12099, .F. ) ;
#8616 = EDGE_CURVE ( 'NONE', #8695, #13624, #2566, .T. ) ;
#8617 = CARTESIAN_POINT ( 'NONE',  ( 0.000000000000000000, -22.96649999999999991, 3.509999999999999787 ) ) ;
#8618 = ORIENTED_EDGE ( 'NONE', *, *, #5209, .T. ) ;
#8619 = VERTEX_POINT ( 'NONE', #4496 ) ;
#8620 = EDGE_CURVE ( 'NONE', #13044, #5669, #8744, .T. ) ;
#8621 = FACE_OUTER_BOUND ( 'NONE', #10512, .T. ) ;
#8622 = DIRECTION ( 'NONE',  ( 1.000000000000000000, 0.000000000000000000, 0.000000000000000000 ) ) ;
#8623 = LINE ( 'NONE', #8823, #943 ) ;
#8624 = DIRECTION ( 'NONE',  ( -1.752245935330108280E-15, 0.000000000000000000, -1.000000000000000000 ) ) ;
#8625 = DIRECTION ( 'NONE',  ( -0.000000000000000000, -1.000000000000000000, -0.000000000000000000 ) ) ;
#8626 = LINE ( 'NONE', #5495, #8302 ) ;
#8627 = ORIENTED_EDGE ( 'NONE', *, *, #6727, .F. ) ;
#8628 = VECTOR ( 'NONE', #5867, 1000.000000000000227 ) ;
#8629 = DIRECTION ( 'NONE',  ( -0.000000000000000000, 1.000000000000000000, 0.000000000000000000 ) ) ;
#8630 = EDGE_CURVE ( 'NONE', #9552, #12191, #9457, .T. ) ;
#8631 = VECTOR ( 'NONE', #7833, 1000.000000000000000 ) ;
#8632 = ORIENTED_EDGE ( 'NONE', *, *, #12868, .T. ) ;
#8633 = CARTESIAN_POINT ( 'NONE',  ( -3.064999999999999947, -20.17650000000000077, 4.500000000000000888 ) ) ;
#8634 = VECTOR ( 'NONE', #1473, 1000.000000000000000 ) ;
#8635 = CARTESIAN_POINT ( 'NONE',  ( 1.270000000000000018, -15.34650000000000070, -4.320000000000000284 ) ) ;
#8636 = CARTESIAN_POINT ( 'NONE',  ( -2.415000000000000036, -22.96649999999999991, 0.5000000000000000000 ) ) ;
#8637 = EDGE_CURVE ( 'NONE', #7864, #1802, #6668, .T. ) ;
#8638 = VERTEX_POINT ( 'NONE', #6736 ) ;
#8640 = ORIENTED_EDGE ( 'NONE', *, *, #3710, .T. ) ;
#8639 = CARTESIAN_POINT ( 'NONE',  ( -10.93500000000000050, -20.17650000000000077, 4.500000000000000888 ) ) ;
#8641 = CARTESIAN_POINT ( 'NONE',  ( -1.294999999999999929, -13.31649999999999956, -3.330000000000000071 ) ) ;
#8642 = DIRECTION ( 'NONE',  ( -0.000000000000000000, 1.000000000000000000, -0.000000000000000000 ) ) ;
#8643 = FACE_OUTER_BOUND ( 'NONE', #8776, .T. ) ;
#8644 = CARTESIAN_POINT ( 'NONE',  ( 15.94999999999999929, -2.399999999999999911, 13.40000000000000036 ) ) ;
#8645 = LINE ( 'NONE', #11779, #10208 ) ;
#8646 = FILL_AREA_STYLE_COLOUR ( '', #10507 ) ;
#8647 = CARTESIAN_POINT ( 'NONE',  ( 0.000000000000000000, 3.200000000000000178, 0.000000000000000000 ) ) ;
#8648 = VECTOR ( 'NONE', #13527, 1000.000000000000000 ) ;
#8649 = EDGE_CURVE ( 'NONE', #10851, #7639, #4855, .T. ) ;
#8650 = EDGE_CURVE ( 'NONE', #9540, #8058, #10136, .T. ) ;
#8651 = EDGE_LOOP ( 'NONE', ( #10384, #9144, #12386, #5362 ) ) ;
#8652 = ORIENTED_EDGE ( 'NONE', *, *, #11333, .T. ) ;
#8653 = LINE ( 'NONE', #5322, #5623 ) ;
#8654 = VERTEX_POINT ( 'NONE', #5824 ) ;
#8655 = VERTEX_POINT ( 'NONE', #5759 ) ;
#8656 = LINE ( 'NONE', #2338, #2820 ) ;
#8657 = DIRECTION ( 'NONE',  ( 0.000000000000000000, -1.000000000000000000, 0.000000000000000000 ) ) ;
#8658 = AXIS2_PLACEMENT_3D ( 'NONE', #1052, #7389, #3413 ) ;
#8659 = CARTESIAN_POINT ( 'NONE',  ( -2.285000000000000142, -12.04649999999999999, -3.299999999999999822 ) ) ;
#8660 = VERTEX_POINT ( 'NONE', #3808 ) ;
#8661 = LINE ( 'NONE', #10812, #339 ) ;
#8662 = EDGE_LOOP ( 'NONE', ( #7668, #9158, #10340, #5991 ) ) ;
#8663 = ORIENTED_EDGE ( 'NONE', *, *, #10252, .T. ) ;
#8664 = ORIENTED_EDGE ( 'NONE', *, *, #4018, .T. ) ;
#8665 = LINE ( 'NONE', #9702, #11655 ) ;
#8666 = EDGE_LOOP ( 'NONE', ( #7531, #1514, #10399, #4659, #8675, #3026 ) ) ;
#8667 = DIRECTION ( 'NONE',  ( 1.000000000000000000, 0.000000000000000000, 0.000000000000000000 ) ) ;
#8668 = DIRECTION ( 'NONE',  ( -0.000000000000000000, 1.000000000000000000, 0.000000000000000000 ) ) ;
#8669 = CARTESIAN_POINT ( 'NONE',  ( -3.935000000000000053, -20.17650000000000077, -12.90000000000000036 ) ) ;
#8670 = DIRECTION ( 'NONE',  ( -0.000000000000000000, 1.000000000000000000, 0.000000000000000000 ) ) ;
#8671 = ORIENTED_EDGE ( 'NONE', *, *, #7139, .T. ) ;
#8672 = CARTESIAN_POINT ( 'NONE',  ( 0.6350000000000000089, -23.77649999999999864, 15.74000000000000021 ) ) ;
#8673 = CARTESIAN_POINT ( 'NONE',  ( 1.300000000000025135, -3.556499999999998884, 0.4300000000000004929 ) ) ;
#8674 = CARTESIAN_POINT ( 'NONE',  ( 9.414999999999999147, -2.337200000000000166, 4.500000000000000888 ) ) ;
#8675 = ORIENTED_EDGE ( 'NONE', *, *, #13744, .F. ) ;
#8676 = CARTESIAN_POINT ( 'NONE',  ( -5.525000000000013678, -13.31649999999999245, -0.1000000000000004080 ) ) ;
#8677 = ADVANCED_FACE ( 'NONE', ( #6034 ), #12234, .T. ) ;
#8678 = CARTESIAN_POINT ( 'NONE',  ( 9.414999999999999147, -2.337200000000000166, 4.500000000000000888 ) ) ;
#8679 = VERTEX_POINT ( 'NONE', #7020 ) ;
#8680 = EDGE_CURVE ( 'NONE', #4524, #4560, #12445, .T. ) ;
#8681 = EDGE_CURVE ( 'NONE', #7918, #9344, #9989, .T. ) ;
#8682 = ADVANCED_FACE ( 'NONE', ( #1522 ), #469, .F. ) ;
#8683 = EDGE_CURVE ( 'NONE', #13287, #7368, #12303, .T. ) ;
#8684 = CARTESIAN_POINT ( 'NONE',  ( 0.000000000000000000, -17.37650000000000006, -6.860000000000000320 ) ) ;
#8685 = ORIENTED_EDGE ( 'NONE', *, *, #8395, .F. ) ;
#8686 = ORIENTED_EDGE ( 'NONE', *, *, #3243, .T. ) ;
#8687 = LINE ( 'NONE', #5633, #3104 ) ;
#8688 = PLANE ( 'NONE',  #12526 ) ;
#8689 = CARTESIAN_POINT ( 'NONE',  ( 5.525000000000000355, -13.31649999999999956, 4.650000000000000355 ) ) ;
#8690 = DIRECTION ( 'NONE',  ( 0.000000000000000000, -1.000000000000000000, 0.000000000000000000 ) ) ;
#8691 = VECTOR ( 'NONE', #6937, 1000.000000000000000 ) ;
#8692 = CARTESIAN_POINT ( 'NONE',  ( 8.294999999999999929, -19.43146179653999894, 4.830000000000000071 ) ) ;
#8693 = CARTESIAN_POINT ( 'NONE',  ( 7.000000000000000000, -17.37650000000000006, 3.840000000000000302 ) ) ;
#8694 = CARTESIAN_POINT ( 'NONE',  ( -10.47035354436999910, 0.000000000000000000, -14.30000000000000071 ) ) ;
#8695 = VERTEX_POINT ( 'NONE', #753 ) ;
#8696 = LINE ( 'NONE', #1336, #4856 ) ;
#8697 = VECTOR ( 'NONE', #13370, 1000.000000000000000 ) ;
#8698 = ORIENTED_EDGE ( 'NONE', *, *, #7960, .F. ) ;
#8699 = CARTESIAN_POINT ( 'NONE',  ( 0.004999999999999947195, -22.96649999999999991, 0.5000000000000001110 ) ) ;
#8700 = PRESENTATION_LAYER_ASSIGNMENT (  '', '', ( #937 ) ) ;
#8701 = DIRECTION ( 'NONE',  ( 1.000000000000000000, 0.000000000000000000, -0.000000000000000000 ) ) ;
#8702 = CARTESIAN_POINT ( 'NONE',  ( -5.605000000000000426, -22.58650000000000091, 4.650000000000000355 ) ) ;
#8703 = ORIENTED_EDGE ( 'NONE', *, *, #6912, .F. ) ;
#8704 = DIRECTION ( 'NONE',  ( 0.000000000000000000, -0.000000000000000000, 1.000000000000000000 ) ) ;
#8705 = DIRECTION ( 'NONE',  ( 0.000000000000000000, 0.000000000000000000, -1.000000000000000000 ) ) ;
#8706 = LINE ( 'NONE', #2249, #548 ) ;
#8707 = FILL_AREA_STYLE ('',( #8646 ) ) ;
#8708 =( GEOMETRIC_REPRESENTATION_CONTEXT ( 3 ) GLOBAL_UNCERTAINTY_ASSIGNED_CONTEXT ( ( #12657 ) ) GLOBAL_UNIT_ASSIGNED_CONTEXT ( ( #7460, #6272, #3144 ) ) REPRESENTATION_CONTEXT ( 'NONE', 'WORKASPACE' ) );
#8709 = FACE_OUTER_BOUND ( 'NONE', #7011, .T. ) ;
#8710 = VECTOR ( 'NONE', #169, 1000.000000000000114 ) ;
#8711 = AXIS2_PLACEMENT_3D ( 'NONE', #10258, #9016, #4848 ) ;
#8712 = EDGE_CURVE ( 'NONE', #2451, #11122, #1587, .T. ) ;
#8713 = VERTEX_POINT ( 'NONE', #610 ) ;
#8714 = EDGE_LOOP ( 'NONE', ( #1980, #12227, #926, #5392, #12067, #7579 ) ) ;
#8715 = DIRECTION ( 'NONE',  ( 0.000000000000000000, -1.000000000000000000, 0.000000000000000000 ) ) ;
#8716 = ORIENTED_EDGE ( 'NONE', *, *, #844, .F. ) ;
#8717 = EDGE_LOOP ( 'NONE', ( #5984, #9829, #5264, #2985 ) ) ;
#8718 = DIRECTION ( 'NONE',  ( -1.000000000000000000, 0.000000000000000000, 0.000000000000000000 ) ) ;
#8719 = CARTESIAN_POINT ( 'NONE',  ( -8.500000000000000000, -17.94999999999999929, 13.40000000000000036 ) ) ;
#8720 = EDGE_CURVE ( 'NONE', #13624, #11061, #8946, .T. ) ;
#8721 = DIRECTION ( 'NONE',  ( -0.000000000000000000, -0.000000000000000000, -1.000000000000000000 ) ) ;
#8722 = VERTEX_POINT ( 'NONE', #2851 ) ;
#8723 = AXIS2_PLACEMENT_3D ( 'NONE', #1143, #3364, #7420 ) ;
#8724 = CARTESIAN_POINT ( 'NONE',  ( 14.55875721063810069, -17.94999999999999929, -6.831242789362099721 ) ) ;
#8725 = VECTOR ( 'NONE', #1753, 1000.000000000000000 ) ;
#8726 = CARTESIAN_POINT ( 'NONE',  ( 8.068310202796954655, -2.286500000000087240, 4.500000000000000888 ) ) ;
#8727 = AXIS2_PLACEMENT_3D ( 'NONE', #3158, #11645, #2118 ) ;
#8728 = ORIENTED_EDGE ( 'NONE', *, *, #1940, .T. ) ;
#8729 = ORIENTED_EDGE ( 'NONE', *, *, #11193, .T. ) ;
#8730 = EDGE_CURVE ( 'NONE', #9137, #5951, #3948, .T. ) ;
#8731 = AXIS2_PLACEMENT_3D ( 'NONE', #5185, #2964, #13668 ) ;
#8732 = AXIS2_PLACEMENT_3D ( 'NONE', #10991, #8622, #12809 ) ;
#8733 = AXIS2_PLACEMENT_3D ( 'NONE', #12030, #2495, #690 ) ;
#8734 = EDGE_LOOP ( 'NONE', ( #11795, #3893, #4274, #12162 ) ) ;
#8735 = DIRECTION ( 'NONE',  ( -1.000000000000000000, -0.000000000000000000, -0.000000000000000000 ) ) ;
#8736 = VECTOR ( 'NONE', #7351, 1000.000000000000000 ) ;
#8737 = VECTOR ( 'NONE', #140, 1000.000000000000000 ) ;
#8738 = EDGE_LOOP ( 'NONE', ( #5207, #4874, #4640, #166, #9313, #724, #5802, #13126, #3233, #4693, #11696, #3251, #10060, #3379 ) ) ;
#8739 = DIRECTION ( 'NONE',  ( 0.000000000000000000, 0.000000000000000000, -1.000000000000000000 ) ) ;
#8740 = DIRECTION ( 'NONE',  ( 0.000000000000000000, 0.000000000000000000, 1.000000000000000000 ) ) ;
#8741 = VERTEX_POINT ( 'NONE', #11256 ) ;
#8742 = ORIENTED_EDGE ( 'NONE', *, *, #9375, .T. ) ;
#8743 = LINE ( 'NONE', #3461, #5904 ) ;
#8745 = AXIS2_PLACEMENT_3D ( 'NONE', #6274, #7122, #12682 ) ;
#8744 = LINE ( 'NONE', #7707, #2110 ) ;
#8746 = LINE ( 'NONE', #13006, #8122 ) ;
#8747 = EDGE_LOOP ( 'NONE', ( #11577, #7526, #2630, #10192, #7771, #4468 ) ) ;
#8748 = AXIS2_PLACEMENT_3D ( 'NONE', #13125, #7765, #5816 ) ;
#8749 = PLANE ( 'NONE',  #3094 ) ;
#8750 = VECTOR ( 'NONE', #9810, 1000.000000000000000 ) ;
#8751 = ORIENTED_EDGE ( 'NONE', *, *, #11923, .F. ) ;
#8752 = AXIS2_PLACEMENT_3D ( 'NONE', #4302, #2356, #7509 ) ;
#8753 = PLANE ( 'NONE',  #6093 ) ;
#8754 = ORIENTED_EDGE ( 'NONE', *, *, #13104, .F. ) ;
#8755 = ORIENTED_EDGE ( 'NONE', *, *, #10119, .T. ) ;
#8756 = DIRECTION ( 'NONE',  ( 0.000000000000000000, 0.000000000000000000, -1.000000000000000000 ) ) ;
#8757 = EDGE_CURVE ( 'NONE', #1243, #3156, #542, .T. ) ;
#8758 = CARTESIAN_POINT ( 'NONE',  ( -9.285000000000000142, -19.40650000000000119, 4.830000000000000071 ) ) ;
#8759 = VECTOR ( 'NONE', #1834, 1000.000000000000000 ) ;
#8760 = CARTESIAN_POINT ( 'NONE',  ( 0.000000000000000000, -22.96649999999999991, 4.850000000000000533 ) ) ;
#8761 = DIRECTION ( 'NONE',  ( -1.000000000000000000, -0.000000000000000000, -0.000000000000000000 ) ) ;
#8762 = ORIENTED_EDGE ( 'NONE', *, *, #6052, .T. ) ;
#8763 = DIRECTION ( 'NONE',  ( -0.000000000000000000, -0.000000000000000000, 1.000000000000000000 ) ) ;
#8764 = CARTESIAN_POINT ( 'NONE',  ( -9.285000000000000142, -13.31649999999999956, 4.650000000000000355 ) ) ;
#8765 = VECTOR ( 'NONE', #12383, 1000.000000000000000 ) ;
#8766 = DIRECTION ( 'NONE',  ( 1.000000000000000000, 0.000000000000000000, 0.000000000000000000 ) ) ;
#8767 = EDGE_LOOP ( 'NONE', ( #5060, #12038, #3150, #9618 ) ) ;
#8768 = LINE ( 'NONE', #10783, #5965 ) ;
#8769 = VECTOR ( 'NONE', #1799, 1000.000000000000000 ) ;
#8770 = ORIENTED_EDGE ( 'NONE', *, *, #9306, .T. ) ;
#8771 = FACE_OUTER_BOUND ( 'NONE', #9787, .T. ) ;
#8772 = EDGE_CURVE ( 'NONE', #13111, #6801, #13207, .T. ) ;
#8773 = VERTEX_POINT ( 'NONE', #10201 ) ;
#8774 = CARTESIAN_POINT ( 'NONE',  ( 1.270000000000000018, -21.18649999999999878, -4.320000000000000284 ) ) ;
#8776 = EDGE_LOOP ( 'NONE', ( #2236, #107, #1672, #2071 ) ) ;
#8775 = LINE ( 'NONE', #7674, #2475 ) ;
#8777 = LINE ( 'NONE', #5376, #2370 ) ;
#8778 = DIRECTION ( 'NONE',  ( -0.000000000000000000, -1.000000000000000000, -0.000000000000000000 ) ) ;
#8779 = DIRECTION ( 'NONE',  ( 0.000000000000000000, -1.000000000000000000, -0.000000000000000000 ) ) ;
#8780 = LINE ( 'NONE', #11843, #11852 ) ;
#8781 = SURFACE_SIDE_STYLE ('',( #1350 ) ) ;
#8782 = CARTESIAN_POINT ( 'NONE',  ( 2.415000000000000036, -20.17650000000000077, -12.90000000000000036 ) ) ;
#8783 = DIRECTION ( 'NONE',  ( 0.000000000000000000, -1.000000000000000000, 0.000000000000000000 ) ) ;
#8784 = EDGE_CURVE ( 'NONE', #12420, #9344, #9022, .T. ) ;
#8785 = ORIENTED_EDGE ( 'NONE', *, *, #5497, .T. ) ;
#8786 = ORIENTED_EDGE ( 'NONE', *, *, #12426, .F. ) ;
#8787 = VERTEX_POINT ( 'NONE', #4716 ) ;
#8788 = LINE ( 'NONE', #5997, #39 ) ;
#8789 = ORIENTED_EDGE ( 'NONE', *, *, #7740, .F. ) ;
#8790 = DIRECTION ( 'NONE',  ( 0.000000000000000000, -0.000000000000000000, 1.000000000000000000 ) ) ;
#8791 = DIRECTION ( 'NONE',  ( -1.000000000000000000, -0.000000000000000000, 0.000000000000000000 ) ) ;
#8792 = PLANE ( 'NONE',  #6759 ) ;
#8793 = VECTOR ( 'NONE', #1922, 1000.000000000000000 ) ;
#8794 = ORIENTED_EDGE ( 'NONE', *, *, #7559, .T. ) ;
#8795 = DIRECTION ( 'NONE',  ( -0.000000000000000000, 1.000000000000000000, 0.000000000000000000 ) ) ;
#8796 = FACE_OUTER_BOUND ( 'NONE', #5532, .T. ) ;
#8797 = ORIENTED_EDGE ( 'NONE', *, *, #5373, .T. ) ;
#8798 = ORIENTED_EDGE ( 'NONE', *, *, #6890, .T. ) ;
#8799 = ADVANCED_FACE ( 'NONE', ( #3673 ), #7087, .T. ) ;
#8800 = VECTOR ( 'NONE', #2561, 1000.000000000000000 ) ;
#8801 = ORIENTED_EDGE ( 'NONE', *, *, #13660, .F. ) ;
#8802 = DIRECTION ( 'NONE',  ( 0.000000000000000000, -1.000000000000000000, -0.000000000000000000 ) ) ;
#8803 = ORIENTED_EDGE ( 'NONE', *, *, #8514, .F. ) ;
#8804 = CARTESIAN_POINT ( 'NONE',  ( -5.724999999999999645, -19.40650000000000119, 4.650000000000000355 ) ) ;
#8805 = CARTESIAN_POINT ( 'NONE',  ( -8.394999999999999574, -22.58650000000000091, 4.650000000000000355 ) ) ;
#8806 = CARTESIAN_POINT ( 'NONE',  ( 0.000000000000000000, -21.56650000000000134, 0.000000000000000000 ) ) ;
#8807 = ORIENTED_EDGE ( 'NONE', *, *, #11554, .F. ) ;
#8808 = EDGE_CURVE ( 'NONE', #9272, #3192, #10405, .T. ) ;
#8809 = EDGE_LOOP ( 'NONE', ( #5588, #3229, #13056, #1894, #10792, #10075, #1299, #5835, #2715, #12559 ) ) ;
#8810 = DIRECTION ( 'NONE',  ( 1.000000000000000000, 0.000000000000000000, 0.000000000000000000 ) ) ;
#8811 = PLANE ( 'NONE',  #5664 ) ;
#8812 = LINE ( 'NONE', #9855, #6339 ) ;
#8813 = VERTEX_POINT ( 'NONE', #13683 ) ;
#8814 =( NAMED_UNIT ( * ) PLANE_ANGLE_UNIT ( ) SI_UNIT ( $, .RADIAN. ) );
#8815 = VERTEX_POINT ( 'NONE', #5130 ) ;
#8816 = EDGE_CURVE ( 'NONE', #13195, #461, #8545, .T. ) ;
#8817 = ADVANCED_FACE ( 'NONE', ( #1872 ), #4218, .T. ) ;
#8818 = LINE ( 'NONE', #13073, #971 ) ;
#8819 = ORIENTED_EDGE ( 'NONE', *, *, #5420, .T. ) ;
#8820 = ORIENTED_EDGE ( 'NONE', *, *, #91, .T. ) ;
#8821 = CARTESIAN_POINT ( 'NONE',  ( 8.800000000000002487, 0.000000000000000000, 12.90000000000000213 ) ) ;
#8822 = CARTESIAN_POINT ( 'NONE',  ( 10.47035354437000088, -57.58451052000000203, -9.400000000000000355 ) ) ;
#8823 = CARTESIAN_POINT ( 'NONE',  ( -7.635000000000000675, -22.96649999999999991, 15.50000000000000000 ) ) ;
#8824 = CARTESIAN_POINT ( 'NONE',  ( -8.429999999999999716, 3.589199999999999946, -1.017359312880999900 ) ) ;
#8825 = ORIENTED_EDGE ( 'NONE', *, *, #7673, .F. ) ;
#8826 = DIRECTION ( 'NONE',  ( 0.000000000000000000, -0.000000000000000000, -1.000000000000000000 ) ) ;
#8827 = DIRECTION ( 'NONE',  ( 0.000000000000000000, -1.000000000000000000, 0.000000000000000000 ) ) ;
#8828 = DIRECTION ( 'NONE',  ( -0.000000000000000000, -0.000000000000000000, -1.000000000000000000 ) ) ;
#8829 = ORIENTED_EDGE ( 'NONE', *, *, #10561, .T. ) ;
#8830 = CARTESIAN_POINT ( 'NONE',  ( -9.285000000000000142, -15.34650000000000070, 3.660000000000000142 ) ) ;
#8831 = EDGE_CURVE ( 'NONE', #9436, #1449, #9492, .T. ) ;
#8832 = ORIENTED_EDGE ( 'NONE', *, *, #7145, .T. ) ;
#8833 = LINE ( 'NONE', #10921, #8512 ) ;
#8834 = VERTEX_POINT ( 'NONE', #13611 ) ;
#8835 = DIRECTION ( 'NONE',  ( 1.000000000000000000, 0.000000000000000000, -0.000000000000000000 ) ) ;
#8837 = ORIENTED_EDGE ( 'NONE', *, *, #3619, .F. ) ;
#8836 = LINE ( 'NONE', #1487, #8070 ) ;
#8838 = DIRECTION ( 'NONE',  ( -1.000000000000000000, 0.000000000000000000, 0.000000000000000000 ) ) ;
#8839 = VECTOR ( 'NONE', #580, 1000.000000000000000 ) ;
#8840 = CARTESIAN_POINT ( 'NONE',  ( 5.705000000000000071, -15.34650000000000070, 3.660000000000000142 ) ) ;
#8841 = CARTESIAN_POINT ( 'NONE',  ( 0.000000000000000000, -22.96649999999999991, 4.850000000000000533 ) ) ;
#8842 = FACE_OUTER_BOUND ( 'NONE', #1126, .T. ) ;
#8843 = DIRECTION ( 'NONE',  ( 0.000000000000000000, -1.000000000000000000, 0.000000000000000000 ) ) ;
#8844 = EDGE_CURVE ( 'NONE', #7694, #7354, #10553, .T. ) ;
#8845 = AXIS2_PLACEMENT_3D ( 'NONE', #2502, #4517, #8889 ) ;
#8846 = AXIS2_PLACEMENT_3D ( 'NONE', #3497, #1494, #3432 ) ;
#8847 = EDGE_CURVE ( 'NONE', #4738, #12248, #7432, .T. ) ;
#8848 = PRESENTATION_LAYER_ASSIGNMENT (  '', '', ( #1089 ) ) ;
#8849 = ORIENTED_EDGE ( 'NONE', *, *, #13618, .F. ) ;
#8850 = VERTEX_POINT ( 'NONE', #10345 ) ;
#8851 = EDGE_LOOP ( 'NONE', ( #998, #10588, #7575, #4368 ) ) ;
#8852 = LINE ( 'NONE', #10158, #5160 ) ;
#8853 = ORIENTED_EDGE ( 'NONE', *, *, #10534, .T. ) ;
#8854 = DIRECTION ( 'NONE',  ( -1.000000000000000000, 0.000000000000000000, 0.000000000000000000 ) ) ;
#8855 = PLANE ( 'NONE',  #10496 ) ;
#8856 = DIRECTION ( 'NONE',  ( 1.000000000000000000, 0.000000000000000000, 0.000000000000000000 ) ) ;
#8857 = ORIENTED_EDGE ( 'NONE', *, *, #13311, .T. ) ;
#8858 = LINE ( 'NONE', #13050, #4648 ) ;
#8859 = DIRECTION ( 'NONE',  ( 0.000000000000000000, -0.000000000000000000, 1.000000000000000000 ) ) ;
#8860 = VECTOR ( 'NONE', #12984, 1000.000000000000000 ) ;
#8861 = VECTOR ( 'NONE', #2251, 1000.000000000000000 ) ;
#8862 = ORIENTED_EDGE ( 'NONE', *, *, #1265, .F. ) ;
#8863 = VERTEX_POINT ( 'NONE', #1084 ) ;
#8864 = VECTOR ( 'NONE', #10151, 1000.000000000000000 ) ;
#8865 = ORIENTED_EDGE ( 'NONE', *, *, #2467, .F. ) ;
#8866 = CARTESIAN_POINT ( 'NONE',  ( 8.474999999999999645, -15.34650000000000070, -0.1000000000000001721 ) ) ;
#8867 = ORIENTED_EDGE ( 'NONE', *, *, #12804, .T. ) ;
#8868 = DIRECTION ( 'NONE',  ( 0.000000000000000000, 1.000000000000000000, 0.000000000000000000 ) ) ;
#8869 = DIRECTION ( 'NONE',  ( -0.000000000000000000, -1.000000000000000000, -0.000000000000000000 ) ) ;
#8870 = CARTESIAN_POINT ( 'NONE',  ( 1.270000000000000018, -19.40650000000000119, -3.509999999999999787 ) ) ;
#8871 = FACE_BOUND ( 'NONE', #1159, .T. ) ;
#8872 = ORIENTED_EDGE ( 'NONE', *, *, #8649, .T. ) ;
#8873 = ORIENTED_EDGE ( 'NONE', *, *, #1081, .F. ) ;
#8874 = CARTESIAN_POINT ( 'NONE',  ( -5.500000000000000000, -17.57000000000000384, 13.40000000000000036 ) ) ;
#8875 = DIRECTION ( 'NONE',  ( 0.000000000000000000, 0.000000000000000000, 1.000000000000000000 ) ) ;
#8876 = ADVANCED_FACE ( 'NONE', ( #8531 ), #11529, .T. ) ;
#8877 = DIRECTION ( 'NONE',  ( 0.000000000000000000, -1.000000000000000000, 0.000000000000000000 ) ) ;
#8878 = ORIENTED_EDGE ( 'NONE', *, *, #833, .T. ) ;
#8879 = CARTESIAN_POINT ( 'NONE',  ( -0.4949999999999999956, -24.27649999999999864, -1.654999999999999361 ) ) ;
#8880 = CARTESIAN_POINT ( 'NONE',  ( -5.730000000000000426, -21.18649999999999878, 4.650000000000000355 ) ) ;
#8881 = VECTOR ( 'NONE', #1855, 1000.000000000000000 ) ;
#8882 = ORIENTED_EDGE ( 'NONE', *, *, #9691, .T. ) ;
#8883 = LINE ( 'NONE', #7850, #522 ) ;
#8884 = EDGE_CURVE ( 'NONE', #12462, #8111, #8989, .T. ) ;
#8885 = VERTEX_POINT ( 'NONE', #2002 ) ;
#8886 = CARTESIAN_POINT ( 'NONE',  ( 8.800000000000000711, 0.000000000000000000, -4.900000000000000355 ) ) ;
#8887 = CARTESIAN_POINT ( 'NONE',  ( -13.93517677218749817, -2.399999999999999911, -12.86482322781250076 ) ) ;
#8888 = CARTESIAN_POINT ( 'NONE',  ( -9.285000000000000142, -17.37650000000000006, -0.1000000000000000056 ) ) ;
#8889 = DIRECTION ( 'NONE',  ( 0.000000000000000000, 0.000000000000000000, -1.000000000000000000 ) ) ;
#8890 = ORIENTED_EDGE ( 'NONE', *, *, #516, .T. ) ;
#8891 = ADVANCED_FACE ( 'NONE', ( #5067 ), #13546, .T. ) ;
#8892 = CARTESIAN_POINT ( 'NONE',  ( 5.931689797203000047, -2.286500000000000199, -0.1000000000000000056 ) ) ;
#8893 = LINE ( 'NONE', #5916, #8000 ) ;
#8894 = CARTESIAN_POINT ( 'NONE',  ( -7.000000000000000000, -19.40650000000000119, 4.650000000000000355 ) ) ;
#8895 = ADVANCED_FACE ( 'NONE', ( #4014 ), #8260, .T. ) ;
#8896 = ORIENTED_EDGE ( 'NONE', *, *, #5556, .F. ) ;
#8897 = CARTESIAN_POINT ( 'NONE',  ( -5.730000000000000426, -17.37650000000000006, 4.650000000000000355 ) ) ;
#8898 = EDGE_CURVE ( 'NONE', #3990, #8369, #10677, .T. ) ;
#8899 = ORIENTED_EDGE ( 'NONE', *, *, #13025, .F. ) ;
#8900 = CARTESIAN_POINT ( 'NONE',  ( -21.75000000000000355, -8.699999999999999289, 13.40886698681000055 ) ) ;
#8901 = LINE ( 'NONE', #5720, #6203 ) ;
#8902 = CARTESIAN_POINT ( 'NONE',  ( -2.285000000000000142, -19.40650000000000119, -4.320000000000000284 ) ) ;
#8903 = CIRCLE ( 'NONE', #1821, 0.9899999999999999911 ) ;
#8905 = ORIENTED_EDGE ( 'NONE', *, *, #400, .T. ) ;
#8904 = FACE_OUTER_BOUND ( 'NONE', #3366, .T. ) ;
#8906 = FILL_AREA_STYLE ('',( #3705 ) ) ;
#8907 = CARTESIAN_POINT ( 'NONE',  ( 3.850000000000000089, -22.96649999999999991, 4.650000000000000355 ) ) ;
#8908 = LINE ( 'NONE', #8018, #11440 ) ;
#8909 = PRESENTATION_STYLE_ASSIGNMENT (( #5728 ) ) ;
#8910 = DIRECTION ( 'NONE',  ( 0.000000000000000000, -1.000000000000000000, -0.000000000000000000 ) ) ;
#8911 = SURFACE_SIDE_STYLE ('',( #13446 ) ) ;
#8912 = DIRECTION ( 'NONE',  ( -0.000000000000000000, -0.000000000000000000, 1.000000000000000000 ) ) ;
#8913 = EDGE_CURVE ( 'NONE', #8563, #9878, #7621, .T. ) ;
#8914 = VECTOR ( 'NONE', #725, 1000.000000000000000 ) ;
#8915 = ORIENTED_EDGE ( 'NONE', *, *, #1720, .F. ) ;
#8916 = VERTEX_POINT ( 'NONE', #4625 ) ;
#8917 = ORIENTED_EDGE ( 'NONE', *, *, #7590, .T. ) ;
#8918 = VERTEX_POINT ( 'NONE', #11933 ) ;
#8919 = EDGE_CURVE ( 'NONE', #4209, #12462, #5888, .T. ) ;
#8920 = DIRECTION ( 'NONE',  ( -1.000000000000000000, 0.000000000000000000, -0.000000000000000000 ) ) ;
#8921 = DIRECTION ( 'NONE',  ( 1.000000000000000000, 0.000000000000000000, -0.000000000000000000 ) ) ;
#8922 = ORIENTED_EDGE ( 'NONE', *, *, #5115, .T. ) ;
#8923 = AXIS2_PLACEMENT_3D ( 'NONE', #771, #1599, #1744 ) ;
#8924 = CARTESIAN_POINT ( 'NONE',  ( 0.5100000000000000089, -3.313815743959999782, -4.320000000000000284 ) ) ;
#8925 = EDGE_CURVE ( 'NONE', #598, #2583, #8594, .T. ) ;
#8926 = LINE ( 'NONE', #5743, #4335 ) ;
#8928 = EDGE_LOOP ( 'NONE', ( #5379, #1589 ) ) ;
#8927 = EDGE_CURVE ( 'NONE', #10901, #1681, #2402, .T. ) ;
#8929 = COLOUR_RGB ( '',1.000000000000000000, 1.000000000000000000, 1.000000000000000000 ) ;
#8930 = EDGE_LOOP ( 'NONE', ( #8807, #13049, #10231, #7778, #12374, #12541 ) ) ;
#8931 = VECTOR ( 'NONE', #12245, 1000.000000000000114 ) ;
#8932 = ORIENTED_EDGE ( 'NONE', *, *, #11330, .F. ) ;
#8934 = CARTESIAN_POINT ( 'NONE',  ( 1.068310202796999953, -2.286500000000000199, -4.320000000000000284 ) ) ;
#8933 = VECTOR ( 'NONE', #3625, 1000.000000000000000 ) ;
#8935 = VECTOR ( 'NONE', #4049, 1000.000000000000000 ) ;
#8936 = VERTEX_POINT ( 'NONE', #4414 ) ;
#8937 = EDGE_CURVE ( 'NONE', #6105, #8056, #4480, .T. ) ;
#8938 = CARTESIAN_POINT ( 'NONE',  ( 4.584999999999999964, -21.56650000000000134, 3.840000000000000302 ) ) ;
#8939 = DIRECTION ( 'NONE',  ( 0.000000000000000000, 0.000000000000000000, 1.000000000000000000 ) ) ;
#8940 = CARTESIAN_POINT ( 'NONE',  ( 8.068310202797002617, -2.286500000000000199, 4.650000000000000355 ) ) ;
#8941 = DIRECTION ( 'NONE',  ( -0.4775043600801140986, -0.8786293792632253741, -0.000000000000000000 ) ) ;
#8942 = VECTOR ( 'NONE', #7832, 1000.000000000000000 ) ;
#8943 = EDGE_LOOP ( 'NONE', ( #7366, #257 ) ) ;
#8944 = ORIENTED_EDGE ( 'NONE', *, *, #6574, .T. ) ;
#8945 = LINE ( 'NONE', #2632, #2127 ) ;
#8946 = LINE ( 'NONE', #13335, #3225 ) ;
#8947 = CARTESIAN_POINT ( 'NONE',  ( 0.005000000000000000104, -24.27649999999999864, -1.654999999999996696 ) ) ;
#8948 = ORIENTED_EDGE ( 'NONE', *, *, #11834, .F. ) ;
#8949 = CARTESIAN_POINT ( 'NONE',  ( 2.415000000000000036, -21.18649999999999878, -4.320000000000000284 ) ) ;
#8950 = CARTESIAN_POINT ( 'NONE',  ( -7.919999999999999929, 3.589199999999999946, 4.325000000000000178 ) ) ;
#8951 = ORIENTED_EDGE ( 'NONE', *, *, #9257, .T. ) ;
#8952 = VECTOR ( 'NONE', #2997, 1000.000000000000114 ) ;
#8953 = AXIS2_PLACEMENT_3D ( 'NONE', #3398, #1178, #9581 ) ;
#8954 = VECTOR ( 'NONE', #7683, 1000.000000000000000 ) ;
#8955 = VECTOR ( 'NONE', #7588, 1000.000000000000000 ) ;
#8956 = CARTESIAN_POINT ( 'NONE',  ( -0.4949999999999999956, -23.77649999999999508, 1.145000000000000240 ) ) ;
#8957 = VERTEX_POINT ( 'NONE', #11733 ) ;
#8958 = VECTOR ( 'NONE', #10865, 1000.000000000000000 ) ;
#8959 = DIRECTION ( 'NONE',  ( -1.000000000000000000, 0.000000000000000000, -0.000000000000000000 ) ) ;
#8960 = DIRECTION ( 'NONE',  ( -0.000000000000000000, -1.000000000000000000, -0.000000000000000000 ) ) ;
#8961 = DIRECTION ( 'NONE',  ( 0.000000000000000000, -0.000000000000000000, -1.000000000000000000 ) ) ;
#8962 = VECTOR ( 'NONE', #6522, 1000.000000000000000 ) ;
#8963 = VECTOR ( 'NONE', #13485, 1000.000000000000000 ) ;
#8964 = CARTESIAN_POINT ( 'NONE',  ( 0.000000000000000000, -21.56650000000000134, -4.320000000000000284 ) ) ;
#8965 = EDGE_LOOP ( 'NONE', ( #10322, #619, #9823, #4291 ) ) ;
#8966 = AXIS2_PLACEMENT_3D ( 'NONE', #7552, #8721, #11930 ) ;
#8967 = LINE ( 'NONE', #12249, #6326 ) ;
#8968 = LINE ( 'NONE', #3691, #9759 ) ;
#8969 = LINE ( 'NONE', #10086, #2535 ) ;
#8970 = ORIENTED_EDGE ( 'NONE', *, *, #12403, .F. ) ;
#8971 =( NAMED_UNIT ( * ) SI_UNIT ( $, .STERADIAN. ) SOLID_ANGLE_UNIT ( ) );
#8972 = AXIS2_PLACEMENT_3D ( 'NONE', #487, #9875, #3759 ) ;
#8973 = VECTOR ( 'NONE', #13135, 1000.000000000000114 ) ;
#8974 = EDGE_CURVE ( 'NONE', #9906, #457, #8661, .T. ) ;
#8975 = ORIENTED_EDGE ( 'NONE', *, *, #11974, .F. ) ;
#8976 = CARTESIAN_POINT ( 'NONE',  ( -1.352477888071854872, -12.04650000000001064, -4.320000000000000284 ) ) ;
#8977 = DIRECTION ( 'NONE',  ( 0.09602825923647448358, -0.9953786080823779914, 0.000000000000000000 ) ) ;
#8978 = CARTESIAN_POINT ( 'NONE',  ( 4.584999999999999964, -21.18649999999999878, 4.650000000000000355 ) ) ;
#8980 = ORIENTED_EDGE ( 'NONE', *, *, #2972, .T. ) ;
#8979 = DIRECTION ( 'NONE',  ( 0.000000000000000000, 0.000000000000000000, 1.000000000000000000 ) ) ;
#8981 = VECTOR ( 'NONE', #9780, 1000.000000000000000 ) ;
#8982 = DIRECTION ( 'NONE',  ( -0.000000000000000000, 1.000000000000000000, 0.000000000000000000 ) ) ;
#8983 = FACE_BOUND ( 'NONE', #10448, .T. ) ;
#8984 = LINE ( 'NONE', #13235, #12558 ) ;
#8985 = EDGE_CURVE ( 'NONE', #3227, #13122, #9763, .T. ) ;
#8986 = CARTESIAN_POINT ( 'NONE',  ( 1.474999999999999867, -19.40650000000000119, -6.860000000000000320 ) ) ;
#8987 = DIRECTION ( 'NONE',  ( 0.000000000000000000, 0.000000000000000000, -1.000000000000000000 ) ) ;
#8988 = CARTESIAN_POINT ( 'NONE',  ( 1.499999999999999778, -17.94999999999999929, -12.90000000000000036 ) ) ;
#8989 = CIRCLE ( 'NONE', #10106, 1.400000000000000133 ) ;
#8990 = AXIS2_PLACEMENT_3D ( 'NONE', #1135, #5377, #10531 ) ;
#8991 = DIRECTION ( 'NONE',  ( -0.000000000000000000, 1.000000000000000000, -0.000000000000000000 ) ) ;
#8992 = ADVANCED_FACE ( 'NONE', ( #10883 ), #3374, .T. ) ;
#8993 = DIRECTION ( 'NONE',  ( 0.000000000000000000, -0.000000000000000000, 1.000000000000000000 ) ) ;
#8994 = VERTEX_POINT ( 'NONE', #7759 ) ;
#8995 = VERTEX_POINT ( 'NONE', #8726 ) ;
#8996 = VERTEX_POINT ( 'NONE', #6508 ) ;
#8997 = AXIS2_PLACEMENT_3D ( 'NONE', #3738, #1664, #4715 ) ;
#8998 = EDGE_CURVE ( 'NONE', #3460, #12815, #5598, .T. ) ;
#8999 = VERTEX_POINT ( 'NONE', #320 ) ;
#9000 = CARTESIAN_POINT ( 'NONE',  ( -5.730000000000001315, -21.18649999999999878, 3.840000000000000302 ) ) ;
#9001 = PLANE ( 'NONE',  #3837 ) ;
#9002 = CARTESIAN_POINT ( 'NONE',  ( -5.525000000000000355, -19.40650000000000119, 4.850000000000000533 ) ) ;
#9003 = ORIENTED_EDGE ( 'NONE', *, *, #1018, .F. ) ;
#9004 = EDGE_CURVE ( 'NONE', #2134, #4173, #7495, .T. ) ;
#9005 = CARTESIAN_POINT ( 'NONE',  ( 7.635000000000000675, -23.77649999999999864, 15.50000000000000000 ) ) ;
#9006 = LINE ( 'NONE', #4778, #2567 ) ;
#9007 = EDGE_LOOP ( 'NONE', ( #8245, #13620, #7728, #5952 ) ) ;
#9008 = ORIENTED_EDGE ( 'NONE', *, *, #8844, .T. ) ;
#9009 = ADVANCED_FACE ( 'NONE', ( #8796 ), #2342, .F. ) ;
#9010 = EDGE_CURVE ( 'NONE', #5155, #457, #13051, .T. ) ;
#9011 = ORIENTED_EDGE ( 'NONE', *, *, #1561, .T. ) ;
#9012 = VECTOR ( 'NONE', #5461, 1000.000000000000000 ) ;
#9013 = LINE ( 'NONE', #6803, #8315 ) ;
#9014 = ORIENTED_EDGE ( 'NONE', *, *, #4300, .T. ) ;
#9015 = EDGE_CURVE ( 'NONE', #8187, #10896, #7554, .T. ) ;
#9016 = DIRECTION ( 'NONE',  ( 0.9953786080823797677, -0.09602825923645798289, 0.000000000000000000 ) ) ;
#9017 = DIRECTION ( 'NONE',  ( -1.000000000000000000, 0.000000000000000000, -0.000000000000000000 ) ) ;
#9018 = DIRECTION ( 'NONE',  ( -0.000000000000000000, 1.000000000000000000, -0.000000000000000000 ) ) ;
#9019 = LINE ( 'NONE', #2629, #7586 ) ;
#9020 = ORIENTED_EDGE ( 'NONE', *, *, #12830, .F. ) ;
#9021 = VERTEX_POINT ( 'NONE', #12366 ) ;
#9022 = LINE ( 'NONE', #5001, #1220 ) ;
#9023 = DIRECTION ( 'NONE',  ( 0.000000000000000000, 0.000000000000000000, -1.000000000000000000 ) ) ;
#9024 = EDGE_LOOP ( 'NONE', ( #2423, #12183, #826, #9639 ) ) ;
#9025 = CARTESIAN_POINT ( 'NONE',  ( 1.270000000000000018, -17.37650000000000006, -4.320000000000000284 ) ) ;
#9026 = DIRECTION ( 'NONE',  ( 0.000000000000000000, 0.000000000000000000, -1.000000000000000000 ) ) ;
#9027 = ORIENTED_EDGE ( 'NONE', *, *, #5737, .T. ) ;
#9028 = VECTOR ( 'NONE', #13036, 1000.000000000000000 ) ;
#9029 = ADVANCED_FACE ( 'NONE', ( #5883 ), #11239, .T. ) ;
#9030 = EDGE_CURVE ( 'NONE', #6557, #4718, #795, .T. ) ;
#9031 = LINE ( 'NONE', #617, #1186 ) ;
#9032 = EDGE_CURVE ( 'NONE', #40, #6774, #9006, .T. ) ;
#9033 = VERTEX_POINT ( 'NONE', #2835 ) ;
#9034 = LINE ( 'NONE', #5836, #7326 ) ;
#9035 = DIRECTION ( 'NONE',  ( -1.000000000000000000, 0.000000000000000000, 0.000000000000000000 ) ) ;
#9036 = DIRECTION ( 'NONE',  ( 0.000000000000000000, 1.000000000000000000, 0.000000000000000000 ) ) ;
#9037 = DIRECTION ( 'NONE',  ( 0.000000000000000000, 0.000000000000000000, 1.000000000000000000 ) ) ;
#9038 = ORIENTED_EDGE ( 'NONE', *, *, #4919, .T. ) ;
#9039 = DIRECTION ( 'NONE',  ( 0.000000000000000000, -1.000000000000000000, -0.000000000000000000 ) ) ;
#9040 = DIRECTION ( 'NONE',  ( -0.000000000000000000, 1.000000000000000000, 0.000000000000000000 ) ) ;
#9041 = EDGE_CURVE ( 'NONE', #5057, #167, #5810, .T. ) ;
#9042 = PLANE ( 'NONE',  #8529 ) ;
#9043 = VERTEX_POINT ( 'NONE', #1785 ) ;
#9044 = DIRECTION ( 'NONE',  ( 1.000000000000000000, 0.000000000000000000, 0.000000000000000000 ) ) ;
#9045 = EDGE_CURVE ( 'NONE', #8172, #369, #8926, .T. ) ;
#9046 = ADVANCED_FACE ( 'NONE', ( #9143 ), #13255, .F. ) ;
#9047 = EDGE_CURVE ( 'NONE', #5338, #8815, #9974, .T. ) ;
#9048 = CARTESIAN_POINT ( 'NONE',  ( 2.156828893442727324, -12.04650000000001953, -3.299999999999999822 ) ) ;
#9049 = DIRECTION ( 'NONE',  ( 0.000000000000000000, -1.000000000000000000, 0.000000000000000000 ) ) ;
#9050 = LINE ( 'NONE', #11074, #12515 ) ;
#9052 = ORIENTED_EDGE ( 'NONE', *, *, #12436, .T. ) ;
#9051 = CARTESIAN_POINT ( 'NONE',  ( 8.800000000000000711, 3.200000000000000178, -12.90000000000000213 ) ) ;
#9053 = LINE ( 'NONE', #10161, #4143 ) ;
#9054 = LINE ( 'NONE', #13296, #3010 ) ;
#9055 = CARTESIAN_POINT ( 'NONE',  ( -4.584999999999999964, -2.337200000000000166, 4.500000000000000888 ) ) ;
#9056 = DIRECTION ( 'NONE',  ( 0.000000000000000000, 0.000000000000000000, -1.000000000000000000 ) ) ;
#9057 = CARTESIAN_POINT ( 'NONE',  ( -4.714999999999999858, -12.04649999999999999, 3.629999999999999893 ) ) ;
#9058 = PRESENTATION_STYLE_ASSIGNMENT (( #6984 ) ) ;
#9059 = CARTESIAN_POINT ( 'NONE',  ( -12.20500000000000007, -17.94999999999999929, 7.519999999999999574 ) ) ;
#9060 = EDGE_CURVE ( 'NONE', #6952, #759, #596, .T. ) ;
#9061 =( NAMED_UNIT ( * ) SI_UNIT ( $, .STERADIAN. ) SOLID_ANGLE_UNIT ( ) );
#9062 = ORIENTED_EDGE ( 'NONE', *, *, #9482, .F. ) ;
#9063 = ORIENTED_EDGE ( 'NONE', *, *, #9987, .F. ) ;
#9064 = AXIS2_PLACEMENT_3D ( 'NONE', #1915, #9464, #1056 ) ;
#9065 = VERTEX_POINT ( 'NONE', #663 ) ;
#9066 = ORIENTED_EDGE ( 'NONE', *, *, #4153, .F. ) ;
#9067 = CARTESIAN_POINT ( 'NONE',  ( 4.584999999999999964, 3.589199999999999946, -0.5000000000000000000 ) ) ;
#9068 = DIRECTION ( 'NONE',  ( 1.000000000000000000, 0.000000000000000000, 0.000000000000000000 ) ) ;
#9069 = CARTESIAN_POINT ( 'NONE',  ( -20.30000000000000071, 0.000000000000000000, -6.500000000000000888 ) ) ;
#9070 = ORIENTED_EDGE ( 'NONE', *, *, #13108, .F. ) ;
#9071 = DIRECTION ( 'NONE',  ( 0.000000000000000000, 1.000000000000000000, 0.000000000000000000 ) ) ;
#9072 = ADVANCED_FACE ( 'NONE', ( #11167 ), #456, .T. ) ;
#9073 = EDGE_LOOP ( 'NONE', ( #11939, #13403, #9822, #6356, #12824, #10663, #8596, #12355 ) ) ;
#9074 = EDGE_CURVE ( 'NONE', #12987, #8078, #2618, .T. ) ;
#9075 = ORIENTED_EDGE ( 'NONE', *, *, #12993, .F. ) ;
#9076 = CIRCLE ( 'NONE', #5304, 1.750000000000000000 ) ;
#9077 = AXIS2_PLACEMENT_3D ( 'NONE', #3135, #7377, #11614 ) ;
#9078 = VECTOR ( 'NONE', #8220, 1000.000000000000000 ) ;
#9079 = VECTOR ( 'NONE', #5702, 1000.000000000000000 ) ;
#9080 = VECTOR ( 'NONE', #3803, 1000.000000000000000 ) ;
#9081 = ADVANCED_FACE ( 'NONE', ( #6923 ), #1645, .T. ) ;
#9082 = ORIENTED_EDGE ( 'NONE', *, *, #10283, .F. ) ;
#9083 = DIRECTION ( 'NONE',  ( -0.000000000000000000, -0.000000000000000000, 1.000000000000000000 ) ) ;
#9084 = ORIENTED_EDGE ( 'NONE', *, *, #354, .F. ) ;
#9085 = AXIS2_PLACEMENT_3D ( 'NONE', #8886, #9103, #5771 ) ;
#9086 = ORIENTED_EDGE ( 'NONE', *, *, #12056, .F. ) ;
#9087 = CARTESIAN_POINT ( 'NONE',  ( 12.95619407771000020, 3.200000000000000178, -6.903805922286999852 ) ) ;
#9088 = LINE ( 'NONE', #13328, #193 ) ;
#9089 = CARTESIAN_POINT ( 'NONE',  ( 2.415000000000000036, -21.56650000000000134, -4.650000000000000355 ) ) ;
#9090 = LINE ( 'NONE', #10132, #476 ) ;
#9091 = ORIENTED_EDGE ( 'NONE', *, *, #2252, .T. ) ;
#9092 = ORIENTED_EDGE ( 'NONE', *, *, #1261, .T. ) ;
#9093 = CARTESIAN_POINT ( 'NONE',  ( -1.395000000000000018, -23.77649999999999864, -4.320000000000000284 ) ) ;
#9094 = DIRECTION ( 'NONE',  ( 0.000000000000000000, 0.000000000000000000, -1.000000000000000000 ) ) ;
#9095 = CARTESIAN_POINT ( 'NONE',  ( 0.000000000000000000, -22.78650000000000020, -4.320000000000000284 ) ) ;
#9096 = VERTEX_POINT ( 'NONE', #4908 ) ;
#9097 = CARTESIAN_POINT ( 'NONE',  ( 9.881242789365000334, -17.94999999999999929, -11.50875721063900237 ) ) ;
#9098 = ORIENTED_EDGE ( 'NONE', *, *, #7951, .T. ) ;
#9099 = EDGE_CURVE ( 'NONE', #11246, #3879, #5114, .T. ) ;
#9100 = VECTOR ( 'NONE', #8578, 1000.000000000000114 ) ;
#9101 = LINE ( 'NONE', #12316, #13186 ) ;
#9102 = ORIENTED_EDGE ( 'NONE', *, *, #7539, .T. ) ;
#9103 = DIRECTION ( 'NONE',  ( 0.000000000000000000, -1.000000000000000000, 0.000000000000000000 ) ) ;
#9104 = LINE ( 'NONE', #7030, #6304 ) ;
#9105 = DIRECTION ( 'NONE',  ( 0.000000000000000000, 0.000000000000000000, 1.000000000000000000 ) ) ;
#9106 = EDGE_CURVE ( 'NONE', #6162, #8916, #6229, .T. ) ;
#9107 = DIRECTION ( 'NONE',  ( -0.000000000000000000, -0.000000000000000000, -1.000000000000000000 ) ) ;
#9108 = VERTEX_POINT ( 'NONE', #4204 ) ;
#9109 = VECTOR ( 'NONE', #12945, 1000.000000000000000 ) ;
#9110 = EDGE_CURVE ( 'NONE', #4498, #9491, #11375, .T. ) ;
#9111 = DIRECTION ( 'NONE',  ( -0.000000000000000000, 1.000000000000000000, 0.000000000000000000 ) ) ;
#9112 = EDGE_CURVE ( 'NONE', #5892, #11606, #875, .T. ) ;
#9113 = LINE ( 'NONE', #13352, #2445 ) ;
#9114 = DIRECTION ( 'NONE',  ( -0.000000000000000000, -0.000000000000000000, -1.000000000000000000 ) ) ;
#9115 = EDGE_LOOP ( 'NONE', ( #6835, #12580, #10881, #12577, #4124, #6396 ) ) ;
#9116 = ADVANCED_FACE ( 'NONE', ( #9283 ), #12573, .F. ) ;
#9117 = CARTESIAN_POINT ( 'NONE',  ( -1.294999999999999929, -17.37650000000000006, -4.500000000000000888 ) ) ;
#9118 = EDGE_CURVE ( 'NONE', #11643, #5070, #9222, .T. ) ;
#9119 = AXIS2_PLACEMENT_3D ( 'NONE', #2491, #11950, #343 ) ;
#9120 = LINE ( 'NONE', #3830, #13396 ) ;
#9121 = LINE ( 'NONE', #1613, #191 ) ;
#9122 = CARTESIAN_POINT ( 'NONE',  ( -8.269999999999999574, -15.34650000000000070, 4.650000000000000355 ) ) ;
#9123 = PRESENTATION_STYLE_ASSIGNMENT (( #2811 ) ) ;
#9125 = VERTEX_POINT ( 'NONE', #2901 ) ;
#9124 = DIRECTION ( 'NONE',  ( -0.09602825923645796902, 0.9953786080823796567, 0.000000000000000000 ) ) ;
#9126 = CARTESIAN_POINT ( 'NONE',  ( -0.4949999999999999956, -22.96649999999999991, -1.655000000000000027 ) ) ;
#9127 = PLANE ( 'NONE',  #9443 ) ;
#9128 = CARTESIAN_POINT ( 'NONE',  ( -10.80380592228999959, 3.200000000000000178, -9.056194077713001889 ) ) ;
#9129 = DIRECTION ( 'NONE',  ( 0.000000000000000000, 0.000000000000000000, -1.000000000000000000 ) ) ;
#9130 = DIRECTION ( 'NONE',  ( 0.000000000000000000, 0.000000000000000000, -1.000000000000000000 ) ) ;
#9131 = CARTESIAN_POINT ( 'NONE',  ( 0.6350000000000000089, -23.77649999999999864, 15.74000000000000021 ) ) ;
#9132 = LINE ( 'NONE', #8232, #1300 ) ;
#9133 = LINE ( 'NONE', #3923, #1176 ) ;
#9134 = ORIENTED_EDGE ( 'NONE', *, *, #4599, .F. ) ;
#9135 = ORIENTED_EDGE ( 'NONE', *, *, #6700, .T. ) ;
#9136 = ORIENTED_EDGE ( 'NONE', *, *, #6571, .F. ) ;
#9137 = VERTEX_POINT ( 'NONE', #1853 ) ;
#9138 = DIRECTION ( 'NONE',  ( 0.000000000000000000, 0.000000000000000000, -1.000000000000000000 ) ) ;
#9139 = DIRECTION ( 'NONE',  ( -1.000000000000000000, -0.000000000000000000, 0.000000000000000000 ) ) ;
#9140 = CARTESIAN_POINT ( 'NONE',  ( -9.414999999999999147, -22.96649999999999991, 7.519999999999999574 ) ) ;
#9141 = ORIENTED_EDGE ( 'NONE', *, *, #8816, .T. ) ;
#9142 = DIRECTION ( 'NONE',  ( -0.1004120643276970176, 0.9949459368917741298, -0.000000000000000000 ) ) ;
#9143 = FACE_OUTER_BOUND ( 'NONE', #5858, .T. ) ;
#9144 = ORIENTED_EDGE ( 'NONE', *, *, #11519, .F. ) ;
#9145 = VECTOR ( 'NONE', #947, 1000.000000000000000 ) ;
#9146 = ORIENTED_EDGE ( 'NONE', *, *, #1366, .T. ) ;
#9147 = EDGE_CURVE ( 'NONE', #5942, #284, #13670, .T. ) ;
#9148 = EDGE_LOOP ( 'NONE', ( #6853, #10875, #4294, #5410 ) ) ;
#9149 = ADVANCED_FACE ( 'NONE', ( #10331 ), #812, .T. ) ;
#9150 = DIRECTION ( 'NONE',  ( -0.000000000000000000, 0.000000000000000000, 1.000000000000000000 ) ) ;
#9151 = EDGE_LOOP ( 'NONE', ( #6866, #6375, #11092, #10572, #8143, #12068, #6090 ) ) ;
#9152 = COLOUR_RGB ( '',1.000000000000000000, 1.000000000000000000, 1.000000000000000000 ) ;
#9153 = ORIENTED_EDGE ( 'NONE', *, *, #2614, .T. ) ;
#9154 = DIRECTION ( 'NONE',  ( 1.000000000000000000, -0.000000000000000000, 0.000000000000000000 ) ) ;
#9155 = CARTESIAN_POINT ( 'NONE',  ( -8.275000000000000355, -13.31649999999999956, 3.840000000000000302 ) ) ;
#9156 = DIRECTION ( 'NONE',  ( 0.000000000000000000, -0.000000000000000000, -1.000000000000000000 ) ) ;
#9157 = EDGE_LOOP ( 'NONE', ( #6106, #2473, #4007, #2891, #11416, #7972, #2548 ) ) ;
#9158 = ORIENTED_EDGE ( 'NONE', *, *, #8937, .F. ) ;
#9159 = CARTESIAN_POINT ( 'NONE',  ( 3.149999999999999911, -22.58650000000000091, -4.320000000000000284 ) ) ;
#9160 = DIRECTION ( 'NONE',  ( 0.000000000000000000, -1.000000000000000000, -0.000000000000000000 ) ) ;
#9161 = EDGE_CURVE ( 'NONE', #5487, #12987, #10458, .T. ) ;
#9162 = UNCERTAINTY_MEASURE_WITH_UNIT (LENGTH_MEASURE( 1.000000000000000082E-05 ), #12961, 'distance_accuracy_value', 'NONE');
#9163 = CYLINDRICAL_SURFACE ( 'NONE', #330, 4.900000000000000355 ) ;
#9164 = ORIENTED_EDGE ( 'NONE', *, *, #10489, .F. ) ;
#9165 = DIRECTION ( 'NONE',  ( -0.000000000000000000, 1.000000000000000000, -0.000000000000000000 ) ) ;
#9166 = ORIENTED_EDGE ( 'NONE', *, *, #11519, .T. ) ;
#9167 = VECTOR ( 'NONE', #9520, 1000.000000000000000 ) ;
#9168 = VECTOR ( 'NONE', #6109, 1000.000000000000000 ) ;
#9169 = VECTOR ( 'NONE', #12092, 1000.000000000000227 ) ;
#9170 = CARTESIAN_POINT ( 'NONE',  ( -9.285000000000000142, -19.40650000000000119, 7.189999999999999503 ) ) ;
#9171 = ORIENTED_EDGE ( 'NONE', *, *, #9074, .F. ) ;
#9172 = DIRECTION ( 'NONE',  ( 1.000000000000000000, 0.000000000000000000, -0.000000000000000000 ) ) ;
#9173 = CARTESIAN_POINT ( 'NONE',  ( 0.000000000000000000, -21.18649999999999878, -3.509999999999999787 ) ) ;
#9174 = CARTESIAN_POINT ( 'NONE',  ( 1.320799999999999974, 3.589199999999999946, -4.500000000000000888 ) ) ;
#9175 = CARTESIAN_POINT ( 'NONE',  ( 7.919999999999999929, 3.589199999999999946, 7.834999999999999964 ) ) ;
#9176 = AXIS2_PLACEMENT_3D ( 'NONE', #9676, #11009, #1273 ) ;
#9177 = CARTESIAN_POINT ( 'NONE',  ( -15.94999999999999929, -17.94999999999999929, 0.000000000000000000 ) ) ;
#9178 = VECTOR ( 'NONE', #12975, 1000.000000000000000 ) ;
#9179 = DIRECTION ( 'NONE',  ( 0.000000000000000000, 0.000000000000000000, -1.000000000000000000 ) ) ;
#9180 = CIRCLE ( 'NONE', #4745, 3.000000000000000444 ) ;
#9181 = CARTESIAN_POINT ( 'NONE',  ( 8.779999999999999361, -2.673278531665000290, 4.500000000000000888 ) ) ;
#9182 = FACE_OUTER_BOUND ( 'NONE', #5957, .T. ) ;
#9183 = ORIENTED_EDGE ( 'NONE', *, *, #1698, .T. ) ;
#9184 = AXIS2_PLACEMENT_3D ( 'NONE', #7799, #11264, #8835 ) ;
#9185 =( LENGTH_UNIT ( ) NAMED_UNIT ( * ) SI_UNIT ( .MILLI., .METRE. ) );
#9186 = AXIS2_PLACEMENT_3D ( 'NONE', #4460, #3430, #1417 ) ;
#9187 = EDGE_CURVE ( 'NONE', #9280, #11907, #2965, .T. ) ;
#9188 = VECTOR ( 'NONE', #3404, 1000.000000000000000 ) ;
#9189 = DIRECTION ( 'NONE',  ( -1.000000000000000000, 0.000000000000000000, 0.000000000000000000 ) ) ;
#9190 = VECTOR ( 'NONE', #8064, 1000.000000000000000 ) ;
#9191 = VECTOR ( 'NONE', #2937, 1000.000000000000000 ) ;
#9192 = DIRECTION ( 'NONE',  ( 1.000000000000000000, 0.000000000000000000, 0.000000000000000000 ) ) ;
#9193 = ADVANCED_FACE ( 'NONE', ( #11455 ), #13465, .T. ) ;
#9194 = AXIS2_PLACEMENT_3D ( 'NONE', #1360, #11792, #9828 ) ;
#9195 = VECTOR ( 'NONE', #2304, 1000.000000000000000 ) ;
#9197 = VERTEX_POINT ( 'NONE', #11656 ) ;
#9196 = DIRECTION ( 'NONE',  ( 0.000000000000000000, 0.000000000000000000, -1.000000000000000000 ) ) ;
#9198 = EDGE_CURVE ( 'NONE', #4051, #2839, #2128, .T. ) ;
#9199 = PLANE ( 'NONE',  #7527 ) ;
#9200 = CARTESIAN_POINT ( 'NONE',  ( 13.93517677218703987, -2.399999999999999467, -12.86482322781204068 ) ) ;
#9201 = DIRECTION ( 'NONE',  ( 0.000000000000000000, 1.000000000000000000, -0.000000000000000000 ) ) ;
#9202 = CARTESIAN_POINT ( 'NONE',  ( -2.415000000000000036, -21.56650000000000134, -4.650000000000000355 ) ) ;
#9203 = AXIS2_PLACEMENT_3D ( 'NONE', #4825, #10021, #9056 ) ;
#9204 = VECTOR ( 'NONE', #11592, 1000.000000000000000 ) ;
#9205 = LINE ( 'NONE', #11149, #1977 ) ;
#9206 = EDGE_CURVE ( 'NONE', #5073, #5321, #92, .T. ) ;
#9207 = COLOUR_RGB ( '',1.000000000000000000, 1.000000000000000000, 1.000000000000000000 ) ;
#9208 = EDGE_CURVE ( 'NONE', #10652, #10364, #9548, .T. ) ;
#9209 = FACE_OUTER_BOUND ( 'NONE', #2616, .T. ) ;
#9210 = VECTOR ( 'NONE', #6669, 1000.000000000000000 ) ;
#9211 = ORIENTED_EDGE ( 'NONE', *, *, #7798, .T. ) ;
#9212 = ORIENTED_EDGE ( 'NONE', *, *, #4833, .T. ) ;
#9213 = DIRECTION ( 'NONE',  ( 0.000000000000000000, 0.000000000000000000, 1.000000000000000000 ) ) ;
#9214 = ORIENTED_EDGE ( 'NONE', *, *, #1815, .F. ) ;
#9215 = VERTEX_POINT ( 'NONE', #3357 ) ;
#9216 = DIRECTION ( 'NONE',  ( 0.000000000000000000, -0.000000000000000000, -1.000000000000000000 ) ) ;
#9217 = CARTESIAN_POINT ( 'NONE',  ( -8.779999999999999361, -2.673278531665000290, 4.650000000000000355 ) ) ;
#9218 = AXIS2_PLACEMENT_3D ( 'NONE', #4924, #10265, #2633 ) ;
#9219 = ORIENTED_EDGE ( 'NONE', *, *, #939, .T. ) ;
#9220 = DIRECTION ( 'NONE',  ( -0.000000000000000000, 1.000000000000000000, -0.000000000000000000 ) ) ;
#9221 = VECTOR ( 'NONE', #3018, 1000.000000000000000 ) ;
#9222 = LINE ( 'NONE', #3998, #4208 ) ;
#9223 = VERTEX_POINT ( 'NONE', #5380 ) ;
#9224 = EDGE_CURVE ( 'NONE', #7639, #12510, #2456, .T. ) ;
#9225 = ORIENTED_EDGE ( 'NONE', *, *, #910, .T. ) ;
#9226 = VECTOR ( 'NONE', #12218, 1000.000000000000000 ) ;
#9227 = ORIENTED_EDGE ( 'NONE', *, *, #11290, .T. ) ;
#9228 = CARTESIAN_POINT ( 'NONE',  ( -5.679199999999999804, -2.337200000000000166, 0.000000000000000000 ) ) ;
#9229 = ORIENTED_EDGE ( 'NONE', *, *, #4562, .T. ) ;
#9230 = ORIENTED_EDGE ( 'NONE', *, *, #3566, .T. ) ;
#9231 = LINE ( 'NONE', #6027, #10938 ) ;
#9232 = CARTESIAN_POINT ( 'NONE',  ( 1.500000000000000000, -17.94999999999999929, -12.90000000000000036 ) ) ;
#9233 = CYLINDRICAL_SURFACE ( 'NONE', #1841, 4.750000000000000000 ) ;
#9234 = CARTESIAN_POINT ( 'NONE',  ( -3.634999999999999787, -22.96649999999999991, 3.509999999999999787 ) ) ;
#9235 = ORIENTED_EDGE ( 'NONE', *, *, #8338, .T. ) ;
#9236 = ORIENTED_EDGE ( 'NONE', *, *, #576, .T. ) ;
#9237 = FILL_AREA_STYLE ('',( #11326 ) ) ;
#9238 = LINE ( 'NONE', #11469, #997 ) ;
#9239 = ORIENTED_EDGE ( 'NONE', *, *, #7826, .T. ) ;
#9240 = EDGE_CURVE ( 'NONE', #3990, #8611, #5315, .T. ) ;
#9241 = VERTEX_POINT ( 'NONE', #9610 ) ;
#9242 = EDGE_CURVE ( 'NONE', #12684, #12482, #22, .T. ) ;
#9243 = CARTESIAN_POINT ( 'NONE',  ( -6.207611844575000148, 3.200000000000000178, -10.96000000000000085 ) ) ;
#9244 = ORIENTED_EDGE ( 'NONE', *, *, #12477, .T. ) ;
#9245 = FACE_OUTER_BOUND ( 'NONE', #1985, .T. ) ;
#9246 = DIRECTION ( 'NONE',  ( 1.000000000000000000, 0.000000000000000000, 0.000000000000000000 ) ) ;
#9247 = CARTESIAN_POINT ( 'NONE',  ( 2.415000000000000036, -22.96649999999999991, 0.5000000000000000000 ) ) ;
#9248 = FACE_OUTER_BOUND ( 'NONE', #2509, .T. ) ;
#9249 = CARTESIAN_POINT ( 'NONE',  ( -5.500000000000000000, -17.94999999999999929, 13.40000000000000036 ) ) ;
#9250 = VECTOR ( 'NONE', #2756, 1000.000000000000227 ) ;
#9251 = DIRECTION ( 'NONE',  ( 1.000000000000000000, -0.000000000000000000, 0.000000000000000000 ) ) ;
#9252 = CARTESIAN_POINT ( 'NONE',  ( -9.156828893443000439, -12.04649999999999999, 3.629999999999999893 ) ) ;
#9253 = DIRECTION ( 'NONE',  ( -0.000000000000000000, 1.000000000000000000, 0.000000000000000000 ) ) ;
#9254 = ADVANCED_FACE ( 'NONE', ( #11988 ), #6492, .F. ) ;
#9255 = ORIENTED_EDGE ( 'NONE', *, *, #11398, .T. ) ;
#9256 = DIRECTION ( 'NONE',  ( 0.000000000000000000, 1.000000000000000000, 0.000000000000000000 ) ) ;
#9257 = EDGE_CURVE ( 'NONE', #2335, #3112, #8645, .T. ) ;
#9258 = DIRECTION ( 'NONE',  ( -0.000000000000000000, 1.000000000000000000, -0.000000000000000000 ) ) ;
#9259 = VECTOR ( 'NONE', #6521, 1000.000000000000000 ) ;
#9260 = CARTESIAN_POINT ( 'NONE',  ( -5.525000000000024336, -13.31650000000000311, 3.629999999999999449 ) ) ;
#9261 = DIRECTION ( 'NONE',  ( 1.000000000000000000, 0.000000000000000000, 0.000000000000000000 ) ) ;
#9263 = EDGE_LOOP ( 'NONE', ( #2138, #13609, #5875, #8236, #11228, #942, #2190, #8371 ) ) ;
#9262 = PLANE ( 'NONE',  #1824 ) ;
#9264 = LINE ( 'NONE', #2814, #5531 ) ;
#9265 = DIRECTION ( 'NONE',  ( 0.000000000000000000, 1.000000000000000000, 0.000000000000000000 ) ) ;
#9266 =( LENGTH_UNIT ( ) NAMED_UNIT ( * ) SI_UNIT ( .MILLI., .METRE. ) );
#9267 =( LENGTH_UNIT ( ) NAMED_UNIT ( * ) SI_UNIT ( .MILLI., .METRE. ) );
#9268 = FACE_OUTER_BOUND ( 'NONE', #5733, .T. ) ;
#9269 = LINE ( 'NONE', #1625, #8628 ) ;
#9270 = ADVANCED_FACE ( 'NONE', ( #2387 ), #7483, .F. ) ;
#9271 =( NAMED_UNIT ( * ) PLANE_ANGLE_UNIT ( ) SI_UNIT ( $, .RADIAN. ) );
#9272 = VERTEX_POINT ( 'NONE', #10665 ) ;
#9273 = ORIENTED_EDGE ( 'NONE', *, *, #4088, .F. ) ;
#9274 = LINE ( 'NONE', #10526, #12270 ) ;
#9275 = ORIENTED_EDGE ( 'NONE', *, *, #13733, .F. ) ;
#9276 = VERTEX_POINT ( 'NONE', #2326 ) ;
#9277 = DIRECTION ( 'NONE',  ( 1.000000000000000000, 0.000000000000000000, -0.000000000000000000 ) ) ;
#9278 = CARTESIAN_POINT ( 'NONE',  ( -5.705000000000000071, -19.43146179653999894, 4.830000000000000071 ) ) ;
#9279 = CARTESIAN_POINT ( 'NONE',  ( 8.300000000000075318, -3.556499999999991779, 4.650000000000000355 ) ) ;
#9280 = VERTEX_POINT ( 'NONE', #10797 ) ;
#9281 = DIRECTION ( 'NONE',  ( 1.000000000000000000, -0.000000000000000000, 0.000000000000000000 ) ) ;
#9282 = EDGE_CURVE ( 'NONE', #2520, #3682, #1279, .T. ) ;
#9283 = FACE_OUTER_BOUND ( 'NONE', #11390, .T. ) ;
#9284 = DIRECTION ( 'NONE',  ( 0.000000000000000000, -1.000000000000000000, 0.000000000000000000 ) ) ;
#9285 = ORIENTED_EDGE ( 'NONE', *, *, #8019, .F. ) ;
#9286 = ADVANCED_FACE ( 'NONE', ( #228 ), #1139, .F. ) ;
#9287 = VERTEX_POINT ( 'NONE', #11918 ) ;
#9288 = DIRECTION ( 'NONE',  ( -1.000000000000000000, 0.000000000000000000, -0.000000000000000000 ) ) ;
#9289 = VERTEX_POINT ( 'NONE', #5580 ) ;
#9290 = VERTEX_POINT ( 'NONE', #9812 ) ;
#9291 = DIRECTION ( 'NONE',  ( 0.000000000000000000, -0.000000000000000000, 1.000000000000000000 ) ) ;
#9292 = FACE_OUTER_BOUND ( 'NONE', #7820, .T. ) ;
#9293 = FACE_OUTER_BOUND ( 'NONE', #7927, .T. ) ;
#9294 = ORIENTED_EDGE ( 'NONE', *, *, #615, .T. ) ;
#9295 = CARTESIAN_POINT ( 'NONE',  ( 0.000000000000000000, -22.96649999999999991, 4.850000000000000533 ) ) ;
#9296 = VECTOR ( 'NONE', #8435, 1000.000000000000000 ) ;
#9297 = DIRECTION ( 'NONE',  ( 1.000000000000000000, 0.000000000000000000, 0.000000000000000000 ) ) ;
#9298 = ORIENTED_EDGE ( 'NONE', *, *, #7998, .T. ) ;
#9299 = ORIENTED_EDGE ( 'NONE', *, *, #7979, .F. ) ;
#9300 = AXIS2_PLACEMENT_3D ( 'NONE', #3217, #9662, #5357 ) ;
#9301 = ORIENTED_EDGE ( 'NONE', *, *, #5797, .F. ) ;
#9302 = DIRECTION ( 'NONE',  ( -1.000000000000000000, 0.000000000000000000, 0.000000000000000000 ) ) ;
#9303 = ORIENTED_EDGE ( 'NONE', *, *, #6652, .T. ) ;
#9304 = DIRECTION ( 'NONE',  ( 1.000000000000000000, 0.000000000000000000, 0.000000000000000000 ) ) ;
#9305 = CARTESIAN_POINT ( 'NONE',  ( 5.724999999999999645, -17.57000000000000384, 4.649999999999999467 ) ) ;
#9306 = EDGE_CURVE ( 'NONE', #12871, #6444, #299, .T. ) ;
#9307 = CARTESIAN_POINT ( 'NONE',  ( 9.414999999999999147, -2.337200000000000166, 4.500000000000000888 ) ) ;
#9308 = LINE ( 'NONE', #3904, #5229 ) ;
#9309 = DIRECTION ( 'NONE',  ( -0.000000000000000000, -0.000000000000000000, -1.000000000000000000 ) ) ;
#9310 = VECTOR ( 'NONE', #4097, 1000.000000000000000 ) ;
#9311 = CARTESIAN_POINT ( 'NONE',  ( -9.414999999999999147, -2.337200000000000166, 4.500000000000000888 ) ) ;
#9312 = VECTOR ( 'NONE', #9747, 1000.000000000000000 ) ;
#9313 = ORIENTED_EDGE ( 'NONE', *, *, #11855, .T. ) ;
#9314 = ADVANCED_FACE ( 'NONE', ( #1622 ), #4612, .T. ) ;
#9315 = LINE ( 'NONE', #12735, #1642 ) ;
#9316 = ORIENTED_EDGE ( 'NONE', *, *, #8054, .F. ) ;
#9317 = FACE_OUTER_BOUND ( 'NONE', #5595, .T. ) ;
#9319 = AXIS2_PLACEMENT_3D ( 'NONE', #9327, #916, #2946 ) ;
#9318 = LINE ( 'NONE', #4111, #6506 ) ;
#9320 = EDGE_CURVE ( 'NONE', #13525, #11692, #12266, .T. ) ;
#9321 = CARTESIAN_POINT ( 'NONE',  ( -2.284999999999999698, -19.44971900955000166, -4.500000000000000888 ) ) ;
#9322 = ORIENTED_EDGE ( 'NONE', *, *, #9820, .T. ) ;
#9323 = DIRECTION ( 'NONE',  ( 0.000000000000000000, 0.000000000000000000, 1.000000000000000000 ) ) ;
#9324 = DIRECTION ( 'NONE',  ( -0.000000000000000000, 1.000000000000000000, 0.000000000000000000 ) ) ;
#9325 = LINE ( 'NONE', #3019, #8536 ) ;
#9326 = DIRECTION ( 'NONE',  ( -1.000000000000000000, 0.000000000000000000, 0.000000000000000000 ) ) ;
#9327 = CARTESIAN_POINT ( 'NONE',  ( -8.359999999999999432, 3.200000000000000178, -2.307611844574999793 ) ) ;
#9328 = PLANE ( 'NONE',  #3870 ) ;
#9329 = EDGE_CURVE ( 'NONE', #5271, #175, #12139, .T. ) ;
#9330 = SURFACE_STYLE_FILL_AREA ( #10514 ) ;
#9331 =( GEOMETRIC_REPRESENTATION_CONTEXT ( 3 ) GLOBAL_UNCERTAINTY_ASSIGNED_CONTEXT ( ( #2916 ) ) GLOBAL_UNIT_ASSIGNED_CONTEXT ( ( #10978, #7919, #11186 ) ) REPRESENTATION_CONTEXT ( 'NONE', 'WORKASPACE' ) );
#9332 = ORIENTED_EDGE ( 'NONE', *, *, #7310, .F. ) ;
#9333 = ORIENTED_EDGE ( 'NONE', *, *, #12787, .T. ) ;
#9334 = DIRECTION ( 'NONE',  ( -0.000000000000000000, 0.000000000000000000, -1.000000000000000000 ) ) ;
#9335 = ORIENTED_EDGE ( 'NONE', *, *, #12473, .F. ) ;
#9336 = EDGE_LOOP ( 'NONE', ( #12330, #11158, #13001, #7128 ) ) ;
#9337 = CARTESIAN_POINT ( 'NONE',  ( -8.300000000000075318, -3.556499999999991779, 4.650000000000000355 ) ) ;
#9338 = PLANE ( 'NONE',  #2336 ) ;
#9339 = ORIENTED_EDGE ( 'NONE', *, *, #5727, .T. ) ;
#9340 = LINE ( 'NONE', #5052, #8081 ) ;
#9341 = EDGE_CURVE ( 'NONE', #3532, #1203, #886, .T. ) ;
#9342 = SURFACE_SIDE_STYLE ('',( #11584 ) ) ;
#9343 = CARTESIAN_POINT ( 'NONE',  ( 2.285000000000000142, -15.34650000000000070, -4.320000000000000284 ) ) ;
#9344 = VERTEX_POINT ( 'NONE', #4893 ) ;
#9345 = DIRECTION ( 'NONE',  ( -1.000000000000000000, 0.000000000000000000, 0.000000000000000000 ) ) ;
#9346 = ORIENTED_EDGE ( 'NONE', *, *, #5184, .T. ) ;
#9347 = ORIENTED_EDGE ( 'NONE', *, *, #8898, .F. ) ;
#9348 = DIRECTION ( 'NONE',  ( 0.000000000000000000, -1.000000000000000000, -0.000000000000000000 ) ) ;
#9349 = CARTESIAN_POINT ( 'NONE',  ( -24.89999999999999858, -2.399999999999999911, 0.000000000000000000 ) ) ;
#9350 = LINE ( 'NONE', #13608, #5358 ) ;
#9351 = EDGE_LOOP ( 'NONE', ( #10733, #6433, #1108, #1750 ) ) ;
#9352 = EDGE_CURVE ( 'NONE', #8638, #6479, #6846, .T. ) ;
#9353 = PRESENTATION_LAYER_ASSIGNMENT (  '', '', ( #2255 ) ) ;
#9354 = DIRECTION ( 'NONE',  ( -0.000000000000000000, -1.000000000000000000, -0.000000000000000000 ) ) ;
#9355 = CARTESIAN_POINT ( 'NONE',  ( 3.365000000000000213, -21.56650000000000134, -4.650000000000000355 ) ) ;
#9356 = VERTEX_POINT ( 'NONE', #3778 ) ;
#9357 = EDGE_LOOP ( 'NONE', ( #8922, #6371, #9141, #7547, #11784 ) ) ;
#9358 = AXIS2_PLACEMENT_3D ( 'NONE', #8224, #2940, #6143 ) ;
#9359 = VECTOR ( 'NONE', #2733, 1000.000000000000000 ) ;
#9360 = EDGE_CURVE ( 'NONE', #10594, #5321, #3563, .T. ) ;
#9361 = ORIENTED_EDGE ( 'NONE', *, *, #7236, .F. ) ;
#9362 = DIRECTION ( 'NONE',  ( 0.000000000000000000, 1.000000000000000000, 0.000000000000000000 ) ) ;
#9363 = ORIENTED_EDGE ( 'NONE', *, *, #162, .T. ) ;
#9364 = CYLINDRICAL_SURFACE ( 'NONE', #6071, 0.2999999999999999334 ) ;
#9365 = DIRECTION ( 'NONE',  ( -1.000000000000000000, 0.000000000000000000, 0.000000000000000000 ) ) ;
#9366 = CARTESIAN_POINT ( 'NONE',  ( -8.800000000000000711, 3.200000000000000178, 12.90000000000000213 ) ) ;
#9367 = SURFACE_STYLE_USAGE ( .BOTH. , #1887 ) ;
#9368 = CARTESIAN_POINT ( 'NONE',  ( -5.605000000000001315, -22.96649999999999991, 15.50000000000000000 ) ) ;
#9369 = DIRECTION ( 'NONE',  ( 0.000000000000000000, 0.000000000000000000, 1.000000000000000000 ) ) ;
#9370 = PRODUCT_DEFINITION_SHAPE ( 'NONE', 'NONE',  #10010 ) ;
#9371 = CARTESIAN_POINT ( 'NONE',  ( 0.000000000000000000, -22.96649999999999991, -0.5000000000000000000 ) ) ;
#9372 = CARTESIAN_POINT ( 'NONE',  ( -6.490000000000000213, -3.313815743959999782, 4.650000000000000355 ) ) ;
#9373 = ORIENTED_EDGE ( 'NONE', *, *, #4018, .F. ) ;
#9374 = VECTOR ( 'NONE', #590, 1000.000000000000000 ) ;
#9375 = EDGE_CURVE ( 'NONE', #4084, #7813, #2741, .T. ) ;
#9376 = DIRECTION ( 'NONE',  ( -0.4775043600801140986, -0.8786293792632253741, -0.000000000000000000 ) ) ;
#9377 = ORIENTED_EDGE ( 'NONE', *, *, #1428, .T. ) ;
#9378 = CARTESIAN_POINT ( 'NONE',  ( 5.699999999999925571, -3.556499999999991779, 4.650000000000000355 ) ) ;
#9379 = FACE_OUTER_BOUND ( 'NONE', #7616, .T. ) ;
#9380 = DIRECTION ( 'NONE',  ( -1.000000000000000000, 0.000000000000000000, 0.000000000000000000 ) ) ;
#9381 = CIRCLE ( 'NONE', #957, 0.9900000000000004352 ) ;
#9382 = STYLED_ITEM ( 'NONE', ( #11976 ), #10481 ) ;
#9383 = ORIENTED_EDGE ( 'NONE', *, *, #2133, .F. ) ;
#9384 = DIRECTION ( 'NONE',  ( -0.000000000000000000, -0.000000000000000000, -1.000000000000000000 ) ) ;
#9385 = SURFACE_SIDE_STYLE ('',( #1762 ) ) ;
#9386 = VECTOR ( 'NONE', #5572, 1000.000000000000000 ) ;
#9387 = FACE_OUTER_BOUND ( 'NONE', #11315, .T. ) ;
#9388 = CARTESIAN_POINT ( 'NONE',  ( -13.50000000000000000, -15.40000000000000213, 13.40886698681000055 ) ) ;
#9389 = LINE ( 'NONE', #11631, #4750 ) ;
#9390 = DIRECTION ( 'NONE',  ( 1.000000000000000000, 0.000000000000000000, -0.000000000000000000 ) ) ;
#9391 = CIRCLE ( 'NONE', #2769, 0.8381999999999998341 ) ;
#9392 = EDGE_CURVE ( 'NONE', #4585, #4420, #11322, .T. ) ;
#9393 = VECTOR ( 'NONE', #13490, 1000.000000000000114 ) ;
#9394 = VECTOR ( 'NONE', #12607, 1000.000000000000000 ) ;
#9395 = ORIENTED_EDGE ( 'NONE', *, *, #4408, .T. ) ;
#9396 = CARTESIAN_POINT ( 'NONE',  ( -6.733679656440248351, 3.589199999999999946, -6.956320343559750263 ) ) ;
#9397 = VECTOR ( 'NONE', #6704, 1000.000000000000000 ) ;
#9398 = AXIS2_PLACEMENT_3D ( 'NONE', #12555, #2033, #3080 ) ;
#9399 = ORIENTED_EDGE ( 'NONE', *, *, #4571, .T. ) ;
#9400 = ORIENTED_EDGE ( 'NONE', *, *, #2661, .T. ) ;
#9401 = DIRECTION ( 'NONE',  ( 0.000000000000000000, 1.000000000000000000, 0.000000000000000000 ) ) ;
#9402 = EDGE_CURVE ( 'NONE', #13720, #13677, #6910, .T. ) ;
#9403 = VERTEX_POINT ( 'NONE', #5794 ) ;
#9404 = VERTEX_POINT ( 'NONE', #10022 ) ;
#9405 = VECTOR ( 'NONE', #10234, 1000.000000000000000 ) ;
#9406 = PLANE ( 'NONE',  #9465 ) ;
#9407 = DIRECTION ( 'NONE',  ( -1.000000000000000000, 0.000000000000000000, 0.000000000000000000 ) ) ;
#9408 = DIRECTION ( 'NONE',  ( 0.7071067811865474617, 0.000000000000000000, 0.7071067811865474617 ) ) ;
#9409 = ORIENTED_EDGE ( 'NONE', *, *, #9587, .T. ) ;
#9410 = CYLINDRICAL_SURFACE ( 'NONE', #7417, 0.2000000000000000944 ) ;
#9411 = VECTOR ( 'NONE', #6659, 1000.000000000000114 ) ;
#9412 = CARTESIAN_POINT ( 'NONE',  ( 9.414999999999999147, -20.17650000000000077, 13.40000000000000036 ) ) ;
#9413 = CARTESIAN_POINT ( 'NONE',  ( 5.605000000000000426, -22.58650000000000091, 4.650000000000000355 ) ) ;
#9414 = EDGE_CURVE ( 'NONE', #10264, #11344, #4826, .T. ) ;
#9415 = AXIS2_PLACEMENT_3D ( 'NONE', #4876, #12121, #6829 ) ;
#9416 = EDGE_CURVE ( 'NONE', #9108, #6792, #13318, .T. ) ;
#9417 = ORIENTED_EDGE ( 'NONE', *, *, #3907, .T. ) ;
#9418 = AXIS2_PLACEMENT_3D ( 'NONE', #2454, #3776, #1416 ) ;
#9419 = DIRECTION ( 'NONE',  ( 0.000000000000000000, -0.000000000000000000, 1.000000000000000000 ) ) ;
#9420 = ADVANCED_FACE ( 'NONE', ( #2526 ), #13238, .F. ) ;
#9421 = ORIENTED_EDGE ( 'NONE', *, *, #3552, .F. ) ;
#9422 = EDGE_LOOP ( 'NONE', ( #10316, #9432, #3294, #27 ) ) ;
#9423 = DIRECTION ( 'NONE',  ( 0.000000000000000000, -0.000000000000000000, 1.000000000000000000 ) ) ;
#9424 = LINE ( 'NONE', #11388, #11617 ) ;
#9425 = CARTESIAN_POINT ( 'NONE',  ( -20.30000000000000071, 0.000000000000000000, -6.500000000000001776 ) ) ;
#9426 = ORIENTED_EDGE ( 'NONE', *, *, #4878, .F. ) ;
#9428 = CIRCLE ( 'NONE', #9863, 0.5000000000000000000 ) ;
#9427 = FILL_AREA_STYLE ('',( #10474 ) ) ;
#9429 = ORIENTED_EDGE ( 'NONE', *, *, #2956, .F. ) ;
#9430 = EDGE_CURVE ( 'NONE', #11106, #4091, #3709, .T. ) ;
#9431 = AXIS2_PLACEMENT_3D ( 'NONE', #12908, #11865, #1441 ) ;
#9432 = ORIENTED_EDGE ( 'NONE', *, *, #12816, .T. ) ;
#9433 = UNCERTAINTY_MEASURE_WITH_UNIT (LENGTH_MEASURE( 1.000000000000000082E-05 ), #733, 'distance_accuracy_value', 'NONE');
#9434 = AXIS2_PLACEMENT_3D ( 'NONE', #4609, #6628, #3775 ) ;
#9435 = EDGE_CURVE ( 'NONE', #4767, #12703, #11147, .T. ) ;
#9436 = VERTEX_POINT ( 'NONE', #11014 ) ;
#9437 = LINE ( 'NONE', #1031, #7220 ) ;
#9438 = ORIENTED_EDGE ( 'NONE', *, *, #12008, .F. ) ;
#9439 = CARTESIAN_POINT ( 'NONE',  ( 5.524999999999999467, -15.34650000000000070, -0.1000000000000001721 ) ) ;
#9440 = FILL_AREA_STYLE ('',( #7247 ) ) ;
#9441 = DIRECTION ( 'NONE',  ( 0.000000000000000000, -1.000000000000000000, 0.000000000000000000 ) ) ;
#9442 =( NAMED_UNIT ( * ) SI_UNIT ( $, .STERADIAN. ) SOLID_ANGLE_UNIT ( ) );
#9443 = AXIS2_PLACEMENT_3D ( 'NONE', #8165, #10375, #13365 ) ;
#9444 = SURFACE_SIDE_STYLE ('',( #3509 ) ) ;
#9445 = DIRECTION ( 'NONE',  ( 0.000000000000000000, 1.000000000000000000, 0.000000000000000000 ) ) ;
#9446 = CARTESIAN_POINT ( 'NONE',  ( -6.522485578728000277, 0.000000000000000000, -12.90000000000000036 ) ) ;
#9447 = EDGE_CURVE ( 'NONE', #6607, #11581, #11222, .T. ) ;
#9448 = CARTESIAN_POINT ( 'NONE',  ( -11.42999999999999972, 3.589199999999999946, 4.325000000000001066 ) ) ;
#9449 = ORIENTED_EDGE ( 'NONE', *, *, #11953, .T. ) ;
#9450 = EDGE_CURVE ( 'NONE', #12625, #8885, #664, .T. ) ;
#9451 = DIRECTION ( 'NONE',  ( 0.000000000000000000, -1.000000000000000000, 0.000000000000000000 ) ) ;
#9452 = ORIENTED_EDGE ( 'NONE', *, *, #7056, .T. ) ;
#9453 = LINE ( 'NONE', #11558, #3096 ) ;
#9454 = LINE ( 'NONE', #10370, #11171 ) ;
#9455 = VECTOR ( 'NONE', #10114, 1000.000000000000000 ) ;
#9456 = DIRECTION ( 'NONE',  ( -0.000000000000000000, -1.000000000000000000, 0.000000000000000000 ) ) ;
#9457 = LINE ( 'NONE', #12022, #11869 ) ;
#9458 = DIRECTION ( 'NONE',  ( -1.000000000000000000, 0.000000000000000000, 0.000000000000000000 ) ) ;
#9459 = CARTESIAN_POINT ( 'NONE',  ( -8.394999999999999574, -22.96649999999999991, 15.50000000000000000 ) ) ;
#9460 = DIRECTION ( 'NONE',  ( 0.000000000000000000, 1.000000000000000000, -0.000000000000000000 ) ) ;
#9461 = ORIENTED_EDGE ( 'NONE', *, *, #4755, .T. ) ;
#9462 = UNCERTAINTY_MEASURE_WITH_UNIT (LENGTH_MEASURE( 1.000000000000000082E-05 ), #81, 'distance_accuracy_value', 'NONE');
#9463 = EDGE_CURVE ( 'NONE', #11785, #2578, #10166, .T. ) ;
#9464 = DIRECTION ( 'NONE',  ( 0.000000000000000000, 1.000000000000000000, 0.000000000000000000 ) ) ;
#9465 = AXIS2_PLACEMENT_3D ( 'NONE', #3097, #7345, #9216 ) ;
#9466 = ORIENTED_EDGE ( 'NONE', *, *, #11936, .F. ) ;
#9467 = PLANE ( 'NONE',  #13173 ) ;
#9468 = ORIENTED_EDGE ( 'NONE', *, *, #11737, .T. ) ;
#9469 = ORIENTED_EDGE ( 'NONE', *, *, #2572, .F. ) ;
#9470 = CARTESIAN_POINT ( 'NONE',  ( 5.730000000000000426, -15.34650000000000070, 4.650000000000000355 ) ) ;
#9471 = ORIENTED_EDGE ( 'NONE', *, *, #10232, .F. ) ;
#9473 = ORIENTED_EDGE ( 'NONE', *, *, #10758, .F. ) ;
#9472 = DIRECTION ( 'NONE',  ( 0.000000000000000000, 0.000000000000000000, 1.000000000000000000 ) ) ;
#9474 = LINE ( 'NONE', #3992, #2584 ) ;
#9475 = CARTESIAN_POINT ( 'NONE',  ( -9.414999999999999147, -21.56650000000000134, 3.509999999999999787 ) ) ;
#9476 = FACE_OUTER_BOUND ( 'NONE', #7280, .T. ) ;
#9477 = ORIENTED_EDGE ( 'NONE', *, *, #12804, .F. ) ;
#9478 = LINE ( 'NONE', #1070, #11635 ) ;
#9479 = CARTESIAN_POINT ( 'NONE',  ( -0.4949999999999999956, -32.20763137712999935, -0.2550000000000000044 ) ) ;
#9480 = DIRECTION ( 'NONE',  ( 1.000000000000000000, 0.000000000000000000, -0.000000000000000000 ) ) ;
#9481 = EDGE_CURVE ( 'NONE', #10586, #3336, #5662, .T. ) ;
#9482 = EDGE_CURVE ( 'NONE', #12925, #2953, #718, .T. ) ;
#9483 = ORIENTED_EDGE ( 'NONE', *, *, #9112, .T. ) ;
#9484 = CARTESIAN_POINT ( 'NONE',  ( 1.274999999999999911, -15.34650000000000070, -3.509999999999999787 ) ) ;
#9485 = ORIENTED_EDGE ( 'NONE', *, *, #9945, .F. ) ;
#9486 = VERTEX_POINT ( 'NONE', #12411 ) ;
#9487 = DIRECTION ( 'NONE',  ( 0.000000000000000000, 1.000000000000000000, 0.000000000000000000 ) ) ;
#9488 = CARTESIAN_POINT ( 'NONE',  ( 1.274999999999999911, -17.33328099044999959, -4.519999999999999574 ) ) ;
#9489 = EDGE_CURVE ( 'NONE', #1203, #4992, #7199, .T. ) ;
#9490 = LINE ( 'NONE', #13740, #13362 ) ;
#9491 = VERTEX_POINT ( 'NONE', #9202 ) ;
#9492 = LINE ( 'NONE', #7296, #3659 ) ;
#9493 = ADVANCED_FACE ( 'NONE', ( #1912 ), #12619, .F. ) ;
#9494 = CARTESIAN_POINT ( 'NONE',  ( -0.4949999999999999956, -31.28604151461000171, 0.5832000000000000517 ) ) ;
#9495 = ORIENTED_EDGE ( 'NONE', *, *, #667, .F. ) ;
#9496 = EDGE_LOOP ( 'NONE', ( #10482, #7167, #7437, #2484 ) ) ;
#9497 = EDGE_CURVE ( 'NONE', #3071, #2311, #6150, .T. ) ;
#9498 = VERTEX_POINT ( 'NONE', #12554 ) ;
#9499 = DIRECTION ( 'NONE',  ( 0.09602825923647448358, 0.9953786080823779914, 0.000000000000000000 ) ) ;
#9500 = ORIENTED_EDGE ( 'NONE', *, *, #13561, .F. ) ;
#9501 = CARTESIAN_POINT ( 'NONE',  ( 5.931689797203000047, -2.286500000000000199, 4.650000000000000355 ) ) ;
#9502 = PLANE ( 'NONE',  #5706 ) ;
#9503 = SURFACE_STYLE_USAGE ( .BOTH. , #1951 ) ;
#9504 = LINE ( 'NONE', #7372, #9793 ) ;
#9505 = CIRCLE ( 'NONE', #5083, 0.2000000000000000944 ) ;
#9506 = DIRECTION ( 'NONE',  ( 1.000000000000000000, 0.000000000000000000, 0.000000000000000000 ) ) ;
#9507 = ADVANCED_FACE ( 'NONE', ( #3021 ), #7331, .T. ) ;
#9508 = CARTESIAN_POINT ( 'NONE',  ( 1.395000000000000018, -23.77649999999999864, -4.320000000000000284 ) ) ;
#9509 = LINE ( 'NONE', #1819, #13747 ) ;
#9510 = VERTEX_POINT ( 'NONE', #10310 ) ;
#9511 = VECTOR ( 'NONE', #3479, 1000.000000000000000 ) ;
#9512 = CIRCLE ( 'NONE', #2879, 1.750000000000001554 ) ;
#9513 = VECTOR ( 'NONE', #4801, 1000.000000000000000 ) ;
#9514 = VECTOR ( 'NONE', #5979, 1000.000000000000000 ) ;
#9515 = DIRECTION ( 'NONE',  ( 0.000000000000000000, 0.000000000000000000, -1.000000000000000000 ) ) ;
#9516 = ORIENTED_EDGE ( 'NONE', *, *, #1551, .T. ) ;
#9517 = EDGE_CURVE ( 'NONE', #7494, #1584, #3331, .T. ) ;
#9518 = CARTESIAN_POINT ( 'NONE',  ( 5.699999999999981526, -3.556499999999997996, -0.1000000000000004080 ) ) ;
#9519 = CARTESIAN_POINT ( 'NONE',  ( 20.00000000000000000, -8.699999999999999289, 15.80886698680999913 ) ) ;
#9520 = DIRECTION ( 'NONE',  ( -0.000000000000000000, 0.000000000000000000, -1.000000000000000000 ) ) ;
#9521 = EDGE_CURVE ( 'NONE', #9436, #459, #5036, .T. ) ;
#9522 = VECTOR ( 'NONE', #12319, 1000.000000000000000 ) ;
#9523 = ADVANCED_FACE ( 'NONE', ( #4184 ), #5097, .F. ) ;
#9524 = CARTESIAN_POINT ( 'NONE',  ( 6.365000000000000213, -22.96649999999999991, 15.50000000000000000 ) ) ;
#9525 = VECTOR ( 'NONE', #10359, 1000.000000000000000 ) ;
#9526 = AXIS2_PLACEMENT_3D ( 'NONE', #7537, #10867, #11844 ) ;
#9527 = EDGE_CURVE ( 'NONE', #4482, #5656, #13579, .T. ) ;
#9528 = FACE_OUTER_BOUND ( 'NONE', #2179, .T. ) ;
#9529 = DIRECTION ( 'NONE',  ( 0.000000000000000000, 0.000000000000000000, 1.000000000000000000 ) ) ;
#9530 = CARTESIAN_POINT ( 'NONE',  ( 0.000000000000000000, 3.589199999999999946, 0.000000000000000000 ) ) ;
#9531 = VERTEX_POINT ( 'NONE', #5166 ) ;
#9532 = UNCERTAINTY_MEASURE_WITH_UNIT (LENGTH_MEASURE( 1.000000000000000082E-05 ), #9185, 'distance_accuracy_value', 'NONE');
#9533 = CARTESIAN_POINT ( 'NONE',  ( 4.584999999999999964, -22.96649999999999991, 3.509999999999999787 ) ) ;
#9534 = VECTOR ( 'NONE', #13511, 1000.000000000000000 ) ;
#9535 = EDGE_LOOP ( 'NONE', ( #2056, #4266, #13409, #11242, #7442, #7709 ) ) ;
#9536 = FACE_OUTER_BOUND ( 'NONE', #8662, .T. ) ;
#9537 = ORIENTED_EDGE ( 'NONE', *, *, #1733, .F. ) ;
#9538 = ORIENTED_EDGE ( 'NONE', *, *, #6655, .F. ) ;
#9539 = LINE ( 'NONE', #10717, #2518 ) ;
#9540 = VERTEX_POINT ( 'NONE', #9388 ) ;
#9542 = VERTEX_POINT ( 'NONE', #4118 ) ;
#9541 = PLANE ( 'NONE',  #740 ) ;
#9543 = DIRECTION ( 'NONE',  ( 1.000000000000000000, -0.000000000000000000, 0.000000000000000000 ) ) ;
#9544 = CARTESIAN_POINT ( 'NONE',  ( 7.000000000000000000, -21.56650000000000134, 3.840000000000000302 ) ) ;
#9545 = CARTESIAN_POINT ( 'NONE',  ( 8.359999999999999432, 3.200000000000000178, -2.307611844574999793 ) ) ;
#9546 = EDGE_LOOP ( 'NONE', ( #2215, #10242, #13397, #13614 ) ) ;
#9547 = PLANE ( 'NONE',  #13191 ) ;
#9548 = LINE ( 'NONE', #3241, #13752 ) ;
#9549 = VECTOR ( 'NONE', #13633, 1000.000000000000000 ) ;
#9550 = DIRECTION ( 'NONE',  ( 0.000000000000000000, 0.000000000000000000, 1.000000000000000000 ) ) ;
#9551 = COLOUR_RGB ( '',1.000000000000000000, 1.000000000000000000, 1.000000000000000000 ) ;
#9552 = VERTEX_POINT ( 'NONE', #2032 ) ;
#9553 = ORIENTED_EDGE ( 'NONE', *, *, #3208, .F. ) ;
#9554 = ORIENTED_EDGE ( 'NONE', *, *, #5455, .F. ) ;
#9555 = DIRECTION ( 'NONE',  ( 1.000000000000000000, 0.000000000000000000, -0.000000000000000000 ) ) ;
#9556 = DIRECTION ( 'NONE',  ( -0.000000000000000000, -1.000000000000000000, -0.000000000000000000 ) ) ;
#9557 = LINE ( 'NONE', #8659, #12039 ) ;
#9558 = EDGE_LOOP ( 'NONE', ( #10239, #7686, #3594, #12398, #13662 ) ) ;
#9559 = DIRECTION ( 'NONE',  ( 0.000000000000000000, 0.000000000000000000, -1.000000000000000000 ) ) ;
#9560 = EDGE_CURVE ( 'NONE', #167, #4420, #6275, .T. ) ;
#9561 = FILL_AREA_STYLE ('',( #6316 ) ) ;
#9562 = ORIENTED_EDGE ( 'NONE', *, *, #8218, .F. ) ;
#9563 = ORIENTED_EDGE ( 'NONE', *, *, #1015, .F. ) ;
#9564 = EDGE_CURVE ( 'NONE', #8787, #1357, #5239, .T. ) ;
#9565 = ORIENTED_EDGE ( 'NONE', *, *, #8511, .T. ) ;
#9566 = CARTESIAN_POINT ( 'NONE',  ( -1.395000000000000018, -22.58650000000000091, 1.320000000000000062 ) ) ;
#9567 = AXIS2_PLACEMENT_3D ( 'NONE', #5961, #11178, #11252 ) ;
#9568 = ORIENTED_EDGE ( 'NONE', *, *, #8637, .F. ) ;
#9569 = CARTESIAN_POINT ( 'NONE',  ( -1.395000000000000018, -22.96649999999999991, 4.968215904175184328 ) ) ;
#9570 = CYLINDRICAL_SURFACE ( 'NONE', #2156, 0.2000000000000000944 ) ;
#9571 = DIRECTION ( 'NONE',  ( 0.000000000000000000, 0.000000000000000000, 1.000000000000000000 ) ) ;
#9572 = DIRECTION ( 'NONE',  ( 1.000000000000000000, 0.000000000000000000, 0.000000000000000000 ) ) ;
#9573 = EDGE_CURVE ( 'NONE', #7098, #12836, #11764, .T. ) ;
#9574 = LINE ( 'NONE', #13508, #7023 ) ;
#9575 = DIRECTION ( 'NONE',  ( -1.000000000000000000, 0.000000000000000000, 0.000000000000000000 ) ) ;
#9576 = CARTESIAN_POINT ( 'NONE',  ( -10.36500000000000021, -21.56650000000000134, 3.509999999999999787 ) ) ;
#9577 = DIRECTION ( 'NONE',  ( 0.000000000000000000, -0.000000000000000000, 1.000000000000000000 ) ) ;
#9578 = VECTOR ( 'NONE', #8162, 1000.000000000000000 ) ;
#9579 = ORIENTED_EDGE ( 'NONE', *, *, #4755, .F. ) ;
#9580 = VECTOR ( 'NONE', #9334, 1000.000000000000000 ) ;
#9581 = DIRECTION ( 'NONE',  ( 8.761229676650537455E-16, 0.000000000000000000, 1.000000000000000000 ) ) ;
#9582 = ORIENTED_EDGE ( 'NONE', *, *, #4464, .F. ) ;
#9583 = ORIENTED_EDGE ( 'NONE', *, *, #2685, .F. ) ;
#9584 = CARTESIAN_POINT ( 'NONE',  ( -20.30000000000000071, 0.000000000000000000, -6.500000000000000888 ) ) ;
#9585 = CARTESIAN_POINT ( 'NONE',  ( -2.415000000000000036, -22.96649999999999991, 0.5000000000000002220 ) ) ;
#9586 = DIRECTION ( 'NONE',  ( -0.000000000000000000, -0.000000000000000000, 1.000000000000000000 ) ) ;
#9587 = EDGE_CURVE ( 'NONE', #10759, #4260, #7660, .T. ) ;
#9588 = AXIS2_PLACEMENT_3D ( 'NONE', #9936, #13147, #1328 ) ;
#9589 = DIRECTION ( 'NONE',  ( 0.000000000000000000, 0.000000000000000000, -1.000000000000000000 ) ) ;
#9590 = VECTOR ( 'NONE', #3944, 1000.000000000000000 ) ;
#9591 = DIRECTION ( 'NONE',  ( 1.000000000000000000, -0.000000000000000000, 0.000000000000000000 ) ) ;
#9592 = CARTESIAN_POINT ( 'NONE',  ( 2.285000000000000142, -17.94999999999999929, 0.000000000000000000 ) ) ;
#9593 = ORIENTED_EDGE ( 'NONE', *, *, #10137, .T. ) ;
#9594 = EDGE_CURVE ( 'NONE', #4344, #4977, #11630, .T. ) ;
#9595 = VECTOR ( 'NONE', #12599, 1000.000000000000000 ) ;
#9596 = EDGE_CURVE ( 'NONE', #5070, #6886, #3282, .T. ) ;
#9597 = EDGE_LOOP ( 'NONE', ( #11005, #11230, #11682, #12261, #637, #9657 ) ) ;
#9598 = CIRCLE ( 'NONE', #10048, 3.000000000000000000 ) ;
#9599 = EDGE_CURVE ( 'NONE', #11194, #6641, #212, .T. ) ;
#9600 = ORIENTED_EDGE ( 'NONE', *, *, #8318, .T. ) ;
#9601 = DIRECTION ( 'NONE',  ( 1.000000000000000000, 0.000000000000000000, 0.000000000000000000 ) ) ;
#9602 = VECTOR ( 'NONE', #2080, 1000.000000000000000 ) ;
#9603 = EDGE_LOOP ( 'NONE', ( #10430, #12220, #378, #9801, #5701, #11382, #7903, #4769, #7824, #3055, #9579, #5091, #10785, #10397, #6031, #5631 ) ) ;
#9605 = ORIENTED_EDGE ( 'NONE', *, *, #3377, .T. ) ;
#9604 =( NAMED_UNIT ( * ) PLANE_ANGLE_UNIT ( ) SI_UNIT ( $, .RADIAN. ) );
#9606 = DIRECTION ( 'NONE',  ( 0.000000000000000000, 0.000000000000000000, -1.000000000000000000 ) ) ;
#9607 = FILL_AREA_STYLE ('',( #12828 ) ) ;
#9608 = LINE ( 'NONE', #11718, #6988 ) ;
#9609 = VERTEX_POINT ( 'NONE', #6615 ) ;
#9610 = CARTESIAN_POINT ( 'NONE',  ( -3.850000000000000089, -21.56650000000000134, 3.840000000000000302 ) ) ;
#9611 = EDGE_CURVE ( 'NONE', #11174, #4752, #2234, .T. ) ;
#9612 = VECTOR ( 'NONE', #10566, 1000.000000000000000 ) ;
#9613 = VECTOR ( 'NONE', #6692, 1000.000000000000000 ) ;
#9614 = FACE_OUTER_BOUND ( 'NONE', #11910, .T. ) ;
#9615 = ADVANCED_FACE ( 'NONE', ( #5433 ), #5293, .T. ) ;
#9616 =( GEOMETRIC_REPRESENTATION_CONTEXT ( 3 ) GLOBAL_UNCERTAINTY_ASSIGNED_CONTEXT ( ( #73 ) ) GLOBAL_UNIT_ASSIGNED_CONTEXT ( ( #4645, #8814, #10980 ) ) REPRESENTATION_CONTEXT ( 'NONE', 'WORKASPACE' ) );
#9617 = EDGE_CURVE ( 'NONE', #4738, #10692, #2303, .T. ) ;
#9618 = ORIENTED_EDGE ( 'NONE', *, *, #9836, .T. ) ;
#9620 = CARTESIAN_POINT ( 'NONE',  ( -3.850000000000000089, -22.58650000000000091, 4.650000000000000355 ) ) ;
#9619 = VECTOR ( 'NONE', #10131, 1000.000000000000000 ) ;
#9621 = ORIENTED_EDGE ( 'NONE', *, *, #13029, .F. ) ;
#9622 = VECTOR ( 'NONE', #4507, 1000.000000000000000 ) ;
#9623 = ORIENTED_EDGE ( 'NONE', *, *, #12484, .F. ) ;
#9624 = PLANE ( 'NONE',  #4810 ) ;
#9625 = DIRECTION ( 'NONE',  ( 0.000000000000000000, 0.000000000000000000, -1.000000000000000000 ) ) ;
#9626 = CIRCLE ( 'NONE', #8966, 1.750000000000001554 ) ;
#9627 = CARTESIAN_POINT ( 'NONE',  ( -3.850000000000000533, -22.58649999999999736, 4.650000000000000355 ) ) ;
#9628 = ORIENTED_EDGE ( 'NONE', *, *, #7251, .T. ) ;
#9629 = EDGE_CURVE ( 'NONE', #4202, #8863, #1190, .T. ) ;
#9630 = CARTESIAN_POINT ( 'NONE',  ( -0.6350000000000000089, -23.77649999999999864, 15.74000000000000021 ) ) ;
#9631 = PLANE ( 'NONE',  #34 ) ;
#9632 = ORIENTED_EDGE ( 'NONE', *, *, #7499, .F. ) ;
#9633 = CIRCLE ( 'NONE', #11437, 4.899999999999999467 ) ;
#9634 = ORIENTED_EDGE ( 'NONE', *, *, #2713, .F. ) ;
#9635 = EDGE_CURVE ( 'NONE', #10523, #5951, #4447, .T. ) ;
#9636 = VECTOR ( 'NONE', #8294, 1000.000000000000000 ) ;
#9637 = VERTEX_POINT ( 'NONE', #4321 ) ;
#9638 = LINE ( 'NONE', #4226, #2989 ) ;
#9639 = ORIENTED_EDGE ( 'NONE', *, *, #12617, .F. ) ;
#9640 = AXIS2_PLACEMENT_3D ( 'NONE', #8151, #4167, #4099 ) ;
#9641 = PLANE ( 'NONE',  #7197 ) ;
#9642 = CARTESIAN_POINT ( 'NONE',  ( -1.780000000000000027, -2.673278531664999846, -4.320000000000000284 ) ) ;
#9643 = LINE ( 'NONE', #2413, #301 ) ;
#9644 = CARTESIAN_POINT ( 'NONE',  ( 3.850000000000000089, -21.56650000000000134, 3.840000000000000302 ) ) ;
#9645 = ORIENTED_EDGE ( 'NONE', *, *, #13762, .T. ) ;
#9646 = PRESENTATION_STYLE_ASSIGNMENT (( #258 ) ) ;
#9647 = EDGE_CURVE ( 'NONE', #4793, #11373, #6406, .T. ) ;
#9648 = DIRECTION ( 'NONE',  ( -0.000000000000000000, -1.000000000000000000, -0.000000000000000000 ) ) ;
#9649 = ORIENTED_EDGE ( 'NONE', *, *, #7335, .T. ) ;
#9650 = AXIS2_PLACEMENT_3D ( 'NONE', #6225, #2897, #10453 ) ;
#9651 = DIRECTION ( 'NONE',  ( 0.000000000000000000, 0.000000000000000000, -1.000000000000000000 ) ) ;
#9652 = LINE ( 'NONE', #12801, #7969 ) ;
#9653 = EDGE_LOOP ( 'NONE', ( #12469, #6660, #6804, #8241, #6602, #9865 ) ) ;
#9654 = EDGE_CURVE ( 'NONE', #1500, #999, #11827, .T. ) ;
#9655 = CARTESIAN_POINT ( 'NONE',  ( 0.000000000000000000, -22.96649999999999991, 7.519999999999999574 ) ) ;
#9656 = CIRCLE ( 'NONE', #566, 0.9899999999999999911 ) ;
#9657 = ORIENTED_EDGE ( 'NONE', *, *, #5249, .T. ) ;
#9658 = ORIENTED_EDGE ( 'NONE', *, *, #4174, .F. ) ;
#9659 = CARTESIAN_POINT ( 'NONE',  ( -10.15000000000000036, -21.56650000000000134, 4.650000000000000355 ) ) ;
#9660 = CARTESIAN_POINT ( 'NONE',  ( -18.25000000000000000, -8.699999999999999289, 13.40886698681000055 ) ) ;
#9661 = PLANE ( 'NONE',  #13383 ) ;
#9662 = DIRECTION ( 'NONE',  ( 1.000000000000000000, 0.000000000000000000, 0.000000000000000000 ) ) ;
#9663 = EDGE_CURVE ( 'NONE', #2704, #11695, #1332, .T. ) ;
#9664 = SURFACE_STYLE_FILL_AREA ( #5432 ) ;
#9665 = CARTESIAN_POINT ( 'NONE',  ( 0.000000000000000000, 0.000000000000000000, 14.30000000000000071 ) ) ;
#9666 = CARTESIAN_POINT ( 'NONE',  ( 10.80380592228999959, -15.22000000000000952, -9.056194077713001889 ) ) ;
#9667 = EDGE_CURVE ( 'NONE', #9542, #8442, #4660, .T. ) ;
#9668 = ORIENTED_EDGE ( 'NONE', *, *, #8630, .T. ) ;
#9669 = CARTESIAN_POINT ( 'NONE',  ( -0.6350000000000001199, -22.96649999999999991, 15.74000000000000021 ) ) ;
#9670 = ORIENTED_EDGE ( 'NONE', *, *, #1012, .T. ) ;
#9671 = VECTOR ( 'NONE', #9348, 1000.000000000000000 ) ;
#9672 = PLANE ( 'NONE',  #12294 ) ;
#9673 = DIRECTION ( 'NONE',  ( 1.000000000000000000, 0.000000000000000000, 0.000000000000000000 ) ) ;
#9674 = LINE ( 'NONE', #11771, #960 ) ;
#9675 = VERTEX_POINT ( 'NONE', #12878 ) ;
#9677 = ORIENTED_EDGE ( 'NONE', *, *, #8913, .F. ) ;
#9676 = CARTESIAN_POINT ( 'NONE',  ( 5.605000000000000426, -22.58650000000000091, 4.650000000000000355 ) ) ;
#9678 = FACE_OUTER_BOUND ( 'NONE', #2895, .T. ) ;
#9679 = CARTESIAN_POINT ( 'NONE',  ( 4.714999999999999858, -13.31649999999999956, 3.629999999999999893 ) ) ;
#9680 = CARTESIAN_POINT ( 'NONE',  ( -15.94999999999999929, -2.399999999999999467, 13.40000000000000036 ) ) ;
#9681 = SURFACE_STYLE_USAGE ( .BOTH. , #8781 ) ;
#9682 = FACE_OUTER_BOUND ( 'NONE', #9351, .T. ) ;
#9683 = EDGE_CURVE ( 'NONE', #6162, #10276, #9796, .T. ) ;
#9684 = VECTOR ( 'NONE', #1207, 1000.000000000000000 ) ;
#9685 = LINE ( 'NONE', #2605, #9397 ) ;
#9686 = EDGE_LOOP ( 'NONE', ( #7033, #4314, #5465, #10751 ) ) ;
#9687 = ORIENTED_EDGE ( 'NONE', *, *, #1535, .T. ) ;
#9688 = FILL_AREA_STYLE ('',( #11663 ) ) ;
#9689 = EDGE_LOOP ( 'NONE', ( #144, #9516, #2121, #7488 ) ) ;
#9690 = ORIENTED_EDGE ( 'NONE', *, *, #6690, .T. ) ;
#9691 = EDGE_CURVE ( 'NONE', #2842, #1236, #282, .T. ) ;
#9692 = DIRECTION ( 'NONE',  ( 1.000000000000000000, -0.000000000000000000, 0.000000000000000000 ) ) ;
#9693 = CARTESIAN_POINT ( 'NONE',  ( -14.85999999999999943, -15.22000000000000242, -2.307611844574999793 ) ) ;
#9694 = FACE_OUTER_BOUND ( 'NONE', #13549, .T. ) ;
#9695 = ORIENTED_EDGE ( 'NONE', *, *, #8264, .F. ) ;
#9696 = ADVANCED_FACE ( 'NONE', ( #8489 ), #4522, .F. ) ;
#9697 = DIRECTION ( 'NONE',  ( 0.000000000000000000, 0.000000000000000000, 1.000000000000000000 ) ) ;
#9699 = EDGE_LOOP ( 'NONE', ( #10472, #6314, #187, #9229 ) ) ;
#9698 = EDGE_CURVE ( 'NONE', #5808, #11798, #3219, .T. ) ;
#9700 = EDGE_LOOP ( 'NONE', ( #12633, #11800, #7843, #4835 ) ) ;
#9701 = ORIENTED_EDGE ( 'NONE', *, *, #8436, .T. ) ;
#9702 = CARTESIAN_POINT ( 'NONE',  ( 1.475000000000000089, -19.40650000000000119, -4.519999999999999574 ) ) ;
#9703 = ORIENTED_EDGE ( 'NONE', *, *, #11669, .F. ) ;
#9704 = DIRECTION ( 'NONE',  ( 0.000000000000000000, 0.000000000000000000, 1.000000000000000000 ) ) ;
#9705 = SURFACE_STYLE_FILL_AREA ( #1164 ) ;
#9706 = CARTESIAN_POINT ( 'NONE',  ( -0.4949999999999999956, -32.60964151460999716, -1.093199999999999950 ) ) ;
#9707 = FACE_OUTER_BOUND ( 'NONE', #3487, .T. ) ;
#9708 = ORIENTED_EDGE ( 'NONE', *, *, #10095, .T. ) ;
#9709 = CARTESIAN_POINT ( 'NONE',  ( -2.415000000000000036, -21.56650000000000134, -4.320000000000000284 ) ) ;
#9710 = CARTESIAN_POINT ( 'NONE',  ( 24.90000000000000213, 0.000000000000000000, -3.000384657911015863E-16 ) ) ;
#9711 =( NAMED_UNIT ( * ) PLANE_ANGLE_UNIT ( ) SI_UNIT ( $, .RADIAN. ) );
#9712 = ORIENTED_EDGE ( 'NONE', *, *, #1692, .F. ) ;
#9713 = DIRECTION ( 'NONE',  ( 0.8786293792632253741, -0.4775043600801140986, 0.000000000000000000 ) ) ;
#9714 = DIRECTION ( 'NONE',  ( -0.000000000000000000, 1.000000000000000000, 0.000000000000000000 ) ) ;
#9715 = VERTEX_POINT ( 'NONE', #6349 ) ;
#9716 =( GEOMETRIC_REPRESENTATION_CONTEXT ( 3 ) GLOBAL_UNCERTAINTY_ASSIGNED_CONTEXT ( ( #1055 ) ) GLOBAL_UNIT_ASSIGNED_CONTEXT ( ( #5243, #13581, #2171 ) ) REPRESENTATION_CONTEXT ( 'NONE', 'WORKASPACE' ) );
#9717 = DIRECTION ( 'NONE',  ( 0.000000000000000000, -0.000000000000000000, 1.000000000000000000 ) ) ;
#9718 = ORIENTED_EDGE ( 'NONE', *, *, #699, .T. ) ;
#9719 = VERTEX_POINT ( 'NONE', #10006 ) ;
#9720 = CARTESIAN_POINT ( 'NONE',  ( 1.294999999999999929, -17.37650000000000006, -3.509999999999999787 ) ) ;
#9721 = DIRECTION ( 'NONE',  ( 0.000000000000000000, -1.000000000000000000, -0.000000000000000000 ) ) ;
#9722 = DIRECTION ( 'NONE',  ( 0.000000000000000000, 0.000000000000000000, 1.000000000000000000 ) ) ;
#9723 = PLANE ( 'NONE',  #9300 ) ;
#9724 = CARTESIAN_POINT ( 'NONE',  ( -20.00000000000000000, -8.699999999999999289, 15.80886698680999913 ) ) ;
#9725 = DIRECTION ( 'NONE',  ( 0.8786293792632253741, 0.4775043600801140986, 0.000000000000000000 ) ) ;
#9726 = CARTESIAN_POINT ( 'NONE',  ( 0.000000000000000000, -13.31649999999999956, -4.320000000000000284 ) ) ;
#9727 = EDGE_LOOP ( 'NONE', ( #13389, #685, #5622, #12663 ) ) ;
#9728 = VECTOR ( 'NONE', #1969, 1000.000000000000000 ) ;
#9729 = ADVANCED_FACE ( 'NONE', ( #7790 ), #3614, .F. ) ;
#9730 = AXIS2_PLACEMENT_3D ( 'NONE', #264, #3393, #2158 ) ;
#9731 = CARTESIAN_POINT ( 'NONE',  ( 9.414999999999999147, -12.04650000000000176, 4.500000000000000888 ) ) ;
#9732 = AXIS2_PLACEMENT_3D ( 'NONE', #12255, #5853, #12402 ) ;
#9733 = VECTOR ( 'NONE', #2626, 1000.000000000000000 ) ;
#9734 = EDGE_CURVE ( 'NONE', #10956, #13267, #6685, .T. ) ;
#9735 = VERTEX_POINT ( 'NONE', #3482 ) ;
#9736 = FACE_OUTER_BOUND ( 'NONE', #8140, .T. ) ;
#9737 = CIRCLE ( 'NONE', #6654, 3.200000000000001510 ) ;
#9738 = CARTESIAN_POINT ( 'NONE',  ( 4.714999999999999858, -17.37650000000000006, 4.650000000000000355 ) ) ;
#9739 = DIRECTION ( 'NONE',  ( -1.000000000000000000, -0.000000000000000000, -0.000000000000000000 ) ) ;
#9741 = VERTEX_POINT ( 'NONE', #13153 ) ;
#9740 = LINE ( 'NONE', #222, #4251 ) ;
#9742 = CARTESIAN_POINT ( 'NONE',  ( -2.284999999999999698, -19.40650000000000119, -4.500000000000000888 ) ) ;
#9743 = PRESENTATION_STYLE_ASSIGNMENT (( #6362 ) ) ;
#9744 = DIRECTION ( 'NONE',  ( 0.000000000000000000, -0.000000000000000000, 1.000000000000000000 ) ) ;
#9745 = EDGE_CURVE ( 'NONE', #5421, #8957, #12041, .T. ) ;
#9746 = DIRECTION ( 'NONE',  ( 0.000000000000000000, 1.000000000000000000, 0.000000000000000000 ) ) ;
#9747 = DIRECTION ( 'NONE',  ( -0.000000000000000000, 0.000000000000000000, -1.000000000000000000 ) ) ;
#9748 = LINE ( 'NONE', #1211, #12744 ) ;
#9749 = DIRECTION ( 'NONE',  ( 0.000000000000000000, -0.000000000000000000, -1.000000000000000000 ) ) ;
#9750 = VECTOR ( 'NONE', #3635, 1000.000000000000000 ) ;
#9751 = ORIENTED_EDGE ( 'NONE', *, *, #4784, .T. ) ;
#9752 = ORIENTED_EDGE ( 'NONE', *, *, #10232, .T. ) ;
#9753 = LINE ( 'NONE', #9620, #9178 ) ;
#9754 = EDGE_LOOP ( 'NONE', ( #8389, #10408, #9605, #4030, #8601, #447, #4866, #2072 ) ) ;
#9755 = ADVANCED_FACE ( 'NONE', ( #7723 ), #2507, .T. ) ;
#9756 = ORIENTED_EDGE ( 'NONE', *, *, #516, .F. ) ;
#9757 = CARTESIAN_POINT ( 'NONE',  ( 4.584999999999999964, -22.58650000000000091, 4.650000000000000355 ) ) ;
#9758 = DIRECTION ( 'NONE',  ( 0.000000000000000000, 0.000000000000000000, 1.000000000000000000 ) ) ;
#9759 = VECTOR ( 'NONE', #4662, 1000.000000000000000 ) ;
#9760 = FACE_BOUND ( 'NONE', #72, .T. ) ;
#9761 = ORIENTED_EDGE ( 'NONE', *, *, #3767, .T. ) ;
#9762 = PLANE ( 'NONE',  #3318 ) ;
#9763 = LINE ( 'NONE', #2268, #1678 ) ;
#9764 = VERTEX_POINT ( 'NONE', #7862 ) ;
#9765 = VERTEX_POINT ( 'NONE', #10998 ) ;
#9766 = ADVANCED_FACE ( 'NONE', ( #5644 ), #12250, .T. ) ;
#9767 = VECTOR ( 'NONE', #11120, 1000.000000000000000 ) ;
#9768 = ORIENTED_EDGE ( 'NONE', *, *, #5941, .F. ) ;
#9769 = DIRECTION ( 'NONE',  ( -0.000000000000000000, 0.000000000000000000, 1.000000000000000000 ) ) ;
#9770 = EDGE_CURVE ( 'NONE', #13031, #6303, #2440, .T. ) ;
#9771 = VERTEX_POINT ( 'NONE', #2654 ) ;
#9772 = CARTESIAN_POINT ( 'NONE',  ( -9.414999999999999147, -20.17650000000000077, 7.519999999999998685 ) ) ;
#9773 = SURFACE_SIDE_STYLE ('',( #9705 ) ) ;
#9774 = DIRECTION ( 'NONE',  ( 0.000000000000000000, 0.000000000000000000, 1.000000000000000000 ) ) ;
#9775 = CYLINDRICAL_SURFACE ( 'NONE', #24, 0.9899999999999995470 ) ;
#9776 = ORIENTED_EDGE ( 'NONE', *, *, #8530, .T. ) ;
#9777 = VERTEX_POINT ( 'NONE', #358 ) ;
#9778 = DIRECTION ( 'NONE',  ( 1.000000000000000000, -0.000000000000000000, 0.000000000000000000 ) ) ;
#9779 = LINE ( 'NONE', #12922, #1212 ) ;
#9780 = DIRECTION ( 'NONE',  ( -1.000000000000000000, -0.000000000000000000, 0.000000000000000000 ) ) ;
#9781 = EDGE_LOOP ( 'NONE', ( #2970, #1706, #8271, #9027 ) ) ;
#9782 = CARTESIAN_POINT ( 'NONE',  ( -5.647522111928145350, -12.04650000000001597, 4.650000000000000355 ) ) ;
#9783 = FACE_OUTER_BOUND ( 'NONE', #1508, .T. ) ;
#9784 = ORIENTED_EDGE ( 'NONE', *, *, #1028, .T. ) ;
#9785 = EDGE_CURVE ( 'NONE', #4260, #6733, #12223, .T. ) ;
#9786 = DIRECTION ( 'NONE',  ( -1.000000000000000000, -0.000000000000000000, 0.000000000000000000 ) ) ;
#9787 = EDGE_LOOP ( 'NONE', ( #7814, #7230, #1537, #11395, #6564, #9020 ) ) ;
#9788 = VERTEX_POINT ( 'NONE', #6830 ) ;
#9789 = CARTESIAN_POINT ( 'NONE',  ( 16.80000000000000071, 0.000000000000000000, 4.900000000000000355 ) ) ;
#9790 = LINE ( 'NONE', #10701, #1861 ) ;
#9791 = CARTESIAN_POINT ( 'NONE',  ( -4.612359312880999873, 3.589199999999999946, -4.834999999999999964 ) ) ;
#9792 = CARTESIAN_POINT ( 'NONE',  ( -8.352477888071929257, -12.04650000000000887, 3.629999999999999449 ) ) ;
#9793 = VECTOR ( 'NONE', #839, 1000.000000000000000 ) ;
#9794 = CARTESIAN_POINT ( 'NONE',  ( 10.15000000000000036, -22.58650000000000091, 4.650000000000000355 ) ) ;
#9795 = EDGE_CURVE ( 'NONE', #8815, #7697, #8893, .T. ) ;
#9796 = LINE ( 'NONE', #1121, #2675 ) ;
#9797 = DIRECTION ( 'NONE',  ( 0.000000000000000000, -1.000000000000000000, -0.000000000000000000 ) ) ;
#9798 = ORIENTED_EDGE ( 'NONE', *, *, #10052, .T. ) ;
#9799 = DIRECTION ( 'NONE',  ( 0.000000000000000000, -0.000000000000000000, 1.000000000000000000 ) ) ;
#9800 = AXIS2_PLACEMENT_3D ( 'NONE', #6840, #4886, #9124 ) ;
#9801 = ORIENTED_EDGE ( 'NONE', *, *, #7139, .F. ) ;
#9802 = CARTESIAN_POINT ( 'NONE',  ( -1.473997487421322417, -17.37650000000000006, -4.499999999999984901 ) ) ;
#9803 = CIRCLE ( 'NONE', #7812, 1.750000000000000000 ) ;
#9804 = LINE ( 'NONE', #8635, #5066 ) ;
#9805 = LINE ( 'NONE', #8774, #9819 ) ;
#9807 = EDGE_LOOP ( 'NONE', ( #7208, #9901, #1721, #12911, #4843, #9211 ) ) ;
#9806 =( NAMED_UNIT ( * ) PLANE_ANGLE_UNIT ( ) SI_UNIT ( $, .RADIAN. ) );
#9808 = DIRECTION ( 'NONE',  ( 0.000000000000000000, -0.000000000000000000, -1.000000000000000000 ) ) ;
#9809 = CARTESIAN_POINT ( 'NONE',  ( -0.4949999999999999956, -23.77649999999999864, -1.655000000000000027 ) ) ;
#9810 = DIRECTION ( 'NONE',  ( -1.000000000000000000, -0.000000000000000000, 0.000000000000000000 ) ) ;
#9811 = CARTESIAN_POINT ( 'NONE',  ( -9.414999999999999147, -2.337200000000000166, 4.500000000000000888 ) ) ;
#9812 = CARTESIAN_POINT ( 'NONE',  ( 5.181072524102905419, -13.31650000000000134, 4.500000000000000888 ) ) ;
#9813 = ADVANCED_FACE ( 'NONE', ( #11064 ), #13082, .F. ) ;
#9814 = PRESENTATION_STYLE_ASSIGNMENT (( #11919 ) ) ;
#9815 = VECTOR ( 'NONE', #5356, 1000.000000000000000 ) ;
#9816 = CARTESIAN_POINT ( 'NONE',  ( 1.320799999999999974, -2.337200000000000166, -4.500000000000000888 ) ) ;
#9817 = VECTOR ( 'NONE', #5194, 1000.000000000000000 ) ;
#9818 = AXIS2_PLACEMENT_3D ( 'NONE', #6503, #8589, #1225 ) ;
#9819 = VECTOR ( 'NONE', #11335, 1000.000000000000000 ) ;
#9820 = EDGE_CURVE ( 'NONE', #5761, #7211, #8968, .T. ) ;
#9821 = VERTEX_POINT ( 'NONE', #7934 ) ;
#9822 = ORIENTED_EDGE ( 'NONE', *, *, #391, .F. ) ;
#9823 = ORIENTED_EDGE ( 'NONE', *, *, #5115, .F. ) ;
#9824 = VECTOR ( 'NONE', #6563, 1000.000000000000000 ) ;
#9825 = ORIENTED_EDGE ( 'NONE', *, *, #4178, .T. ) ;
#9826 = CARTESIAN_POINT ( 'NONE',  ( 5.605000000000000426, -22.58650000000000091, 3.840000000000000302 ) ) ;
#9827 = CARTESIAN_POINT ( 'NONE',  ( -20.00000000000000000, -8.699999999999999289, 15.80886698680999913 ) ) ;
#9828 = DIRECTION ( 'NONE',  ( 0.000000000000000000, -0.000000000000000000, -1.000000000000000000 ) ) ;
#9829 = ORIENTED_EDGE ( 'NONE', *, *, #11723, .F. ) ;
#9830 = VECTOR ( 'NONE', #11698, 1000.000000000000000 ) ;
#9831 = CARTESIAN_POINT ( 'NONE',  ( 1.274999999999999911, -16.36152659300000067, -3.310000000000000053 ) ) ;
#9832 = AXIS2_PLACEMENT_3D ( 'NONE', #6558, #10787, #5652 ) ;
#9833 = EDGE_CURVE ( 'NONE', #7813, #11091, #12186, .T. ) ;
#9834 = AXIS2_PLACEMENT_3D ( 'NONE', #12389, #2517, #11008 ) ;
#9835 = ORIENTED_EDGE ( 'NONE', *, *, #8927, .F. ) ;
#9836 = EDGE_CURVE ( 'NONE', #12240, #11664, #1605, .T. ) ;
#9837 = ORIENTED_EDGE ( 'NONE', *, *, #10720, .F. ) ;
#9838 = VECTOR ( 'NONE', #6388, 1000.000000000000000 ) ;
#9839 = EDGE_CURVE ( 'NONE', #12080, #10524, #562, .T. ) ;
#9840 = VECTOR ( 'NONE', #9376, 1000.000000000000000 ) ;
#9841 = VECTOR ( 'NONE', #2295, 1000.000000000000000 ) ;
#9842 = ORIENTED_EDGE ( 'NONE', *, *, #2186, .T. ) ;
#9843 = PLANE ( 'NONE',  #4528 ) ;
#9844 = VECTOR ( 'NONE', #213, 1000.000000000000000 ) ;
#9845 = ORIENTED_EDGE ( 'NONE', *, *, #12112, .F. ) ;
#9846 = DIRECTION ( 'NONE',  ( 0.000000000000000000, 0.000000000000000000, -1.000000000000000000 ) ) ;
#9847 = CARTESIAN_POINT ( 'NONE',  ( -4.584999999999999964, -17.37650000000000006, 4.650000000000000355 ) ) ;
#9848 = DIRECTION ( 'NONE',  ( 0.000000000000000000, 0.000000000000000000, 1.000000000000000000 ) ) ;
#9849 = DIRECTION ( 'NONE',  ( 0.000000000000000000, -0.000000000000000000, 1.000000000000000000 ) ) ;
#9850 = EDGE_LOOP ( 'NONE', ( #5682, #12050, #9670, #11461 ) ) ;
#9851 = ORIENTED_EDGE ( 'NONE', *, *, #7826, .F. ) ;
#9852 = CARTESIAN_POINT ( 'NONE',  ( -8.474999999999999645, -19.40650000000000119, 7.189999999999999503 ) ) ;
#9854 = VECTOR ( 'NONE', #4117, 1000.000000000000000 ) ;
#9853 = DIRECTION ( 'NONE',  ( -0.000000000000000000, -0.000000000000000000, -1.000000000000000000 ) ) ;
#9855 = CARTESIAN_POINT ( 'NONE',  ( 10.15000000000000036, -22.58650000000000091, 4.650000000000000355 ) ) ;
#9856 = ORIENTED_EDGE ( 'NONE', *, *, #8884, .F. ) ;
#9857 = VECTOR ( 'NONE', #5604, 1000.000000000000000 ) ;
#9858 = FILL_AREA_STYLE_COLOUR ( '', #3553 ) ;
#9859 = CARTESIAN_POINT ( 'NONE',  ( 0.000000000000000000, -17.37650000000000006, 19.69999999999999929 ) ) ;
#9860 = EDGE_CURVE ( 'NONE', #5105, #266, #8003, .T. ) ;
#9861 = VECTOR ( 'NONE', #4775, 1000.000000000000000 ) ;
#9862 = ORIENTED_EDGE ( 'NONE', *, *, #12932, .T. ) ;
#9863 = AXIS2_PLACEMENT_3D ( 'NONE', #8947, #6813, #11046 ) ;
#9864 = LINE ( 'NONE', #346, #13414 ) ;
#9865 = ORIENTED_EDGE ( 'NONE', *, *, #4140, .T. ) ;
#9866 = ORIENTED_EDGE ( 'NONE', *, *, #8844, .F. ) ;
#9867 = DIRECTION ( 'NONE',  ( -0.000000000000000000, -0.000000000000000000, -1.000000000000000000 ) ) ;
#9868 = DIRECTION ( 'NONE',  ( 0.000000000000000000, 0.000000000000000000, 1.000000000000000000 ) ) ;
#9869 = VECTOR ( 'NONE', #10899, 1000.000000000000000 ) ;
#9870 = PLANE ( 'NONE',  #9588 ) ;
#9871 = VECTOR ( 'NONE', #10019, 1000.000000000000000 ) ;
#9872 = EDGE_CURVE ( 'NONE', #11254, #1222, #4877, .T. ) ;
#9873 = CYLINDRICAL_SURFACE ( 'NONE', #1772, 3.000000000000000444 ) ;
#9874 = ORIENTED_EDGE ( 'NONE', *, *, #3130, .F. ) ;
#9875 = DIRECTION ( 'NONE',  ( 0.000000000000000000, 0.000000000000000000, 1.000000000000000000 ) ) ;
#9876 = DIRECTION ( 'NONE',  ( 0.000000000000000000, 0.000000000000000000, 1.000000000000000000 ) ) ;
#9877 = LINE ( 'NONE', #11968, #1648 ) ;
#9878 = VERTEX_POINT ( 'NONE', #626 ) ;
#9879 = EDGE_CURVE ( 'NONE', #13537, #4631, #9113, .T. ) ;
#9880 = LINE ( 'NONE', #8830, #6409 ) ;
#9881 = MECHANICAL_DESIGN_GEOMETRIC_PRESENTATION_REPRESENTATION (  '', ( #6340 ), #6789 ) ;
#9882 = VECTOR ( 'NONE', #8227, 1000.000000000000000 ) ;
#9883 = ORIENTED_EDGE ( 'NONE', *, *, #7489, .F. ) ;
#9884 = CARTESIAN_POINT ( 'NONE',  ( 3.149999999999999911, -22.96649999999999991, -3.509999999999999787 ) ) ;
#9885 = DIRECTION ( 'NONE',  ( -0.000000000000000000, 1.000000000000000000, 0.000000000000000000 ) ) ;
#9886 = DIRECTION ( 'NONE',  ( 0.000000000000000000, 0.000000000000000000, 1.000000000000000000 ) ) ;
#9888 = ORIENTED_EDGE ( 'NONE', *, *, #7469, .T. ) ;
#9887 = FACE_OUTER_BOUND ( 'NONE', #13177, .T. ) ;
#9889 = LINE ( 'NONE', #4675, #137 ) ;
#9890 =( LENGTH_UNIT ( ) NAMED_UNIT ( * ) SI_UNIT ( .MILLI., .METRE. ) );
#9891 = CARTESIAN_POINT ( 'NONE',  ( 2.285000000000000142, -17.94999999999999929, -6.860000000000000320 ) ) ;
#9892 = CARTESIAN_POINT ( 'NONE',  ( -0.4949999999999999956, -22.96649999999999991, -1.655000000000000027 ) ) ;
#9893 = CARTESIAN_POINT ( 'NONE',  ( -6.365000000000000213, -23.77649999999999864, 15.50000000000000000 ) ) ;
#9894 = LINE ( 'NONE', #10868, #11530 ) ;
#9895 = DIRECTION ( 'NONE',  ( 0.000000000000000000, -3.097429918661622077E-15, -1.000000000000000000 ) ) ;
#9896 = ORIENTED_EDGE ( 'NONE', *, *, #6649, .T. ) ;
#9897 = ORIENTED_EDGE ( 'NONE', *, *, #10383, .F. ) ;
#9898 = EDGE_CURVE ( 'NONE', #3390, #2008, #7036, .T. ) ;
#9899 = VERTEX_POINT ( 'NONE', #1956 ) ;
#9900 = FACE_OUTER_BOUND ( 'NONE', #7628, .T. ) ;
#9901 = ORIENTED_EDGE ( 'NONE', *, *, #9594, .T. ) ;
#9902 = CARTESIAN_POINT ( 'NONE',  ( 3.365000000000000213, -22.96649999999999991, -4.650000000000000355 ) ) ;
#9903 = CARTESIAN_POINT ( 'NONE',  ( -1.474999999999999867, -15.34650000000000070, 0.4299999999999998823 ) ) ;
#9904 = LINE ( 'NONE', #12279, #11428 ) ;
#9905 = VECTOR ( 'NONE', #8588, 1000.000000000000000 ) ;
#9906 = VERTEX_POINT ( 'NONE', #8212 ) ;
#9907 = CARTESIAN_POINT ( 'NONE',  ( -0.4949999999999999956, -22.96649999999999991, 0.000000000000000000 ) ) ;
#9908 = CARTESIAN_POINT ( 'NONE',  ( 1.395000000000000018, -17.37650000000000006, -3.509999999999999787 ) ) ;
#9909 = ORIENTED_EDGE ( 'NONE', *, *, #2360, .F. ) ;
#9910 = ORIENTED_EDGE ( 'NONE', *, *, #665, .F. ) ;
#9911 = EDGE_CURVE ( 'NONE', #3646, #7945, #13495, .T. ) ;
#9912 = ORIENTED_EDGE ( 'NONE', *, *, #10688, .T. ) ;
#9913 = ADVANCED_FACE ( 'NONE', ( #6260 ), #1817, .T. ) ;
#9914 = LINE ( 'NONE', #3730, #90 ) ;
#9915 = VERTEX_POINT ( 'NONE', #6131 ) ;
#9916 = CARTESIAN_POINT ( 'NONE',  ( 4.715000000000000746, -15.34650000000000070, 3.660000000000000142 ) ) ;
#9917 = PLANE ( 'NONE',  #3269 ) ;
#9918 = CARTESIAN_POINT ( 'NONE',  ( 0.000000000000000000, -17.94999999999999929, 0.000000000000000000 ) ) ;
#9919 = EDGE_CURVE ( 'NONE', #11317, #3671, #8349, .T. ) ;
#9920 = PLANE ( 'NONE',  #5812 ) ;
#9921 = ORIENTED_EDGE ( 'NONE', *, *, #6963, .F. ) ;
#9922 = ORIENTED_EDGE ( 'NONE', *, *, #6038, .F. ) ;
#9923 = CARTESIAN_POINT ( 'NONE',  ( 12.20500000000000007, -22.96649999999999991, -1.880000000000000560 ) ) ;
#9924 = DIRECTION ( 'NONE',  ( 0.000000000000000000, 0.000000000000000000, 1.000000000000000000 ) ) ;
#9925 = EDGE_CURVE ( 'NONE', #1758, #5745, #11271, .T. ) ;
#9926 = LINE ( 'NONE', #1667, #13434 ) ;
#9927 = ORIENTED_EDGE ( 'NONE', *, *, #7133, .T. ) ;
#9928 = DIRECTION ( 'NONE',  ( 0.000000000000000000, 0.000000000000000000, -1.000000000000000000 ) ) ;
#9929 = PLANE ( 'NONE',  #3411 ) ;
#9930 = ORIENTED_EDGE ( 'NONE', *, *, #1015, .T. ) ;
#9931 = DIRECTION ( 'NONE',  ( 0.000000000000000000, 0.000000000000000000, 1.000000000000000000 ) ) ;
#9932 = ORIENTED_EDGE ( 'NONE', *, *, #11491, .T. ) ;
#9933 = VERTEX_POINT ( 'NONE', #13564 ) ;
#9934 = CARTESIAN_POINT ( 'NONE',  ( -0.4949999999999999956, -24.27649999999999864, -41.48361599999999783 ) ) ;
#9935 = LINE ( 'NONE', #4316, #2513 ) ;
#9936 = CARTESIAN_POINT ( 'NONE',  ( -3.850000000000000089, -22.58650000000000091, 4.650000000000000355 ) ) ;
#9937 = EDGE_CURVE ( 'NONE', #11122, #12009, #972, .T. ) ;
#9938 = CARTESIAN_POINT ( 'NONE',  ( -21.69999999999999929, -12.19999999999999929, 15.80886698680999913 ) ) ;
#9939 = VERTEX_POINT ( 'NONE', #8076 ) ;
#9940 = FACE_OUTER_BOUND ( 'NONE', #2697, .T. ) ;
#9941 = DIRECTION ( 'NONE',  ( 0.000000000000000000, 1.000000000000000000, 0.000000000000000000 ) ) ;
#9942 = LINE ( 'NONE', #423, #5643 ) ;
#9943 = ORIENTED_EDGE ( 'NONE', *, *, #6170, .T. ) ;
#9944 = CARTESIAN_POINT ( 'NONE',  ( 5.605000000000000426, -22.58650000000000091, 4.650000000000000355 ) ) ;
#9945 = EDGE_CURVE ( 'NONE', #13075, #6666, #2865, .T. ) ;
#9946 = EDGE_LOOP ( 'NONE', ( #8042, #4914, #3940, #8303 ) ) ;
#9947 = CARTESIAN_POINT ( 'NONE',  ( 0.000000000000000000, -17.94999999999999929, -6.860000000000000320 ) ) ;
#9948 = EDGE_CURVE ( 'NONE', #5250, #10211, #11342, .T. ) ;
#9949 = PLANE ( 'NONE',  #3750 ) ;
#9950 = CARTESIAN_POINT ( 'NONE',  ( -1.474999999999983213, -13.31650000000000134, 0.4300000000000004374 ) ) ;
#9951 = ADVANCED_FACE ( 'NONE', ( #1748 ), #5080, .T. ) ;
#9953 = ORIENTED_EDGE ( 'NONE', *, *, #9392, .F. ) ;
#9952 = CARTESIAN_POINT ( 'NONE',  ( 14.85999999999999943, 3.200000000000000178, -2.307611844574999349 ) ) ;
#9954 = CARTESIAN_POINT ( 'NONE',  ( 21.69999999999999929, -15.40000000000000036, 13.40886698681000055 ) ) ;
#9955 = DIRECTION ( 'NONE',  ( -0.000000000000000000, -0.000000000000000000, -1.000000000000000000 ) ) ;
#9956 = CARTESIAN_POINT ( 'NONE',  ( 9.414999999999999147, -22.58650000000000091, 4.649999999999999467 ) ) ;
#9957 = AXIS2_PLACEMENT_3D ( 'NONE', #11136, #13157, #2806 ) ;
#9958 = CARTESIAN_POINT ( 'NONE',  ( -10.36500000000000021, -22.96649999999999991, 3.509999999999999787 ) ) ;
#9959 = CARTESIAN_POINT ( 'NONE',  ( 8.394999999999999574, -22.58650000000000091, 4.650000000000000355 ) ) ;
#9960 = LINE ( 'NONE', #11780, #12300 ) ;
#9961 = CARTESIAN_POINT ( 'NONE',  ( -8.779999999999999361, -2.673278531665000290, 4.500000000000000888 ) ) ;
#9962 = ADVANCED_FACE ( 'NONE', ( #7107 ), #12530, .T. ) ;
#9963 =( GEOMETRIC_REPRESENTATION_CONTEXT ( 3 ) GLOBAL_UNCERTAINTY_ASSIGNED_CONTEXT ( ( #10583 ) ) GLOBAL_UNIT_ASSIGNED_CONTEXT ( ( #13710, #12343, #4955 ) ) REPRESENTATION_CONTEXT ( 'NONE', 'WORKASPACE' ) );
#9964 = AXIS2_PLACEMENT_3D ( 'NONE', #6132, #9253, #8214 ) ;
#9965 = EDGE_LOOP ( 'NONE', ( #1577, #8065, #4530, #1639 ) ) ;
#9966 = ORIENTED_EDGE ( 'NONE', *, *, #1687, .T. ) ;
#9967 = ORIENTED_EDGE ( 'NONE', *, *, #7989, .T. ) ;
#9968 = VERTEX_POINT ( 'NONE', #5022 ) ;
#9969 = LINE ( 'NONE', #12213, #1029 ) ;
#9970 = LINE ( 'NONE', #11234, #950 ) ;
#9971 = DIRECTION ( 'NONE',  ( 0.000000000000000000, 0.000000000000000000, 1.000000000000000000 ) ) ;
#9972 = ORIENTED_EDGE ( 'NONE', *, *, #13697, .T. ) ;
#9973 = DIRECTION ( 'NONE',  ( 1.000000000000000000, 0.000000000000000000, -0.000000000000000000 ) ) ;
#9974 = LINE ( 'NONE', #2691, #12126 ) ;
#9975 = VECTOR ( 'NONE', #157, 1000.000000000000000 ) ;
#9976 = EDGE_LOOP ( 'NONE', ( #12212, #2258, #9752, #9712 ) ) ;
#9977 = ORIENTED_EDGE ( 'NONE', *, *, #177, .F. ) ;
#9978 = AXIS2_PLACEMENT_3D ( 'NONE', #6073, #8364, #8230 ) ;
#9979 = ORIENTED_EDGE ( 'NONE', *, *, #13528, .F. ) ;
#9980 = PLANE ( 'NONE',  #8748 ) ;
#9981 = VERTEX_POINT ( 'NONE', #3003 ) ;
#9982 = CARTESIAN_POINT ( 'NONE',  ( -8.394999999999999574, -22.96649999999999991, 4.950000000000000178 ) ) ;
#9983 = DIRECTION ( 'NONE',  ( 0.000000000000000000, -0.000000000000000000, -1.000000000000000000 ) ) ;
#9984 = CARTESIAN_POINT ( 'NONE',  ( -1.395000000000000018, -17.37650000000000006, -4.320000000000000284 ) ) ;
#9985 = FACE_OUTER_BOUND ( 'NONE', #8185, .T. ) ;
#9986 = VERTEX_POINT ( 'NONE', #5987 ) ;
#9987 = EDGE_CURVE ( 'NONE', #4156, #2134, #4942, .T. ) ;
#9988 = ORIENTED_EDGE ( 'NONE', *, *, #9611, .T. ) ;
#9989 = LINE ( 'NONE', #2706, #1007 ) ;
#9990 = CARTESIAN_POINT ( 'NONE',  ( -11.42999999999999972, -15.22000000000000064, 4.325000000000001066 ) ) ;
#9991 = EDGE_LOOP ( 'NONE', ( #7399, #12822, #3514, #13054, #4432, #5333, #8873, #12651, #8865, #10671, #13183, #4440, #5899, #248 ) ) ;
#9992 = CARTESIAN_POINT ( 'NONE',  ( -7.000000000000000000, -19.40650000000000119, 3.840000000000000302 ) ) ;
#9993 = LINE ( 'NONE', #12173, #2882 ) ;
#9994 = VECTOR ( 'NONE', #8168, 1000.000000000000000 ) ;
#9995 = ADVANCED_FACE ( 'NONE', ( #2930 ), #7177, .F. ) ;
#9996 = ORIENTED_EDGE ( 'NONE', *, *, #13285, .F. ) ;
#9997 = EDGE_CURVE ( 'NONE', #9197, #8995, #11484, .T. ) ;
#9998 = CARTESIAN_POINT ( 'NONE',  ( -0.5100000000000000089, -3.313815743959999782, 0.4300000000000015477 ) ) ;
#9999 = ORIENTED_EDGE ( 'NONE', *, *, #11953, .F. ) ;
#10000 = DIRECTION ( 'NONE',  ( -1.000000000000000000, -0.000000000000000000, -0.000000000000000000 ) ) ;
#10001 = CARTESIAN_POINT ( 'NONE',  ( -11.42999999999999972, -15.22000000000000064, -1.017359312880999900 ) ) ;
#10002 = DIRECTION ( 'NONE',  ( -0.000000000000000000, 0.000000000000000000, -1.000000000000000000 ) ) ;
#10003 = FACE_OUTER_BOUND ( 'NONE', #9991, .T. ) ;
#10004 = ORIENTED_EDGE ( 'NONE', *, *, #3652, .F. ) ;
#10005 = CARTESIAN_POINT ( 'NONE',  ( 6.490000000000000213, -3.313815743959999782, 4.650000000000000355 ) ) ;
#10006 = CARTESIAN_POINT ( 'NONE',  ( 5.647522111928036992, -12.04650000000000531, 3.629999999999999449 ) ) ;
#10007 = PLANE ( 'NONE',  #2767 ) ;
#10008 = ORIENTED_EDGE ( 'NONE', *, *, #11590, .F. ) ;
#10009 = LINE ( 'NONE', #11274, #10632 ) ;
#10010 = PRODUCT_DEFINITION ( 'UNKNOWN', '', #5450, #12551 ) ;
#10011 = ORIENTED_EDGE ( 'NONE', *, *, #3697, .F. ) ;
#10012 = CARTESIAN_POINT ( 'NONE',  ( 11.42999999999999972, 3.589199999999999946, -1.017359312880999900 ) ) ;
#10013 = EDGE_CURVE ( 'NONE', #10692, #7562, #3905, .T. ) ;
#10014 = CARTESIAN_POINT ( 'NONE',  ( -3.064999999999999947, -17.94999999999999929, 0.000000000000000000 ) ) ;
#10015 = CYLINDRICAL_SURFACE ( 'NONE', #1627, 1.750000000000000000 ) ;
#10017 = ORIENTED_EDGE ( 'NONE', *, *, #1686, .T. ) ;
#10016 = DIRECTION ( 'NONE',  ( -1.000000000000000000, -0.000000000000000000, 0.000000000000000000 ) ) ;
#10018 = CARTESIAN_POINT ( 'NONE',  ( -8.859999999999999432, 3.200000000000000178, 10.96000000000000085 ) ) ;
#10019 = DIRECTION ( 'NONE',  ( 0.000000000000000000, 0.000000000000000000, 1.000000000000000000 ) ) ;
#10020 = CARTESIAN_POINT ( 'NONE',  ( -1.270000000000000018, -21.18649999999999878, -4.320000000000000284 ) ) ;
#10021 = DIRECTION ( 'NONE',  ( 0.000000000000000000, -1.000000000000000000, 0.000000000000000000 ) ) ;
#10022 = CARTESIAN_POINT ( 'NONE',  ( 9.285000000000000142, -15.34650000000000070, -0.1000000000000001721 ) ) ;
#10023 = CARTESIAN_POINT ( 'NONE',  ( -1.270000000000000018, -15.34650000000000070, -4.320000000000000284 ) ) ;
#10024 = EDGE_CURVE ( 'NONE', #1933, #4582, #11549, .T. ) ;
#10025 = CARTESIAN_POINT ( 'NONE',  ( 1.270000000000000018, -15.34650000000000070, -3.509999999999999787 ) ) ;
#10026 = VECTOR ( 'NONE', #11148, 1000.000000000000000 ) ;
#10027 = EDGE_CURVE ( 'NONE', #11931, #974, #6196, .T. ) ;
#10028 = VECTOR ( 'NONE', #711, 1000.000000000000000 ) ;
#10029 = EDGE_CURVE ( 'NONE', #2497, #4969, #12800, .T. ) ;
#10030 = VERTEX_POINT ( 'NONE', #8676 ) ;
#10031 = VERTEX_POINT ( 'NONE', #1040 ) ;
#10032 = AXIS2_PLACEMENT_3D ( 'NONE', #2459, #8843, #3640 ) ;
#10033 = ORIENTED_EDGE ( 'NONE', *, *, #12393, .T. ) ;
#10034 = ORIENTED_EDGE ( 'NONE', *, *, #142, .T. ) ;
#10035 = LINE ( 'NONE', #2544, #7691 ) ;
#10036 = DIRECTION ( 'NONE',  ( -1.000000000000000000, 0.000000000000000000, -0.000000000000000000 ) ) ;
#10037 = EDGE_LOOP ( 'NONE', ( #2257, #7304, #11431, #9972 ) ) ;
#10038 = VECTOR ( 'NONE', #6403, 1000.000000000000000 ) ;
#10039 = CARTESIAN_POINT ( 'NONE',  ( 1.270000000000000018, -15.34650000000000070, -4.320000000000000284 ) ) ;
#10040 = EDGE_CURVE ( 'NONE', #12108, #10679, #12239, .T. ) ;
#10041 = EDGE_CURVE ( 'NONE', #893, #6883, #2219, .T. ) ;
#10042 =( NAMED_UNIT ( * ) PLANE_ANGLE_UNIT ( ) SI_UNIT ( $, .RADIAN. ) );
#10043 = ORIENTED_EDGE ( 'NONE', *, *, #9041, .T. ) ;
#10044 = AXIS2_PLACEMENT_3D ( 'NONE', #13130, #7834, #12094 ) ;
#10045 = VERTEX_POINT ( 'NONE', #2090 ) ;
#10046 = ADVANCED_FACE ( 'NONE', ( #6393 ), #4433, .T. ) ;
#10047 = ORIENTED_EDGE ( 'NONE', *, *, #1611, .T. ) ;
#10049 = LINE ( 'NONE', #3663, #529 ) ;
#10048 = AXIS2_PLACEMENT_3D ( 'NONE', #10501, #13707, #850 ) ;
#10050 = CIRCLE ( 'NONE', #9832, 0.9899999999999999911 ) ;
#10051 = ORIENTED_EDGE ( 'NONE', *, *, #11588, .F. ) ;
#10052 = EDGE_CURVE ( 'NONE', #9542, #8885, #13700, .T. ) ;
#10053 = CARTESIAN_POINT ( 'NONE',  ( -5.525000000000000355, -13.31649999999999956, 3.640000000000000124 ) ) ;
#10054 = ADVANCED_FACE ( 'NONE', ( #6458 ), #10828, .T. ) ;
#10055 = DIRECTION ( 'NONE',  ( -0.000000000000000000, -1.000000000000000000, -0.000000000000000000 ) ) ;
#10056 = CARTESIAN_POINT ( 'NONE',  ( 3.935000000000000053, -20.17650000000000077, -4.500000000000000888 ) ) ;
#10057 = PLANE ( 'NONE',  #9567 ) ;
#10058 = VECTOR ( 'NONE', #6254, 1000.000000000000000 ) ;
#10059 = ORIENTED_EDGE ( 'NONE', *, *, #2572, .T. ) ;
#10060 = ORIENTED_EDGE ( 'NONE', *, *, #6369, .F. ) ;
#10061 =( NAMED_UNIT ( * ) SI_UNIT ( $, .STERADIAN. ) SOLID_ANGLE_UNIT ( ) );
#10062 = EDGE_CURVE ( 'NONE', #10160, #9065, #1105, .T. ) ;
#10063 = DIRECTION ( 'NONE',  ( -0.000000000000000000, -0.000000000000000000, 1.000000000000000000 ) ) ;
#10064 = CARTESIAN_POINT ( 'NONE',  ( 20.00000000000000000, -2.399999999999999911, 1.750000000000000000 ) ) ;
#10065 = ORIENTED_EDGE ( 'NONE', *, *, #350, .T. ) ;
#10066 = SURFACE_STYLE_FILL_AREA ( #3743 ) ;
#10067 = EDGE_CURVE ( 'NONE', #9280, #13320, #6532, .T. ) ;
#10068 = DIRECTION ( 'NONE',  ( 0.000000000000000000, -0.000000000000000000, 1.000000000000000000 ) ) ;
#10069 = ORIENTED_EDGE ( 'NONE', *, *, #8511, .F. ) ;
#10070 = AXIS2_PLACEMENT_3D ( 'NONE', #3129, #11685, #10357 ) ;
#10071 = AXIS2_PLACEMENT_3D ( 'NONE', #3815, #3603, #9931 ) ;
#10072 = AXIS2_PLACEMENT_3D ( 'NONE', #11848, #5731, #9895 ) ;
#10073 = VECTOR ( 'NONE', #7523, 1000.000000000000000 ) ;
#10074 = DIRECTION ( 'NONE',  ( 0.000000000000000000, 1.000000000000000000, -0.000000000000000000 ) ) ;
#10075 = ORIENTED_EDGE ( 'NONE', *, *, #10396, .F. ) ;
#10076 = CIRCLE ( 'NONE', #4510, 6.500000000000000888 ) ;
#10077 = CARTESIAN_POINT ( 'NONE',  ( -15.94999999999999929, -17.57000000000000384, 13.40000000000000036 ) ) ;
#10078 = CARTESIAN_POINT ( 'NONE',  ( -8.320800000000000196, -2.337200000000000166, 0.000000000000000000 ) ) ;
#10079 = DIRECTION ( 'NONE',  ( -0.000000000000000000, 0.000000000000000000, -1.000000000000000000 ) ) ;
#10080 = VECTOR ( 'NONE', #3320, 1000.000000000000000 ) ;
#10081 = DIRECTION ( 'NONE',  ( 0.000000000000000000, -1.000000000000000000, 0.000000000000000000 ) ) ;
#10082 = ORIENTED_EDGE ( 'NONE', *, *, #9698, .F. ) ;
#10083 = VECTOR ( 'NONE', #7479, 1000.000000000000000 ) ;
#10084 = CARTESIAN_POINT ( 'NONE',  ( 5.220000000000021956, -2.673278531664987856, 4.650000000000000355 ) ) ;
#10085 = DIRECTION ( 'NONE',  ( -0.000000000000000000, -1.000000000000000000, -0.000000000000000000 ) ) ;
#10086 = CARTESIAN_POINT ( 'NONE',  ( 7.000000000000000000, -17.94999999999999929, 7.190000000000000391 ) ) ;
#10087 = ORIENTED_EDGE ( 'NONE', *, *, #2628, .F. ) ;
#10088 = ADVANCED_FACE ( 'NONE', ( #3270 ), #7510, .F. ) ;
#10089 = DIRECTION ( 'NONE',  ( 0.000000000000000000, 1.000000000000000000, -0.000000000000000000 ) ) ;
#10090 = CIRCLE ( 'NONE', #7436, 8.000000000000000000 ) ;
#10091 = VECTOR ( 'NONE', #192, 1000.000000000000000 ) ;
#10092 = CARTESIAN_POINT ( 'NONE',  ( -6.207611844575000148, -15.22000000000000242, -10.96000000000000085 ) ) ;
#10093 = CARTESIAN_POINT ( 'NONE',  ( -9.285000000000000142, -17.35153820345999875, 4.830000000000000071 ) ) ;
#10094 = CARTESIAN_POINT ( 'NONE',  ( -8.474999999999999645, -17.57000000000000384, 4.850000000000000533 ) ) ;
#10095 = EDGE_CURVE ( 'NONE', #4325, #6792, #1248, .T. ) ;
#10097 = ORIENTED_EDGE ( 'NONE', *, *, #4250, .T. ) ;
#10096 = LINE ( 'NONE', #6065, #7811 ) ;
#10098 = AXIS2_PLACEMENT_3D ( 'NONE', #5414, #9648, #1038 ) ;
#10099 = CARTESIAN_POINT ( 'NONE',  ( -2.415000000000000036, -20.17650000000000077, -4.500000000000000888 ) ) ;
#10100 = LINE ( 'NONE', #5725, #13437 ) ;
#10101 = ADVANCED_FACE ( 'NONE', ( #8612 ), #12865, .T. ) ;
#10102 = DIRECTION ( 'NONE',  ( -0.000000000000000000, 1.000000000000000000, -0.000000000000000000 ) ) ;
#10103 = CARTESIAN_POINT ( 'NONE',  ( 0.000000000000000000, -22.96649999999999991, 1.320000000000000062 ) ) ;
#10104 = CARTESIAN_POINT ( 'NONE',  ( 11.42999999999999972, 3.589199999999999946, 4.325000000000001066 ) ) ;
#10105 =( NAMED_UNIT ( * ) PLANE_ANGLE_UNIT ( ) SI_UNIT ( $, .RADIAN. ) );
#10106 = AXIS2_PLACEMENT_3D ( 'NONE', #9295, #2068, #7157 ) ;
#10107 = ADVANCED_FACE ( 'NONE', ( #4800 ), #3465, .F. ) ;
#10108 = CARTESIAN_POINT ( 'NONE',  ( 8.818927475897002211, -2.337200000000000166, 4.500000000000000888 ) ) ;
#10109 = FILL_AREA_STYLE_COLOUR ( '', #9551 ) ;
#10110 = VERTEX_POINT ( 'NONE', #8949 ) ;
#10111 = ORIENTED_EDGE ( 'NONE', *, *, #9208, .T. ) ;
#10112 = ORIENTED_EDGE ( 'NONE', *, *, #12511, .F. ) ;
#10113 = ORIENTED_EDGE ( 'NONE', *, *, #12156, .F. ) ;
#10114 = DIRECTION ( 'NONE',  ( -1.000000000000000000, -0.000000000000000000, -0.000000000000000000 ) ) ;
#10115 = CARTESIAN_POINT ( 'NONE',  ( -2.284999999999999698, -17.94999999999999929, -4.500000000000000888 ) ) ;
#10116 = LINE ( 'NONE', #1438, #11862 ) ;
#10117 = ORIENTED_EDGE ( 'NONE', *, *, #6172, .T. ) ;
#10118 = DIRECTION ( 'NONE',  ( -1.000000000000000000, 0.000000000000000000, 0.000000000000000000 ) ) ;
#10119 = EDGE_CURVE ( 'NONE', #484, #5283, #6815, .T. ) ;
#10120 = ORIENTED_EDGE ( 'NONE', *, *, #2587, .T. ) ;
#10121 = VERTEX_POINT ( 'NONE', #9025 ) ;
#10122 = ADVANCED_FACE ( 'NONE', ( #6944 ), #13272, .T. ) ;
#10123 = VERTEX_POINT ( 'NONE', #5762 ) ;
#10124 = CIRCLE ( 'NONE', #3688, 3.000000000000000444 ) ;
#10125 = LINE ( 'NONE', #602, #8097 ) ;
#10126 = EDGE_CURVE ( 'NONE', #12715, #1488, #2637, .T. ) ;
#10127 = ORIENTED_EDGE ( 'NONE', *, *, #5078, .T. ) ;
#10128 = ADVANCED_FACE ( 'NONE', ( #11049 ), #12172, .T. ) ;
#10129 = FACE_OUTER_BOUND ( 'NONE', #6026, .T. ) ;
#10130 = CARTESIAN_POINT ( 'NONE',  ( -6.522485578728000277, -2.399999999999999467, -8.150000000000000355 ) ) ;
#10131 = DIRECTION ( 'NONE',  ( -0.000000000000000000, 0.000000000000000000, -1.000000000000000000 ) ) ;
#10132 = CARTESIAN_POINT ( 'NONE',  ( 9.285000000000000142, -12.04649999999999999, 3.629999999999999893 ) ) ;
#10133 = VERTEX_POINT ( 'NONE', #5828 ) ;
#10134 = VERTEX_POINT ( 'NONE', #546 ) ;
#10135 = ADVANCED_FACE ( 'NONE', ( #13138 ), #5551, .T. ) ;
#10136 = LINE ( 'NONE', #3739, #1671 ) ;
#10137 = EDGE_CURVE ( 'NONE', #12589, #7687, #5619, .T. ) ;
#10138 = LINE ( 'NONE', #6879, #12331 ) ;
#10139 = ORIENTED_EDGE ( 'NONE', *, *, #5526, .T. ) ;
#10140 = PRESENTATION_STYLE_ASSIGNMENT (( #4581 ) ) ;
#10141 = VERTEX_POINT ( 'NONE', #6740 ) ;
#10142 = AXIS2_PLACEMENT_3D ( 'NONE', #2667, #5790, #5658 ) ;
#10143 = LINE ( 'NONE', #1739, #11847 ) ;
#10144 = EDGE_LOOP ( 'NONE', ( #9171, #7601, #9469, #3376 ) ) ;
#10145 = LINE ( 'NONE', #1597, #6650 ) ;
#10146 = DIRECTION ( 'NONE',  ( -0.000000000000000000, 1.000000000000000000, 0.000000000000000000 ) ) ;
#10147 = LINE ( 'NONE', #13280, #12727 ) ;
#10148 = DIRECTION ( 'NONE',  ( 0.000000000000000000, -1.000000000000000000, -0.000000000000000000 ) ) ;
#10149 = VERTEX_POINT ( 'NONE', #8879 ) ;
#10150 = LINE ( 'NONE', #4734, #97 ) ;
#10151 = DIRECTION ( 'NONE',  ( -0.000000000000000000, -0.000000000000000000, 1.000000000000000000 ) ) ;
#10152 = LINE ( 'NONE', #7037, #11642 ) ;
#10153 = ORIENTED_EDGE ( 'NONE', *, *, #8730, .T. ) ;
#10154 = DIRECTION ( 'NONE',  ( 0.000000000000000000, -1.000000000000000000, 0.000000000000000000 ) ) ;
#10155 = FACE_OUTER_BOUND ( 'NONE', #1223, .T. ) ;
#10156 = PLANE ( 'NONE',  #161 ) ;
#10157 = PLANE ( 'NONE',  #5842 ) ;
#10158 = CARTESIAN_POINT ( 'NONE',  ( -8.269999999999999574, -21.18649999999999878, 4.650000000000000355 ) ) ;
#10160 = VERTEX_POINT ( 'NONE', #1463 ) ;
#10159 = DIRECTION ( 'NONE',  ( 1.000000000000000000, 0.000000000000000000, 0.000000000000000000 ) ) ;
#10161 = CARTESIAN_POINT ( 'NONE',  ( -9.414999999999999147, -2.337200000000000166, 3.509999999999999787 ) ) ;
#10162 = CARTESIAN_POINT ( 'NONE',  ( 3.365000000000000213, -21.56650000000000134, -3.509999999999999787 ) ) ;
#10163 = CARTESIAN_POINT ( 'NONE',  ( -4.584999999999999964, -22.96649999999999991, 7.519999999999999574 ) ) ;
#10164 = EDGE_CURVE ( 'NONE', #1376, #8466, #5696, .T. ) ;
#10165 = DIRECTION ( 'NONE',  ( -0.000000000000000000, -1.000000000000000000, -0.000000000000000000 ) ) ;
#10166 = LINE ( 'NONE', #2817, #1330 ) ;
#10167 = CARTESIAN_POINT ( 'NONE',  ( -5.931689797203024028, -2.286500000000043276, 4.500000000000000888 ) ) ;
#10168 = CARTESIAN_POINT ( 'NONE',  ( 8.500000000000000000, -17.94999999999999929, 13.40000000000000036 ) ) ;
#10169 = EDGE_CURVE ( 'NONE', #13721, #6883, #12104, .T. ) ;
#10170 = CARTESIAN_POINT ( 'NONE',  ( 13.50000000000000000, -2.399999999999999911, 14.30000000000000071 ) ) ;
#10171 = VERTEX_POINT ( 'NONE', #4719 ) ;
#10172 = ORIENTED_EDGE ( 'NONE', *, *, #3710, .F. ) ;
#10173 = STYLED_ITEM ( 'NONE', ( #4046 ), #2711 ) ;
#10174 = EDGE_CURVE ( 'NONE', #12274, #12585, #687, .T. ) ;
#10175 = ORIENTED_EDGE ( 'NONE', *, *, #9481, .F. ) ;
#10176 = ORIENTED_EDGE ( 'NONE', *, *, #8270, .F. ) ;
#10177 = FACE_OUTER_BOUND ( 'NONE', #11963, .T. ) ;
#10178 = CARTESIAN_POINT ( 'NONE',  ( 1.500000000000000000, -17.94999999999999929, -6.860000000000000320 ) ) ;
#10179 = LINE ( 'NONE', #12362, #11639 ) ;
#10180 = ORIENTED_EDGE ( 'NONE', *, *, #11088, .T. ) ;
#10181 = LINE ( 'NONE', #11304, #8309 ) ;
#10182 = DIRECTION ( 'NONE',  ( -0.000000000000000000, 1.000000000000000000, 0.000000000000000000 ) ) ;
#10183 = ORIENTED_EDGE ( 'NONE', *, *, #12496, .F. ) ;
#10184 = AXIS2_PLACEMENT_3D ( 'NONE', #854, #12406, #5092 ) ;
#10185 = ORIENTED_EDGE ( 'NONE', *, *, #1889, .T. ) ;
#10186 = VECTOR ( 'NONE', #11050, 1000.000000000000000 ) ;
#10187 = CIRCLE ( 'NONE', #9732, 6.500000000000000888 ) ;
#10188 = MECHANICAL_DESIGN_GEOMETRIC_PRESENTATION_REPRESENTATION (  '', ( #5980 ), #4590 ) ;
#10189 = ORIENTED_EDGE ( 'NONE', *, *, #11025, .F. ) ;
#10190 = LINE ( 'NONE', #12372, #12103 ) ;
#10191 = ORIENTED_EDGE ( 'NONE', *, *, #7193, .F. ) ;
#10192 = ORIENTED_EDGE ( 'NONE', *, *, #9997, .T. ) ;
#10193 = CARTESIAN_POINT ( 'NONE',  ( 9.285000000000000142, -13.31649999999999956, -0.1000000000000002554 ) ) ;
#10194 = LINE ( 'NONE', #5959, #10850 ) ;
#10195 = DIRECTION ( 'NONE',  ( 0.000000000000000000, -1.000000000000000000, -0.000000000000000000 ) ) ;
#10196 = VECTOR ( 'NONE', #12347, 1000.000000000000000 ) ;
#10197 = CARTESIAN_POINT ( 'NONE',  ( 1.395000000000000018, -22.96649999999999991, 0.000000000000000000 ) ) ;
#10198 = EDGE_LOOP ( 'NONE', ( #9395, #6337, #2161, #4403 ) ) ;
#10199 = ORIENTED_EDGE ( 'NONE', *, *, #7263, .T. ) ;
#10200 = CARTESIAN_POINT ( 'NONE',  ( 1.475000000000000089, -19.40650000000000119, -6.860000000000000320 ) ) ;
#10201 = CARTESIAN_POINT ( 'NONE',  ( 2.415000000000000036, -22.96649999999999991, -3.509999999999999787 ) ) ;
#10202 = LINE ( 'NONE', #11327, #8043 ) ;
#10203 = ORIENTED_EDGE ( 'NONE', *, *, #10799, .T. ) ;
#10204 = SURFACE_STYLE_FILL_AREA ( #3531 ) ;
#10205 = ADVANCED_FACE ( 'NONE', ( #6096 ), #10332, .T. ) ;
#10206 = ORIENTED_EDGE ( 'NONE', *, *, #10937, .T. ) ;
#10207 = ADVANCED_FACE ( 'NONE', ( #13598 ), #7287, .T. ) ;
#10208 = VECTOR ( 'NONE', #12893, 1000.000000000000000 ) ;
#10209 = EDGE_CURVE ( 'NONE', #2827, #7060, #4000, .T. ) ;
#10210 = CARTESIAN_POINT ( 'NONE',  ( -13.93517677218749995, 0.000000000000000000, -12.86482322781250076 ) ) ;
#10211 = VERTEX_POINT ( 'NONE', #6232 ) ;
#10212 = DIRECTION ( 'NONE',  ( 1.000000000000000000, -0.000000000000000000, 0.000000000000000000 ) ) ;
#10213 = CARTESIAN_POINT ( 'NONE',  ( -3.064999999999999947, -17.94999999999999929, 4.500000000000000888 ) ) ;
#10214 = DIRECTION ( 'NONE',  ( -1.000000000000000000, -0.000000000000000000, -0.000000000000000000 ) ) ;
#10215 = LINE ( 'NONE', #1534, #11397 ) ;
#10216 = LINE ( 'NONE', #697, #13092 ) ;
#10217 = ORIENTED_EDGE ( 'NONE', *, *, #2186, .F. ) ;
#10218 = VECTOR ( 'NONE', #842, 1000.000000000000000 ) ;
#10219 = DIRECTION ( 'NONE',  ( 0.000000000000000000, 0.000000000000000000, 1.000000000000000000 ) ) ;
#10220 = DIRECTION ( 'NONE',  ( 1.000000000000000000, 0.000000000000000000, 0.000000000000000000 ) ) ;
#10221 = EDGE_CURVE ( 'NONE', #13478, #8999, #10395, .T. ) ;
#10222 = DIRECTION ( 'NONE',  ( 1.000000000000000000, 0.000000000000000000, -0.000000000000000000 ) ) ;
#10223 = ORIENTED_EDGE ( 'NONE', *, *, #1720, .T. ) ;
#10224 = SURFACE_STYLE_FILL_AREA ( #8155 ) ;
#10225 = STYLED_ITEM ( 'NONE', ( #8413 ), #10046 ) ;
#10226 = CARTESIAN_POINT ( 'NONE',  ( 4.771619048834000232, -2.337200000000000166, 4.500000000000000888 ) ) ;
#10227 = CARTESIAN_POINT ( 'NONE',  ( 0.000000000000000000, -21.56650000000000134, 0.000000000000000000 ) ) ;
#10228 = CARTESIAN_POINT ( 'NONE',  ( -8.394999999999999574, -22.66649999999999920, 4.950000000000000178 ) ) ;
#10229 =( NAMED_UNIT ( * ) PLANE_ANGLE_UNIT ( ) SI_UNIT ( $, .RADIAN. ) );
#10231 = ORIENTED_EDGE ( 'NONE', *, *, #6572, .F. ) ;
#10230 = CARTESIAN_POINT ( 'NONE',  ( -0.4949999999999999956, -23.77649999999999864, 1.145000000000000240 ) ) ;
#10232 = EDGE_CURVE ( 'NONE', #13253, #5522, #3038, .T. ) ;
#10233 =( NAMED_UNIT ( * ) PLANE_ANGLE_UNIT ( ) SI_UNIT ( $, .RADIAN. ) );
#10234 = DIRECTION ( 'NONE',  ( 0.000000000000000000, 1.000000000000000000, -0.000000000000000000 ) ) ;
#10235 = CARTESIAN_POINT ( 'NONE',  ( 4.843171106557091043, -12.04650000000000887, 3.629999999999999449 ) ) ;
#10236 = CARTESIAN_POINT ( 'NONE',  ( 8.474999999999999645, -19.40650000000000119, 4.850000000000000533 ) ) ;
#10237 = LINE ( 'NONE', #11089, #1125 ) ;
#10238 = VERTEX_POINT ( 'NONE', #10460 ) ;
#10239 = ORIENTED_EDGE ( 'NONE', *, *, #9430, .T. ) ;
#10240 = DIRECTION ( 'NONE',  ( 1.000000000000000000, 0.000000000000000000, -0.000000000000000000 ) ) ;
#10241 = ORIENTED_EDGE ( 'NONE', *, *, #9560, .F. ) ;
#10242 = ORIENTED_EDGE ( 'NONE', *, *, #9497, .F. ) ;
#10243 = EDGE_CURVE ( 'NONE', #3620, #10669, #2968, .T. ) ;
#10244 = DIRECTION ( 'NONE',  ( -0.4775043600801360255, 0.8786293792632133837, 0.000000000000000000 ) ) ;
#10245 = CARTESIAN_POINT ( 'NONE',  ( 15.94999999999999929, -2.399999999999999467, -3.472485578728000011 ) ) ;
#10246 = ORIENTED_EDGE ( 'NONE', *, *, #9206, .T. ) ;
#10247 = CARTESIAN_POINT ( 'NONE',  ( -5.205000000000000071, -17.94999999999999929, -7.519999999999999574 ) ) ;
#10248 = AXIS2_PLACEMENT_3D ( 'NONE', #5927, #10159, #9196 ) ;
#10249 = ORIENTED_EDGE ( 'NONE', *, *, #6912, .T. ) ;
#10250 = VECTOR ( 'NONE', #3669, 1000.000000000000000 ) ;
#10251 = ORIENTED_EDGE ( 'NONE', *, *, #5423, .T. ) ;
#10252 = EDGE_CURVE ( 'NONE', #7018, #9290, #7223, .T. ) ;
#10253 = EDGE_LOOP ( 'NONE', ( #11201, #10611, #6025, #10008, #2162, #9495, #9468, #14, #12252, #2316 ) ) ;
#10254 = CARTESIAN_POINT ( 'NONE',  ( 10.15000000000000036, -21.56650000000000134, 4.650000000000000355 ) ) ;
#10255 = ORIENTED_EDGE ( 'NONE', *, *, #9596, .F. ) ;
#10256 = VECTOR ( 'NONE', #6008, 1000.000000000000000 ) ;
#10257 = ORIENTED_EDGE ( 'NONE', *, *, #3084, .T. ) ;
#10258 = CARTESIAN_POINT ( 'NONE',  ( -7.509999999999999787, -3.313815743959999782, 4.650000000000000355 ) ) ;
#10259 = PLANE ( 'NONE',  #11536 ) ;
#10260 = CARTESIAN_POINT ( 'NONE',  ( 24.89999999999999858, -12.19999999999999929, 15.80886698680999913 ) ) ;
#10261 = EDGE_CURVE ( 'NONE', #2247, #5112, #5187, .T. ) ;
#10262 = CARTESIAN_POINT ( 'NONE',  ( -22.15638586528285714, -2.399999999999999911, -4.400000000000945377 ) ) ;
#10263 = ORIENTED_EDGE ( 'NONE', *, *, #12668, .F. ) ;
#10264 = VERTEX_POINT ( 'NONE', #7350 ) ;
#10265 = DIRECTION ( 'NONE',  ( 0.000000000000000000, 0.000000000000000000, -1.000000000000000000 ) ) ;
#10266 = EDGE_CURVE ( 'NONE', #7764, #5761, #1929, .T. ) ;
#10267 = UNCERTAINTY_MEASURE_WITH_UNIT (LENGTH_MEASURE( 1.000000000000000082E-05 ), #12344, 'distance_accuracy_value', 'NONE');
#10268 = CARTESIAN_POINT ( 'NONE',  ( -7.000000000000000000, -19.40650000000000119, 4.650000000000000355 ) ) ;
#10269 = ORIENTED_EDGE ( 'NONE', *, *, #4122, .F. ) ;
#10270 = ORIENTED_EDGE ( 'NONE', *, *, #7412, .T. ) ;
#10271 = AXIS2_PLACEMENT_3D ( 'NONE', #9791, #4378, #277 ) ;
#10272 = AXIS2_PLACEMENT_3D ( 'NONE', #4819, #634, #3913 ) ;
#10273 = VECTOR ( 'NONE', #11861, 1000.000000000000000 ) ;
#10274 = VECTOR ( 'NONE', #4424, 1000.000000000000000 ) ;
#10275 = FACE_OUTER_BOUND ( 'NONE', #12490, .T. ) ;
#10276 = VERTEX_POINT ( 'NONE', #4138 ) ;
#10277 = CARTESIAN_POINT ( 'NONE',  ( 10.93500000000000050, -17.94999999999999929, 7.519999999999999574 ) ) ;
#10278 = DIRECTION ( 'NONE',  ( -0.09602825923645796902, -0.9953786080823796567, 0.000000000000000000 ) ) ;
#10279 = CARTESIAN_POINT ( 'NONE',  ( 4.714999999999999858, -13.31649999999999956, 4.650000000000000355 ) ) ;
#10280 = LINE ( 'NONE', #9175, #3831 ) ;
#10281 = PRESENTATION_LAYER_ASSIGNMENT (  '', '', ( #13391 ) ) ;
#10282 = FACE_OUTER_BOUND ( 'NONE', #2853, .T. ) ;
#10283 = EDGE_CURVE ( 'NONE', #1788, #9552, #8382, .T. ) ;
#10284 = VECTOR ( 'NONE', #4936, 1000.000000000000000 ) ;
#10285 = CARTESIAN_POINT ( 'NONE',  ( 5.724999999999999645, -19.40650000000000119, 4.850000000000000533 ) ) ;
#10286 = AXIS2_PLACEMENT_3D ( 'NONE', #13090, #11006, #218 ) ;
#10287 = CARTESIAN_POINT ( 'NONE',  ( 7.000000000000000000, -17.57000000000000384, 7.190000000000000391 ) ) ;
#10288 = FACE_OUTER_BOUND ( 'NONE', #3729, .T. ) ;
#10289 = ORIENTED_EDGE ( 'NONE', *, *, #6103, .F. ) ;
#10290 = VECTOR ( 'NONE', #12886, 1000.000000000000000 ) ;
#10291 = PLANE ( 'NONE',  #1308 ) ;
#10292 = VECTOR ( 'NONE', #12154, 1000.000000000000000 ) ;
#10293 = VECTOR ( 'NONE', #5543, 1000.000000000000000 ) ;
#10294 = CARTESIAN_POINT ( 'NONE',  ( 1.300000000000000266, -3.556500000000000217, 0.4299999999999998268 ) ) ;
#10295 = VECTOR ( 'NONE', #4311, 1000.000000000000000 ) ;
#10296 = VECTOR ( 'NONE', #4035, 1000.000000000000114 ) ;
#10297 = EDGE_CURVE ( 'NONE', #457, #6078, #11586, .T. ) ;
#10298 = LINE ( 'NONE', #5028, #10296 ) ;
#10299 = CARTESIAN_POINT ( 'NONE',  ( -10.36500000000000021, -22.96649999999999991, 3.509999999999999787 ) ) ;
#10300 = VECTOR ( 'NONE', #12073, 1000.000000000000000 ) ;
#10301 = DIRECTION ( 'NONE',  ( -1.000000000000000000, 0.000000000000000000, -0.000000000000000000 ) ) ;
#10302 = VECTOR ( 'NONE', #8231, 1000.000000000000000 ) ;
#10304 = ORIENTED_EDGE ( 'NONE', *, *, #10682, .T. ) ;
#10303 = CARTESIAN_POINT ( 'NONE',  ( 9.285000000000000142, -12.04649999999999999, 3.629999999999999893 ) ) ;
#10305 = DIRECTION ( 'NONE',  ( -1.000000000000000000, 0.000000000000000000, 0.000000000000000000 ) ) ;
#10306 = CARTESIAN_POINT ( 'NONE',  ( 1.395000000000000018, -22.58650000000000091, -3.509999999999999787 ) ) ;
#10307 = CARTESIAN_POINT ( 'NONE',  ( 13.50000000000000000, 0.000000000000000000, 0.000000000000000000 ) ) ;
#10308 = EDGE_CURVE ( 'NONE', #8359, #11443, #652, .T. ) ;
#10309 = DIRECTION ( 'NONE',  ( 0.000000000000000000, -0.000000000000000000, 1.000000000000000000 ) ) ;
#10310 = CARTESIAN_POINT ( 'NONE',  ( -2.415000000000000036, -22.96649999999999991, -3.509999999999999787 ) ) ;
#10311 = COLOUR_RGB ( '',1.000000000000000000, 1.000000000000000000, 1.000000000000000000 ) ;
#10312 = CARTESIAN_POINT ( 'NONE',  ( 13.50000000000000000, -15.40000000000000213, 15.80886698680999913 ) ) ;
#10313 = CIRCLE ( 'NONE', #2770, 3.200000000000001510 ) ;
#10314 = CARTESIAN_POINT ( 'NONE',  ( -8.500000000000000000, -17.37650000000000006, 7.190000000000000391 ) ) ;
#10315 = VECTOR ( 'NONE', #12891, 1000.000000000000000 ) ;
#10316 = ORIENTED_EDGE ( 'NONE', *, *, #11155, .F. ) ;
#10317 = CARTESIAN_POINT ( 'NONE',  ( 9.414999999999999147, -2.337200000000000166, 4.649999999999999467 ) ) ;
#10318 = VECTOR ( 'NONE', #9111, 1000.000000000000000 ) ;
#10319 = VERTEX_POINT ( 'NONE', #7953 ) ;
#10320 = ORIENTED_EDGE ( 'NONE', *, *, #4829, .F. ) ;
#10321 = LINE ( 'NONE', #2825, #8486 ) ;
#10322 = ORIENTED_EDGE ( 'NONE', *, *, #13452, .F. ) ;
#10323 = VERTEX_POINT ( 'NONE', #2678 ) ;
#10324 = LINE ( 'NONE', #13522, #8793 ) ;
#10325 = CARTESIAN_POINT ( 'NONE',  ( 2.284999999999999698, -17.37650000000000006, -4.500000000000000888 ) ) ;
#10326 = AXIS2_PLACEMENT_3D ( 'NONE', #35, #4283, #12785 ) ;
#10327 = CARTESIAN_POINT ( 'NONE',  ( -24.89999999999999858, 0.000000000000000000, 15.80886698680999913 ) ) ;
#10328 = ORIENTED_EDGE ( 'NONE', *, *, #616, .T. ) ;
#10329 = CARTESIAN_POINT ( 'NONE',  ( 3.064999999999999947, -20.17650000000000077, 7.519999999999999574 ) ) ;
#10330 = VECTOR ( 'NONE', #5791, 1000.000000000000000 ) ;
#10331 = FACE_OUTER_BOUND ( 'NONE', #13093, .T. ) ;
#10332 = PLANE ( 'NONE',  #7 ) ;
#10333 = VERTEX_POINT ( 'NONE', #11291 ) ;
#10334 = VECTOR ( 'NONE', #10182, 1000.000000000000000 ) ;
#10335 = EDGE_CURVE ( 'NONE', #5338, #8169, #13243, .T. ) ;
#10336 = VECTOR ( 'NONE', #5900, 1000.000000000000000 ) ;
#10337 = EDGE_LOOP ( 'NONE', ( #5764, #4055, #5425, #3537 ) ) ;
#10338 = CARTESIAN_POINT ( 'NONE',  ( 21.69999999999999929, -12.19999999999999929, 13.40886698681000055 ) ) ;
#10339 = ORIENTED_EDGE ( 'NONE', *, *, #859, .T. ) ;
#10340 = ORIENTED_EDGE ( 'NONE', *, *, #4601, .F. ) ;
#10341 = LINE ( 'NONE', #823, #13027 ) ;
#10342 = CARTESIAN_POINT ( 'NONE',  ( 0.000000000000000000, -22.96649999999999991, 4.650000000000000355 ) ) ;
#10343 = LINE ( 'NONE', #11597, #9145 ) ;
#10344 = ORIENTED_EDGE ( 'NONE', *, *, #5727, .F. ) ;
#10345 = CARTESIAN_POINT ( 'NONE',  ( -5.679199999999999804, -2.337200000000000166, 4.500000000000000888 ) ) ;
#10346 = EDGE_CURVE ( 'NONE', #7003, #931, #5799, .T. ) ;
#10347 = CARTESIAN_POINT ( 'NONE',  ( 22.15638586528239529, 0.000000000000000000, -4.400000000000000355 ) ) ;
#10348 = ORIENTED_EDGE ( 'NONE', *, *, #428, .T. ) ;
#10349 = VERTEX_POINT ( 'NONE', #1705 ) ;
#10350 = EDGE_CURVE ( 'NONE', #6708, #1449, #1631, .T. ) ;
#10351 = AXIS2_PLACEMENT_3D ( 'NONE', #589, #11650, #9277 ) ;
#10352 = ADVANCED_FACE ( 'NONE', ( #11154 ), #7889, .F. ) ;
#10353 = LINE ( 'NONE', #3896, #4515 ) ;
#10354 = VERTEX_POINT ( 'NONE', #2607 ) ;
#10355 = CARTESIAN_POINT ( 'NONE',  ( -24.89999999999999858, 0.000000000000000000, 0.000000000000000000 ) ) ;
#10356 = DIRECTION ( 'NONE',  ( -1.000000000000000000, -0.000000000000000000, 0.000000000000000000 ) ) ;
#10357 = DIRECTION ( 'NONE',  ( 0.000000000000000000, 0.000000000000000000, 1.000000000000000000 ) ) ;
#10358 = EDGE_CURVE ( 'NONE', #4344, #8916, #10237, .T. ) ;
#10359 = DIRECTION ( 'NONE',  ( 0.000000000000000000, 1.000000000000000000, 0.000000000000000000 ) ) ;
#10360 = VECTOR ( 'NONE', #9543, 1000.000000000000000 ) ;
#10361 = CARTESIAN_POINT ( 'NONE',  ( -5.605000000000000426, -22.66649999999999920, 4.650000000000000355 ) ) ;
#10362 = DIRECTION ( 'NONE',  ( -0.000000000000000000, 1.000000000000000000, 0.000000000000000000 ) ) ;
#10363 = LINE ( 'NONE', #5081, #7097 ) ;
#10364 = VERTEX_POINT ( 'NONE', #511 ) ;
#10365 = CARTESIAN_POINT ( 'NONE',  ( 6.522485578728000277, -2.399999999999999467, -8.150000000000000355 ) ) ;
#10366 = PLANE ( 'NONE',  #13632 ) ;
#10367 = ADVANCED_FACE ( 'NONE', ( #9209 ), #13454, .T. ) ;
#10368 = ORIENTED_EDGE ( 'NONE', *, *, #9060, .F. ) ;
#10369 = CARTESIAN_POINT ( 'NONE',  ( -5.705000000000000071, -13.31649999999999956, 3.660000000000000142 ) ) ;
#10370 = CARTESIAN_POINT ( 'NONE',  ( 20.30000000000000071, -2.399999999999999911, -6.500000000000000888 ) ) ;
#10371 = LINE ( 'NONE', #2230, #9815 ) ;
#10373 = ORIENTED_EDGE ( 'NONE', *, *, #3767, .F. ) ;
#10372 = LINE ( 'NONE', #1905, #11376 ) ;
#10374 = FACE_OUTER_BOUND ( 'NONE', #1439, .T. ) ;
#10375 = DIRECTION ( 'NONE',  ( -1.000000000000000000, 0.000000000000000000, 0.000000000000000000 ) ) ;
#10376 = CARTESIAN_POINT ( 'NONE',  ( 8.474999999999999645, -19.40650000000000119, 7.189999999999999503 ) ) ;
#10377 =( NAMED_UNIT ( * ) SI_UNIT ( $, .STERADIAN. ) SOLID_ANGLE_UNIT ( ) );
#10378 = CARTESIAN_POINT ( 'NONE',  ( -3.935000000000000053, -20.17650000000000077, -7.519999999999999574 ) ) ;
#10379 = LINE ( 'NONE', #4123, #9296 ) ;
#10380 = EDGE_CURVE ( 'NONE', #8466, #11979, #12272, .T. ) ;
#10381 = EDGE_CURVE ( 'NONE', #4202, #9021, #3714, .T. ) ;
#10382 = CARTESIAN_POINT ( 'NONE',  ( 1.500000000000000000, -17.37650000000000006, -6.860000000000000320 ) ) ;
#10383 = EDGE_CURVE ( 'NONE', #12443, #1724, #11227, .T. ) ;
#10384 = ORIENTED_EDGE ( 'NONE', *, *, #2888, .F. ) ;
#10385 = ORIENTED_EDGE ( 'NONE', *, *, #6184, .T. ) ;
#10386 = DIRECTION ( 'NONE',  ( -1.000000000000000000, 0.000000000000000000, -0.000000000000000000 ) ) ;
#10387 = VERTEX_POINT ( 'NONE', #1773 ) ;
#10388 = ORIENTED_EDGE ( 'NONE', *, *, #1686, .F. ) ;
#10389 = CARTESIAN_POINT ( 'NONE',  ( -1.395000000000000018, -23.77649999999999864, -3.330000000000000071 ) ) ;
#10390 = DIRECTION ( 'NONE',  ( 0.000000000000000000, 0.000000000000000000, 1.000000000000000000 ) ) ;
#10391 = DIRECTION ( 'NONE',  ( 1.000000000000000000, 0.000000000000000000, -0.000000000000000000 ) ) ;
#10392 = ORIENTED_EDGE ( 'NONE', *, *, #443, .T. ) ;
#10393 = DIRECTION ( 'NONE',  ( 0.000000000000000000, 0.000000000000000000, -1.000000000000000000 ) ) ;
#10394 = DIRECTION ( 'NONE',  ( 0.000000000000000000, -1.000000000000000000, 0.000000000000000000 ) ) ;
#10395 = LINE ( 'NONE', #4064, #12011 ) ;
#10396 = EDGE_CURVE ( 'NONE', #11952, #13536, #9133, .T. ) ;
#10397 = ORIENTED_EDGE ( 'NONE', *, *, #5841, .F. ) ;
#10398 = CARTESIAN_POINT ( 'NONE',  ( 2.285000000000000142, -15.34650000000000070, -4.320000000000000284 ) ) ;
#10399 = ORIENTED_EDGE ( 'NONE', *, *, #13452, .T. ) ;
#10400 = ORIENTED_EDGE ( 'NONE', *, *, #2990, .T. ) ;
#10401 = CARTESIAN_POINT ( 'NONE',  ( -5.525000000000000355, -17.37650000000000006, 7.190000000000000391 ) ) ;
#10402 = CARTESIAN_POINT ( 'NONE',  ( -0.4949999999999999956, -23.77649999999999864, -1.830000000000000071 ) ) ;
#10403 = PLANE ( 'NONE',  #5585 ) ;
#10404 = VERTEX_POINT ( 'NONE', #7058 ) ;
#10405 = LINE ( 'NONE', #11392, #7239 ) ;
#10406 = VECTOR ( 'NONE', #4828, 1000.000000000000000 ) ;
#10407 = LINE ( 'NONE', #8261, #5369 ) ;
#10408 = ORIENTED_EDGE ( 'NONE', *, *, #9925, .T. ) ;
#10409 = VECTOR ( 'NONE', #4305, 1000.000000000000000 ) ;
#10410 = ORIENTED_EDGE ( 'NONE', *, *, #13246, .T. ) ;
#10411 = CIRCLE ( 'NONE', #6204, 1.400000000000000133 ) ;
#10412 = UNCERTAINTY_MEASURE_WITH_UNIT (LENGTH_MEASURE( 1.000000000000000082E-05 ), #791, 'distance_accuracy_value', 'NONE');
#10413 = PRESENTATION_LAYER_ASSIGNMENT (  '', '', ( #1760 ) ) ;
#10414 = ORIENTED_EDGE ( 'NONE', *, *, #1294, .T. ) ;
#10415 = CARTESIAN_POINT ( 'NONE',  ( -9.414999999999999147, -17.94999999999999929, 4.500000000000000888 ) ) ;
#10416 = VERTEX_POINT ( 'NONE', #9396 ) ;
#10417 = DIRECTION ( 'NONE',  ( -0.000000000000000000, 0.000000000000000000, -1.000000000000000000 ) ) ;
#10418 = DIRECTION ( 'NONE',  ( 0.000000000000000000, 0.000000000000000000, -1.000000000000000000 ) ) ;
#10419 = FACE_OUTER_BOUND ( 'NONE', #11788, .T. ) ;
#10420 = DIRECTION ( 'NONE',  ( 0.000000000000000000, -0.000000000000000000, 1.000000000000000000 ) ) ;
#10421 = DIRECTION ( 'NONE',  ( 0.000000000000000000, 0.000000000000000000, -1.000000000000000000 ) ) ;
#10422 = ADVANCED_FACE ( 'NONE', ( #9536 ), #13655, .F. ) ;
#10423 = LINE ( 'NONE', #5225, #4780 ) ;
#10424 = CARTESIAN_POINT ( 'NONE',  ( -14.55875721064000139, -17.94999999999999929, -6.831242789363999535 ) ) ;
#10425 = PLANE ( 'NONE',  #1766 ) ;
#10426 = STYLED_ITEM ( 'NONE', ( #8316 ), #9193 ) ;
#10427 = ORIENTED_EDGE ( 'NONE', *, *, #5111, .T. ) ;
#10428 = EDGE_CURVE ( 'NONE', #6774, #13043, #8235, .T. ) ;
#10429 = CARTESIAN_POINT ( 'NONE',  ( -5.730000000000001315, -17.37650000000000006, 3.840000000000000302 ) ) ;
#10430 = ORIENTED_EDGE ( 'NONE', *, *, #12332, .F. ) ;
#10431 = DIRECTION ( 'NONE',  ( 0.4775043600801140986, 0.8786293792632253741, -0.000000000000000000 ) ) ;
#10433 = VECTOR ( 'NONE', #13021, 1000.000000000000000 ) ;
#10432 = CARTESIAN_POINT ( 'NONE',  ( -3.064999999999999947, -20.17650000000000077, 7.519999999999999574 ) ) ;
#10434 = CARTESIAN_POINT ( 'NONE',  ( 20.30000000000000071, 0.000000000000000000, -6.500000000000001776 ) ) ;
#10435 = ORIENTED_EDGE ( 'NONE', *, *, #13539, .T. ) ;
#10436 = DIRECTION ( 'NONE',  ( -0.000000000000000000, 1.000000000000000000, 0.000000000000000000 ) ) ;
#10437 =( NAMED_UNIT ( * ) SI_UNIT ( $, .STERADIAN. ) SOLID_ANGLE_UNIT ( ) );
#10438 = EDGE_CURVE ( 'NONE', #2177, #12995, #13515, .T. ) ;
#10439 = CARTESIAN_POINT ( 'NONE',  ( -1.394999999999999796, -22.58649999999999736, -3.509999999999999787 ) ) ;
#10440 = CARTESIAN_POINT ( 'NONE',  ( 9.414999999999999147, -22.96649999999999991, 7.519999999999999574 ) ) ;
#10441 = CARTESIAN_POINT ( 'NONE',  ( -8.394999999999999574, -23.77649999999999508, 15.50000000000000000 ) ) ;
#10442 = FACE_OUTER_BOUND ( 'NONE', #5178, .T. ) ;
#10443 = AXIS2_PLACEMENT_3D ( 'NONE', #4580, #7710, #13009 ) ;
#10444 = ADVANCED_FACE ( 'NONE', ( #10520 ), #7471, .T. ) ;
#10445 = VERTEX_POINT ( 'NONE', #11572 ) ;
#10446 = CARTESIAN_POINT ( 'NONE',  ( 8.394999999999999574, -22.96649999999999991, 15.50000000000000000 ) ) ;
#10447 = ORIENTED_EDGE ( 'NONE', *, *, #11261, .T. ) ;
#10448 = EDGE_LOOP ( 'NONE', ( #8254, #6183 ) ) ;
#10449 = CARTESIAN_POINT ( 'NONE',  ( -5.724999999999999645, -13.31649999999999956, 3.640000000000000124 ) ) ;
#10450 = ORIENTED_EDGE ( 'NONE', *, *, #1013, .F. ) ;
#10451 = ORIENTED_EDGE ( 'NONE', *, *, #11418, .F. ) ;
#10452 = CARTESIAN_POINT ( 'NONE',  ( -8.500000000000000000, -17.57000000000000384, 13.40000000000000036 ) ) ;
#10453 = DIRECTION ( 'NONE',  ( 0.000000000000000000, 0.000000000000000000, -1.000000000000000000 ) ) ;
#10454 = EDGE_CURVE ( 'NONE', #12240, #6734, #12479, .T. ) ;
#10455 = FILL_AREA_STYLE ('',( #1924 ) ) ;
#10456 = ORIENTED_EDGE ( 'NONE', *, *, #11723, .T. ) ;
#10457 = CARTESIAN_POINT ( 'NONE',  ( -4.584999999999999964, -2.337200000000000166, 4.500000000000000888 ) ) ;
#10458 = LINE ( 'NONE', #4136, #11762 ) ;
#10459 = EDGE_CURVE ( 'NONE', #3532, #4257, #3986, .T. ) ;
#10460 = CARTESIAN_POINT ( 'NONE',  ( -3.935000000000000053, -17.94999999999999929, -7.519999999999999574 ) ) ;
#10461 = LINE ( 'NONE', #4139, #8736 ) ;
#10462 = EDGE_CURVE ( 'NONE', #10802, #4413, #2951, .T. ) ;
#10463 = ORIENTED_EDGE ( 'NONE', *, *, #13486, .F. ) ;
#10464 = DIRECTION ( 'NONE',  ( -1.000000000000000000, 0.000000000000000000, 0.000000000000000000 ) ) ;
#10465 = VERTEX_POINT ( 'NONE', #10446 ) ;
#10466 = ORIENTED_EDGE ( 'NONE', *, *, #8, .F. ) ;
#10467 = EDGE_CURVE ( 'NONE', #4439, #1974, #6156, .T. ) ;
#10468 = ADVANCED_FACE ( 'NONE', ( #7338 ), #10653, .T. ) ;
#10469 = DIRECTION ( 'NONE',  ( -0.4775043600801141541, -0.8786293792632253741, 0.000000000000000000 ) ) ;
#10470 = FACE_OUTER_BOUND ( 'NONE', #8714, .T. ) ;
#10471 = DIRECTION ( 'NONE',  ( -1.000000000000000000, 0.000000000000000000, -0.000000000000000000 ) ) ;
#10472 = ORIENTED_EDGE ( 'NONE', *, *, #3977, .F. ) ;
#10473 = VECTOR ( 'NONE', #8941, 1000.000000000000000 ) ;
#10474 = FILL_AREA_STYLE_COLOUR ( '', #2554 ) ;
#10475 = DIRECTION ( 'NONE',  ( 0.4775043600801356924, 0.8786293792632137167, 0.000000000000000000 ) ) ;
#10477 = ORIENTED_EDGE ( 'NONE', *, *, #2231, .T. ) ;
#10476 = EDGE_CURVE ( 'NONE', #1918, #1971, #7397, .T. ) ;
#10478 = ORIENTED_EDGE ( 'NONE', *, *, #12122, .F. ) ;
#10479 = VECTOR ( 'NONE', #9460, 1000.000000000000000 ) ;
#10480 =( GEOMETRIC_REPRESENTATION_CONTEXT ( 3 ) GLOBAL_UNCERTAINTY_ASSIGNED_CONTEXT ( ( #1944 ) ) GLOBAL_UNIT_ASSIGNED_CONTEXT ( ( #12650, #1154, #4354 ) ) REPRESENTATION_CONTEXT ( 'NONE', 'WORKASPACE' ) );
#10481 = ADVANCED_FACE ( 'NONE', ( #921 ), #9467, .T. ) ;
#10482 = ORIENTED_EDGE ( 'NONE', *, *, #10720, .T. ) ;
#10483 = FACE_OUTER_BOUND ( 'NONE', #9357, .T. ) ;
#10484 = ORIENTED_EDGE ( 'NONE', *, *, #4340, .F. ) ;
#10485 = CARTESIAN_POINT ( 'NONE',  ( 18.36268000000000100, -22.66649999999999920, 4.950000000000000178 ) ) ;
#10486 = LINE ( 'NONE', #9173, #13748 ) ;
#10487 = FACE_OUTER_BOUND ( 'NONE', #8767, .T. ) ;
#10488 = CARTESIAN_POINT ( 'NONE',  ( 20.00000000000000000, 0.000000000000000000, 1.750000000000000000 ) ) ;
#10489 = EDGE_CURVE ( 'NONE', #8442, #12625, #3348, .T. ) ;
#10490 = CARTESIAN_POINT ( 'NONE',  ( -9.414999999999999147, -2.337200000000000166, 4.500000000000000888 ) ) ;
#10491 = VECTOR ( 'NONE', #13078, 1000.000000000000000 ) ;
#10492 = LINE ( 'NONE', #2864, #1216 ) ;
#10493 = CARTESIAN_POINT ( 'NONE',  ( -2.285000000000000142, -17.37650000000000006, -4.320000000000000284 ) ) ;
#10494 = DIRECTION ( 'NONE',  ( -1.000000000000000000, -0.000000000000000000, -0.000000000000000000 ) ) ;
#10495 = ORIENTED_EDGE ( 'NONE', *, *, #11104, .T. ) ;
#10496 = AXIS2_PLACEMENT_3D ( 'NONE', #6856, #1503, #11162 ) ;
#10497 = VECTOR ( 'NONE', #6327, 1000.000000000000000 ) ;
#10498 = CARTESIAN_POINT ( 'NONE',  ( 7.000000000000000000, -13.31649999999999956, 3.840000000000000302 ) ) ;
#10499 = ORIENTED_EDGE ( 'NONE', *, *, #8347, .T. ) ;
#10500 = DIRECTION ( 'NONE',  ( 0.000000000000000000, 1.000000000000000000, -0.000000000000000000 ) ) ;
#10501 = CARTESIAN_POINT ( 'NONE',  ( 8.429999999999999716, -15.22000000000000064, -1.017359312880999900 ) ) ;
#10502 = DIRECTION ( 'NONE',  ( 0.000000000000000000, 0.000000000000000000, -1.000000000000000000 ) ) ;
#10503 = AXIS2_PLACEMENT_3D ( 'NONE', #6305, #8715, #10542 ) ;
#10504 = VECTOR ( 'NONE', #13436, 1000.000000000000000 ) ;
#10505 = FACE_OUTER_BOUND ( 'NONE', #3415, .T. ) ;
#10506 = CARTESIAN_POINT ( 'NONE',  ( -8.859999999999999432, -15.22000000000000242, 10.96000000000000085 ) ) ;
#10507 = COLOUR_RGB ( '',1.000000000000000000, 1.000000000000000000, 1.000000000000000000 ) ;
#10508 = ADVANCED_FACE ( 'NONE', ( #1340 ), #6770, .F. ) ;
#10509 = CARTESIAN_POINT ( 'NONE',  ( 1.780000000000000027, -2.673278531665000290, -4.320000000000000284 ) ) ;
#10510 = CARTESIAN_POINT ( 'NONE',  ( -9.414999999999999147, -13.31650000000000134, 4.500000000000000888 ) ) ;
#10511 = CARTESIAN_POINT ( 'NONE',  ( -5.647522111928036992, -12.04650000000000531, 3.629999999999999449 ) ) ;
#10512 = EDGE_LOOP ( 'NONE', ( #12793, #7290, #8829, #8878, #3951, #10176 ) ) ;
#10513 = EDGE_CURVE ( 'NONE', #8187, #2288, #4531, .T. ) ;
#10514 = FILL_AREA_STYLE ('',( #5364 ) ) ;
#10515 = AXIS2_PLACEMENT_3D ( 'NONE', #1010, #11453, #5257 ) ;
#10516 = CIRCLE ( 'NONE', #12311, 0.9899999999999999911 ) ;
#10517 = AXIS2_PLACEMENT_3D ( 'NONE', #5973, #1674, #5907 ) ;
#10518 = ADVANCED_FACE ( 'NONE', ( #9736 ), #12821, .T. ) ;
#10519 = ORIENTED_EDGE ( 'NONE', *, *, #1658, .T. ) ;
#10520 = FACE_OUTER_BOUND ( 'NONE', #13460, .T. ) ;
#10521 = CIRCLE ( 'NONE', #1647, 0.1999999999999996503 ) ;
#10522 = AXIS2_PLACEMENT_3D ( 'NONE', #5294, #5240, #4044 ) ;
#10523 = VERTEX_POINT ( 'NONE', #5500 ) ;
#10524 = VERTEX_POINT ( 'NONE', #8633 ) ;
#10525 = EDGE_CURVE ( 'NONE', #5723, #10885, #8833, .T. ) ;
#10526 = CARTESIAN_POINT ( 'NONE',  ( 2.156828893442999995, -12.04649999999999999, -3.299999999999999822 ) ) ;
#10527 = ORIENTED_EDGE ( 'NONE', *, *, #7069, .T. ) ;
#10529 = ORIENTED_EDGE ( 'NONE', *, *, #11748, .F. ) ;
#10528 = DIRECTION ( 'NONE',  ( 0.000000000000000000, -1.000000000000000000, 0.000000000000000000 ) ) ;
#10530 = DIRECTION ( 'NONE',  ( 0.000000000000000000, -0.000000000000000000, 1.000000000000000000 ) ) ;
#10531 = DIRECTION ( 'NONE',  ( 0.000000000000000000, 0.000000000000000000, -1.000000000000000000 ) ) ;
#10532 = PLANE ( 'NONE',  #3419 ) ;
#10533 = ORIENTED_EDGE ( 'NONE', *, *, #1185, .F. ) ;
#10534 = EDGE_CURVE ( 'NONE', #11302, #924, #12952, .T. ) ;
#10535 = FACE_OUTER_BOUND ( 'NONE', #2460, .T. ) ;
#10536 = VECTOR ( 'NONE', #1655, 1000.000000000000000 ) ;
#10537 = CARTESIAN_POINT ( 'NONE',  ( -10.36500000000000021, -22.96649999999999991, 3.509999999999999787 ) ) ;
#10538 = VECTOR ( 'NONE', #4265, 1000.000000000000000 ) ;
#10539 = DIRECTION ( 'NONE',  ( 0.000000000000000000, 1.000000000000000000, 0.000000000000000000 ) ) ;
#10540 = VECTOR ( 'NONE', #11807, 1000.000000000000000 ) ;
#10541 = VERTEX_POINT ( 'NONE', #9802 ) ;
#10542 = DIRECTION ( 'NONE',  ( 0.000000000000000000, 0.000000000000000000, -1.000000000000000000 ) ) ;
#10543 = VERTEX_POINT ( 'NONE', #5441 ) ;
#10544 = VECTOR ( 'NONE', #8311, 1000.000000000000000 ) ;
#10545 = EDGE_CURVE ( 'NONE', #8679, #9289, #288, .T. ) ;
#10546 = ORIENTED_EDGE ( 'NONE', *, *, #4269, .T. ) ;
#10547 = CARTESIAN_POINT ( 'NONE',  ( -3.634999999999999787, -22.96649999999999991, 3.509999999999999787 ) ) ;
#10548 = CARTESIAN_POINT ( 'NONE',  ( 11.19999999999999929, -17.94999999999999929, -3.472485578728000011 ) ) ;
#10549 = CARTESIAN_POINT ( 'NONE',  ( 1.395000000000000018, -22.96649999999999991, -3.509999999999999787 ) ) ;
#10550 = ORIENTED_EDGE ( 'NONE', *, *, #9320, .T. ) ;
#10551 = AXIS2_PLACEMENT_3D ( 'NONE', #5760, #7917, #9023 ) ;
#10552 = ORIENTED_EDGE ( 'NONE', *, *, #1945, .F. ) ;
#10553 = CIRCLE ( 'NONE', #99, 0.9899999999999999911 ) ;
#10554 = ORIENTED_EDGE ( 'NONE', *, *, #306, .T. ) ;
#10555 = COLOUR_RGB ( '',1.000000000000000000, 1.000000000000000000, 1.000000000000000000 ) ;
#10556 = ADVANCED_FACE ( 'NONE', ( #8771 ), #9672, .F. ) ;
#10557 = EDGE_CURVE ( 'NONE', #2065, #6795, #10050, .T. ) ;
#10558 = EDGE_CURVE ( 'NONE', #3473, #10749, #1269, .T. ) ;
#10559 = VERTEX_POINT ( 'NONE', #8699 ) ;
#10560 = DIRECTION ( 'NONE',  ( -0.8786293792632253741, -0.4775043600801140986, 0.000000000000000000 ) ) ;
#10561 = EDGE_CURVE ( 'NONE', #12935, #4387, #3421, .T. ) ;
#10562 = ORIENTED_EDGE ( 'NONE', *, *, #13552, .F. ) ;
#10563 = CARTESIAN_POINT ( 'NONE',  ( 4.714999999999999858, -19.40650000000000119, 7.190000000000000391 ) ) ;
#10564 = ADVANCED_FACE ( 'NONE', ( #11909 ), #7729, .F. ) ;
#10565 = DIRECTION ( 'NONE',  ( 0.8786293792632253741, 0.4775043600801140986, 0.000000000000000000 ) ) ;
#10566 = DIRECTION ( 'NONE',  ( 0.000000000000000000, 0.000000000000000000, 1.000000000000000000 ) ) ;
#10567 = PLANE ( 'NONE',  #3155 ) ;
#10568 = AXIS2_PLACEMENT_3D ( 'NONE', #3526, #6455, #3388 ) ;
#10569 = FACE_BOUND ( 'NONE', #12275, .T. ) ;
#10570 = DIRECTION ( 'NONE',  ( 0.000000000000000000, 0.000000000000000000, 1.000000000000000000 ) ) ;
#10571 = DIRECTION ( 'NONE',  ( 0.000000000000000000, -0.000000000000000000, -1.000000000000000000 ) ) ;
#10572 = ORIENTED_EDGE ( 'NONE', *, *, #13030, .T. ) ;
#10573 = DIRECTION ( 'NONE',  ( 0.000000000000000000, 1.000000000000000000, 0.000000000000000000 ) ) ;
#10574 = ORIENTED_EDGE ( 'NONE', *, *, #4565, .T. ) ;
#10575 = DIRECTION ( 'NONE',  ( 0.000000000000000000, 0.000000000000000000, -1.000000000000000000 ) ) ;
#10576 = CARTESIAN_POINT ( 'NONE',  ( -8.294999999999999929, -17.37650000000000006, 3.840000000000000302 ) ) ;
#10577 = VECTOR ( 'NONE', #2959, 1000.000000000000000 ) ;
#10578 = DIRECTION ( 'NONE',  ( 0.000000000000000000, -0.000000000000000000, -1.000000000000000000 ) ) ;
#10579 = CARTESIAN_POINT ( 'NONE',  ( -9.285000000000000142, -13.31649999999999956, 3.629999999999999449 ) ) ;
#10580 = DIRECTION ( 'NONE',  ( 1.000000000000000000, 0.000000000000000000, 0.000000000000000000 ) ) ;
#10581 = CARTESIAN_POINT ( 'NONE',  ( 9.414999999999999147, -2.337200000000000166, 4.500000000000000888 ) ) ;
#10582 = ORIENTED_EDGE ( 'NONE', *, *, #12436, .F. ) ;
#10583 = UNCERTAINTY_MEASURE_WITH_UNIT (LENGTH_MEASURE( 1.000000000000000082E-05 ), #13710, 'distance_accuracy_value', 'NONE');
#10584 = LINE ( 'NONE', #11499, #9728 ) ;
#10585 = VECTOR ( 'NONE', #11876, 1000.000000000000000 ) ;
#10586 = VERTEX_POINT ( 'NONE', #1610 ) ;
#10587 = SURFACE_STYLE_FILL_AREA ( #6355 ) ;
#10588 = ORIENTED_EDGE ( 'NONE', *, *, #1197, .F. ) ;
#10589 = VERTEX_POINT ( 'NONE', #9048 ) ;
#10590 = PLANE ( 'NONE',  #6746 ) ;
#10591 = EDGE_CURVE ( 'NONE', #4033, #8996, #8083, .T. ) ;
#10592 = VERTEX_POINT ( 'NONE', #8976 ) ;
#10594 = VERTEX_POINT ( 'NONE', #5718 ) ;
#10593 =( NAMED_UNIT ( * ) SI_UNIT ( $, .STERADIAN. ) SOLID_ANGLE_UNIT ( ) );
#10595 = CARTESIAN_POINT ( 'NONE',  ( -3.149999999999999911, -21.18649999999999878, -4.320000000000000284 ) ) ;
#10596 = CARTESIAN_POINT ( 'NONE',  ( -1.395000000000000018, -23.77649999999999864, 15.74000000000000021 ) ) ;
#10597 = LINE ( 'NONE', #1067, #6321 ) ;
#10598 = VERTEX_POINT ( 'NONE', #10092 ) ;
#10599 = DIRECTION ( 'NONE',  ( -0.000000000000000000, -1.000000000000000000, 0.000000000000000000 ) ) ;
#10600 = CARTESIAN_POINT ( 'NONE',  ( 8.859999999999999432, 3.200000000000000178, 10.96000000000000085 ) ) ;
#10601 = EDGE_CURVE ( 'NONE', #13043, #8399, #12192, .T. ) ;
#10602 = DIRECTION ( 'NONE',  ( 0.000000000000000000, 0.000000000000000000, -1.000000000000000000 ) ) ;
#10603 = EDGE_CURVE ( 'NONE', #5269, #5808, #495, .T. ) ;
#10604 = ORIENTED_EDGE ( 'NONE', *, *, #2486, .F. ) ;
#10605 = DIRECTION ( 'NONE',  ( -0.000000000000000000, 0.000000000000000000, 1.000000000000000000 ) ) ;
#10606 = ORIENTED_EDGE ( 'NONE', *, *, #2990, .F. ) ;
#10607 = ORIENTED_EDGE ( 'NONE', *, *, #6556, .F. ) ;
#10608 = DIRECTION ( 'NONE',  ( 0.000000000000000000, -1.000000000000000000, 0.000000000000000000 ) ) ;
#10609 = DIRECTION ( 'NONE',  ( -0.000000000000000000, 1.000000000000000000, -0.000000000000000000 ) ) ;
#10610 = DIRECTION ( 'NONE',  ( 0.000000000000000000, 0.000000000000000000, 1.000000000000000000 ) ) ;
#10611 = ORIENTED_EDGE ( 'NONE', *, *, #6536, .F. ) ;
#10612 = DIRECTION ( 'NONE',  ( 0.000000000000000000, 0.000000000000000000, 1.000000000000000000 ) ) ;
#10613 = ORIENTED_EDGE ( 'NONE', *, *, #9647, .F. ) ;
#10614 = ORIENTED_EDGE ( 'NONE', *, *, #12868, .F. ) ;
#10615 = ORIENTED_EDGE ( 'NONE', *, *, #271, .T. ) ;
#10616 = LINE ( 'NONE', #2407, #12540 ) ;
#10617 = ORIENTED_EDGE ( 'NONE', *, *, #4185, .T. ) ;
#10618 = DIRECTION ( 'NONE',  ( 1.000000000000000000, -0.000000000000000000, 0.000000000000000000 ) ) ;
#10619 = DIRECTION ( 'NONE',  ( 0.000000000000000000, 1.000000000000000000, 0.000000000000000000 ) ) ;
#10620 = DIRECTION ( 'NONE',  ( -0.7071067811865474617, 0.000000000000000000, 0.7071067811865474617 ) ) ;
#10621 = DIRECTION ( 'NONE',  ( -1.000000000000000000, 0.000000000000000000, -0.000000000000000000 ) ) ;
#10622 = VECTOR ( 'NONE', #7664, 1000.000000000000000 ) ;
#10623 = DIRECTION ( 'NONE',  ( 0.000000000000000000, 0.000000000000000000, 1.000000000000000000 ) ) ;
#10624 = LINE ( 'NONE', #3131, #4207 ) ;
#10625 = EDGE_CURVE ( 'NONE', #12510, #8773, #12129, .T. ) ;
#10626 = SURFACE_STYLE_USAGE ( .BOTH. , #3268 ) ;
#10627 = DIRECTION ( 'NONE',  ( 0.000000000000000000, -0.000000000000000000, 1.000000000000000000 ) ) ;
#10628 = ADVANCED_FACE ( 'NONE', ( #10155 ), #2870, .T. ) ;
#10629 = ORIENTED_EDGE ( 'NONE', *, *, #13181, .F. ) ;
#10630 = EDGE_CURVE ( 'NONE', #9741, #8374, #4817, .T. ) ;
#10631 = AXIS2_PLACEMENT_3D ( 'NONE', #12470, #11562, #6068 ) ;
#10632 = VECTOR ( 'NONE', #9044, 1000.000000000000000 ) ;
#10633 = MECHANICAL_DESIGN_GEOMETRIC_PRESENTATION_REPRESENTATION (  '', ( #1089 ), #9616 ) ;
#10634 = PLANE ( 'NONE',  #12753 ) ;
#10635 = ORIENTED_EDGE ( 'NONE', *, *, #5601, .T. ) ;
#10636 = ORIENTED_EDGE ( 'NONE', *, *, #9948, .T. ) ;
#10637 = EDGE_CURVE ( 'NONE', #5734, #8138, #5785, .T. ) ;
#10638 = LINE ( 'NONE', #9789, #11638 ) ;
#10639 = DIRECTION ( 'NONE',  ( 0.000000000000000000, -0.000000000000000000, 1.000000000000000000 ) ) ;
#10640 = LINE ( 'NONE', #3216, #4275 ) ;
#10641 = ADVANCED_FACE ( 'NONE', ( #568 ), #8008, .F. ) ;
#10642 = CARTESIAN_POINT ( 'NONE',  ( 2.415000000000000036, -22.96649999999999991, -7.519999999999999574 ) ) ;
#10643 = VECTOR ( 'NONE', #8795, 1000.000000000000000 ) ;
#10644 = VECTOR ( 'NONE', #11083, 1000.000000000000000 ) ;
#10645 = DIRECTION ( 'NONE',  ( -0.4775043600801140986, 0.8786293792632253741, 0.000000000000000000 ) ) ;
#10646 = CARTESIAN_POINT ( 'NONE',  ( -20.00000000000000000, -2.399999999999999911, 0.000000000000000000 ) ) ;
#10647 = CARTESIAN_POINT ( 'NONE',  ( 0.000000000000000000, -2.337200000000000166, -4.500000000000000888 ) ) ;
#10648 = ORIENTED_EDGE ( 'NONE', *, *, #12548, .T. ) ;
#10649 = UNCERTAINTY_MEASURE_WITH_UNIT (LENGTH_MEASURE( 1.000000000000000082E-05 ), #12866, 'distance_accuracy_value', 'NONE');
#10650 = DIRECTION ( 'NONE',  ( 0.000000000000000000, 0.000000000000000000, 1.000000000000000000 ) ) ;
#10651 = VECTOR ( 'NONE', #421, 1000.000000000000000 ) ;
#10652 = VERTEX_POINT ( 'NONE', #1546 ) ;
#10653 = PLANE ( 'NONE',  #13619 ) ;
#10654 = EDGE_CURVE ( 'NONE', #2906, #164, #8157, .T. ) ;
#10655 = CARTESIAN_POINT ( 'NONE',  ( -5.604999999999999538, -22.67650000000000077, 4.940000000000000391 ) ) ;
#10656 = CARTESIAN_POINT ( 'NONE',  ( 1.474999999999983213, -13.31650000000000134, 0.4300000000000004374 ) ) ;
#10657 = EDGE_LOOP ( 'NONE', ( #8129, #1133, #7327, #9400, #13378 ) ) ;
#10659 = VERTEX_POINT ( 'NONE', #3622 ) ;
#10658 = DIRECTION ( 'NONE',  ( 0.000000000000000000, 0.000000000000000000, -1.000000000000000000 ) ) ;
#10660 = FACE_OUTER_BOUND ( 'NONE', #9946, .T. ) ;
#10661 = DIRECTION ( 'NONE',  ( 1.000000000000000000, 0.000000000000000000, 0.000000000000000000 ) ) ;
#10662 = CARTESIAN_POINT ( 'NONE',  ( -10.15000000000000036, -22.58649999999999736, 4.650000000000000355 ) ) ;
#10663 = ORIENTED_EDGE ( 'NONE', *, *, #7145, .F. ) ;
#10664 =( NAMED_UNIT ( * ) SI_UNIT ( $, .STERADIAN. ) SOLID_ANGLE_UNIT ( ) );
#10665 = CARTESIAN_POINT ( 'NONE',  ( 1.474999999999999867, -15.34650000000000070, 0.4299999999999998823 ) ) ;
#10666 = VECTOR ( 'NONE', #11456, 1000.000000000000000 ) ;
#10667 = CARTESIAN_POINT ( 'NONE',  ( 6.365000000000000213, -22.96649999999999991, 15.50000000000000000 ) ) ;
#10668 = EDGE_CURVE ( 'NONE', #4365, #1175, #4505, .T. ) ;
#10669 = VERTEX_POINT ( 'NONE', #11347 ) ;
#10670 = DIRECTION ( 'NONE',  ( -1.000000000000000000, 0.000000000000000000, 0.000000000000000000 ) ) ;
#10671 = ORIENTED_EDGE ( 'NONE', *, *, #478, .F. ) ;
#10672 = VERTEX_POINT ( 'NONE', #13228 ) ;
#10673 = CARTESIAN_POINT ( 'NONE',  ( 0.000000000000000000, -17.94999999999999929, -1.879999999999999893 ) ) ;
#10674 = CARTESIAN_POINT ( 'NONE',  ( 8.474999999999999645, -13.31649999999999956, 4.650000000000000355 ) ) ;
#10675 = CARTESIAN_POINT ( 'NONE',  ( -8.294999999999999929, -19.40650000000000119, 4.830000000000000071 ) ) ;
#10676 = VERTEX_POINT ( 'NONE', #3700 ) ;
#10677 = LINE ( 'NONE', #1152, #555 ) ;
#10678 = ADVANCED_FACE ( 'NONE', ( #3911 ), #7871, .F. ) ;
#10679 = VERTEX_POINT ( 'NONE', #8900 ) ;
#10680 = VERTEX_POINT ( 'NONE', #2728 ) ;
#10681 = VERTEX_POINT ( 'NONE', #5923 ) ;
#10682 = EDGE_CURVE ( 'NONE', #7593, #5057, #11070, .T. ) ;
#10683 = DIRECTION ( 'NONE',  ( 0.000000000000000000, 1.000000000000000000, 0.000000000000000000 ) ) ;
#10684 = ORIENTED_EDGE ( 'NONE', *, *, #8338, .F. ) ;
#10685 = LINE ( 'NONE', #3454, #11179 ) ;
#10686 = LINE ( 'NONE', #5542, #10585 ) ;
#10687 = FACE_OUTER_BOUND ( 'NONE', #2643, .T. ) ;
#10688 = EDGE_CURVE ( 'NONE', #369, #10134, #9120, .T. ) ;
#10689 = DIRECTION ( 'NONE',  ( 0.000000000000000000, -0.000000000000000000, 1.000000000000000000 ) ) ;
#10690 = ORIENTED_EDGE ( 'NONE', *, *, #5716, .F. ) ;
#10691 = LINE ( 'NONE', #2354, #5019 ) ;
#10692 = VERTEX_POINT ( 'NONE', #7042 ) ;
#10693 = DIRECTION ( 'NONE',  ( -1.000000000000000000, 0.000000000000000000, 0.000000000000000000 ) ) ;
#10694 = CARTESIAN_POINT ( 'NONE',  ( -5.730000000000000426, -21.18649999999999878, 4.650000000000000355 ) ) ;
#10695 = EDGE_LOOP ( 'NONE', ( #11108, #9426, #8339, #12899 ) ) ;
#10696 = CARTESIAN_POINT ( 'NONE',  ( -7.000000000000000000, -17.37650000000000006, 3.840000000000000302 ) ) ;
#10697 = EDGE_LOOP ( 'NONE', ( #3375, #7556, #8573, #12691 ) ) ;
#10698 = ORIENTED_EDGE ( 'NONE', *, *, #9147, .T. ) ;
#10699 = DIRECTION ( 'NONE',  ( 0.000000000000000000, 1.000000000000000000, -0.000000000000000000 ) ) ;
#10700 = EDGE_CURVE ( 'NONE', #5250, #13472, #6836, .T. ) ;
#10701 = CARTESIAN_POINT ( 'NONE',  ( -4.714999999999999858, -17.37650000000000006, -0.1000000000000000056 ) ) ;
#10702 = DIRECTION ( 'NONE',  ( 0.000000000000000000, 0.000000000000000000, -1.000000000000000000 ) ) ;
#10703 = CIRCLE ( 'NONE', #1170, 1.750000000000000000 ) ;
#10704 = DIRECTION ( 'NONE',  ( 0.000000000000000000, 1.000000000000000000, -0.000000000000000000 ) ) ;
#10705 = CARTESIAN_POINT ( 'NONE',  ( -8.394999999999999574, -22.67650000000000077, 4.940000000000000391 ) ) ;
#10706 = DIRECTION ( 'NONE',  ( -1.000000000000000000, -0.000000000000000000, -0.000000000000000000 ) ) ;
#10707 = CARTESIAN_POINT ( 'NONE',  ( 0.000000000000000000, -22.96649999999999991, 1.145000000000000018 ) ) ;
#10708 = EDGE_LOOP ( 'NONE', ( #8123, #10456, #4471, #3600, #7986, #12978, #10175, #11103 ) ) ;
#10709 = LINE ( 'NONE', #3485, #10622 ) ;
#10710 = AXIS2_PLACEMENT_3D ( 'NONE', #8345, #3062, #13628 ) ;
#10711 = ADVANCED_FACE ( 'NONE', ( #6900 ), #13639, .T. ) ;
#10712 = VERTEX_POINT ( 'NONE', #4172 ) ;
#10713 = CARTESIAN_POINT ( 'NONE',  ( -2.415000000000000036, -22.96649999999999991, -3.509999999999999787 ) ) ;
#10714 = EDGE_CURVE ( 'NONE', #9675, #12486, #9180, .T. ) ;
#10715 = AXIS2_PLACEMENT_3D ( 'NONE', #10852, #4388, #5570 ) ;
#10716 = ORIENTED_EDGE ( 'NONE', *, *, #9481, .T. ) ;
#10717 = CARTESIAN_POINT ( 'NONE',  ( -9.285000000000000142, -19.40650000000000119, 7.190000000000000391 ) ) ;
#10718 = VECTOR ( 'NONE', #12163, 1000.000000000000000 ) ;
#10719 = ORIENTED_EDGE ( 'NONE', *, *, #12686, .F. ) ;
#10720 = EDGE_CURVE ( 'NONE', #8375, #13487, #1045, .T. ) ;
#10721 = ORIENTED_EDGE ( 'NONE', *, *, #11570, .F. ) ;
#10722 = DIRECTION ( 'NONE',  ( -0.000000000000000000, 0.000000000000000000, 1.000000000000000000 ) ) ;
#10723 = FACE_OUTER_BOUND ( 'NONE', #5697, .T. ) ;
#10724 = DIRECTION ( 'NONE',  ( 0.000000000000000000, -0.000000000000000000, -1.000000000000000000 ) ) ;
#10725 = PLANE ( 'NONE',  #13638 ) ;
#10726 = CARTESIAN_POINT ( 'NONE',  ( -5.205000000000000071, -22.96649999999999991, -7.519999999999999574 ) ) ;
#10727 = STYLED_ITEM ( 'NONE', ( #7506 ), #12517 ) ;
#10728 = AXIS2_PLACEMENT_3D ( 'NONE', #7650, #7514, #11754 ) ;
#10729 = LINE ( 'NONE', #3565, #13189 ) ;
#10730 = AXIS2_PLACEMENT_3D ( 'NONE', #12637, #11722, #11515 ) ;
#10731 = VECTOR ( 'NONE', #11566, 1000.000000000000000 ) ;
#10732 = CIRCLE ( 'NONE', #12537, 0.9899999999999995470 ) ;
#10733 = ORIENTED_EDGE ( 'NONE', *, *, #7163, .T. ) ;
#10734 = EDGE_LOOP ( 'NONE', ( #2569, #6267, #912, #8038, #2722, #1030, #11573, #8108, #4081, #3794, #429, #9082, #10069, #1961, #10241, #7544, #1783, #7795, #9301, #6999 ) ) ;
#10736 = FACE_OUTER_BOUND ( 'NONE', #2994, .T. ) ;
#10735 = VECTOR ( 'NONE', #3882, 1000.000000000000000 ) ;
#10737 = VERTEX_POINT ( 'NONE', #8219 ) ;
#10738 = VECTOR ( 'NONE', #12719, 1000.000000000000000 ) ;
#10739 = ORIENTED_EDGE ( 'NONE', *, *, #3566, .F. ) ;
#10740 = DIRECTION ( 'NONE',  ( 0.000000000000000000, 1.000000000000000000, -0.000000000000000000 ) ) ;
#10741 = DIRECTION ( 'NONE',  ( 0.000000000000000000, -1.000000000000000000, 0.000000000000000000 ) ) ;
#10742 = MECHANICAL_DESIGN_GEOMETRIC_PRESENTATION_REPRESENTATION (  '', ( #1198 ), #531 ) ;
#10743 = CARTESIAN_POINT ( 'NONE',  ( 4.584999999999999964, -2.337200000000000166, -0.5000000000000000000 ) ) ;
#10744 = VERTEX_POINT ( 'NONE', #1823 ) ;
#10745 = DIRECTION ( 'NONE',  ( 0.8786293792632253741, -0.4775043600801141541, 0.000000000000000000 ) ) ;
#10746 = FACE_OUTER_BOUND ( 'NONE', #8285, .T. ) ;
#10747 = ORIENTED_EDGE ( 'NONE', *, *, #6295, .F. ) ;
#10748 = VECTOR ( 'NONE', #9039, 1000.000000000000000 ) ;
#10749 = VERTEX_POINT ( 'NONE', #10429 ) ;
#10750 = VECTOR ( 'NONE', #2669, 1000.000000000000000 ) ;
#10751 = ORIENTED_EDGE ( 'NONE', *, *, #3040, .F. ) ;
#10752 = DIRECTION ( 'NONE',  ( 0.000000000000000000, -1.000000000000000000, -0.000000000000000000 ) ) ;
#10753 = VERTEX_POINT ( 'NONE', #906 ) ;
#10754 = AXIS2_PLACEMENT_3D ( 'NONE', #8674, #12924, #11884 ) ;
#10755 = DIRECTION ( 'NONE',  ( 0.000000000000000000, 0.000000000000000000, -1.000000000000000000 ) ) ;
#10756 = CARTESIAN_POINT ( 'NONE',  ( 8.394999999999999574, -22.58650000000000091, 4.650000000000000355 ) ) ;
#10757 = DIRECTION ( 'NONE',  ( -1.000000000000000000, -0.000000000000000000, -0.000000000000000000 ) ) ;
#10758 = EDGE_CURVE ( 'NONE', #11644, #8655, #7382, .T. ) ;
#10759 = VERTEX_POINT ( 'NONE', #5231 ) ;
#10760 = DIRECTION ( 'NONE',  ( 0.000000000000000000, -0.000000000000000000, -1.000000000000000000 ) ) ;
#10761 = CARTESIAN_POINT ( 'NONE',  ( 5.205000000000000071, -22.96649999999999991, -1.879999999999999893 ) ) ;
#10762 =( GEOMETRIC_REPRESENTATION_CONTEXT ( 3 ) GLOBAL_UNCERTAINTY_ASSIGNED_CONTEXT ( ( #13615 ) ) GLOBAL_UNIT_ASSIGNED_CONTEXT ( ( #11600, #10953, #1295 ) ) REPRESENTATION_CONTEXT ( 'NONE', 'WORKASPACE' ) );
#10763 = FACE_OUTER_BOUND ( 'NONE', #12646, .T. ) ;
#10764 = ORIENTED_EDGE ( 'NONE', *, *, #3696, .T. ) ;
#10765 = AXIS2_PLACEMENT_3D ( 'NONE', #640, #12407, #1102 ) ;
#10766 = DIRECTION ( 'NONE',  ( 1.000000000000000000, -0.000000000000000000, 0.000000000000000000 ) ) ;
#10767 = CARTESIAN_POINT ( 'NONE',  ( 15.94999999999999929, -17.94999999999999929, -3.472485578728000011 ) ) ;
#10768 = ADVANCED_FACE ( 'NONE', ( #12539 ), #847, .T. ) ;
#10769 = ORIENTED_EDGE ( 'NONE', *, *, #4309, .T. ) ;
#10770 = EDGE_CURVE ( 'NONE', #8741, #8660, #9315, .T. ) ;
#10771 = CARTESIAN_POINT ( 'NONE',  ( -0.6350000000000000089, -23.77649999999999508, 19.69999999999999929 ) ) ;
#10772 = STYLED_ITEM ( 'NONE', ( #8093 ), #13577 ) ;
#10773 = ORIENTED_EDGE ( 'NONE', *, *, #10358, .T. ) ;
#10774 = VERTEX_POINT ( 'NONE', #6341 ) ;
#10775 = CARTESIAN_POINT ( 'NONE',  ( 6.522485578728001165, -2.399999999999999467, -12.90000000000000213 ) ) ;
#10776 = FACE_OUTER_BOUND ( 'NONE', #4556, .T. ) ;
#10777 = LINE ( 'NONE', #1258, #7609 ) ;
#10778 = CARTESIAN_POINT ( 'NONE',  ( 5.205000000000000071, -22.96649999999999991, -7.519999999999999574 ) ) ;
#10779 = CARTESIAN_POINT ( 'NONE',  ( -1.394999999999999796, -22.96649999999999991, -1.830000000000000071 ) ) ;
#10780 = DIRECTION ( 'NONE',  ( 0.09602825923645796902, -0.9953786080823796567, -0.000000000000000000 ) ) ;
#10781 = LINE ( 'NONE', #13022, #13637 ) ;
#10782 = ORIENTED_EDGE ( 'NONE', *, *, #949, .T. ) ;
#10783 = CARTESIAN_POINT ( 'NONE',  ( 8.269999999999999574, -17.37650000000000006, 4.650000000000000355 ) ) ;
#10784 = EDGE_CURVE ( 'NONE', #13176, #888, #3070, .T. ) ;
#10785 = ORIENTED_EDGE ( 'NONE', *, *, #667, .T. ) ;
#10786 = VECTOR ( 'NONE', #1224, 1000.000000000000000 ) ;
#10787 = DIRECTION ( 'NONE',  ( -0.000000000000000000, 1.000000000000000000, -0.000000000000000000 ) ) ;
#10788 = DIRECTION ( 'NONE',  ( -1.000000000000000000, 0.000000000000000000, 0.000000000000000000 ) ) ;
#10789 = DIRECTION ( 'NONE',  ( 0.000000000000000000, 0.000000000000000000, 1.000000000000000000 ) ) ;
#10790 = ORIENTED_EDGE ( 'NONE', *, *, #9599, .F. ) ;
#10792 = ORIENTED_EDGE ( 'NONE', *, *, #2744, .F. ) ;
#10791 = DIRECTION ( 'NONE',  ( 0.000000000000000000, 1.000000000000000000, 0.000000000000000000 ) ) ;
#10793 = DIRECTION ( 'NONE',  ( 0.000000000000000000, 0.000000000000000000, -1.000000000000000000 ) ) ;
#10794 = DIRECTION ( 'NONE',  ( -0.000000000000000000, 1.000000000000000000, -0.000000000000000000 ) ) ;
#10795 = PLANE ( 'NONE',  #3649 ) ;
#10796 = DIRECTION ( 'NONE',  ( -1.000000000000000000, 0.000000000000000000, 0.000000000000000000 ) ) ;
#10797 = CARTESIAN_POINT ( 'NONE',  ( -10.36500000000000021, -21.56650000000000134, 3.509999999999999787 ) ) ;
#10798 = DIRECTION ( 'NONE',  ( 0.000000000000000000, -0.000000000000000000, 1.000000000000000000 ) ) ;
#10799 = EDGE_CURVE ( 'NONE', #8448, #3991, #2088, .T. ) ;
#10800 = CARTESIAN_POINT ( 'NONE',  ( 0.6350000000000000089, -23.77649999999999508, 19.69999999999999929 ) ) ;
#10801 = EDGE_CURVE ( 'NONE', #8936, #5271, #6266, .T. ) ;
#10802 = VERTEX_POINT ( 'NONE', #11619 ) ;
#10803 = ORIENTED_EDGE ( 'NONE', *, *, #4141, .T. ) ;
#10804 = FACE_OUTER_BOUND ( 'NONE', #12562, .T. ) ;
#10805 = ORIENTED_EDGE ( 'NONE', *, *, #13553, .T. ) ;
#10806 = EDGE_LOOP ( 'NONE', ( #2987, #13282, #4912, #12629 ) ) ;
#10807 = FACE_OUTER_BOUND ( 'NONE', #13225, .T. ) ;
#10808 = DIRECTION ( 'NONE',  ( -0.000000000000000000, -1.000000000000000000, -0.000000000000000000 ) ) ;
#10809 = DIRECTION ( 'NONE',  ( -0.000000000000000000, -1.000000000000000000, -0.000000000000000000 ) ) ;
#10810 = ORIENTED_EDGE ( 'NONE', *, *, #13616, .F. ) ;
#10811 = EDGE_CURVE ( 'NONE', #5323, #12306, #3967, .T. ) ;
#10812 = CARTESIAN_POINT ( 'NONE',  ( 5.605000000000000426, -22.96649999999999991, 3.840000000000000302 ) ) ;
#10813 = ORIENTED_EDGE ( 'NONE', *, *, #4013, .T. ) ;
#10814 = ORIENTED_EDGE ( 'NONE', *, *, #3317, .T. ) ;
#10815 = ORIENTED_EDGE ( 'NONE', *, *, #10169, .T. ) ;
#10816 = LINE ( 'NONE', #3452, #4762 ) ;
#10817 = EDGE_LOOP ( 'NONE', ( #9417, #12860, #347, #9066 ) ) ;
#10818 = DIRECTION ( 'NONE',  ( 1.000000000000000000, 0.000000000000000000, 0.000000000000000000 ) ) ;
#10819 = CARTESIAN_POINT ( 'NONE',  ( 9.414999999999999147, -2.337200000000000166, 4.500000000000000888 ) ) ;
#10820 = CARTESIAN_POINT ( 'NONE',  ( -3.850000000000000089, -22.96649999999999991, 4.650000000000000355 ) ) ;
#10821 = ORIENTED_EDGE ( 'NONE', *, *, #2363, .T. ) ;
#10822 = ORIENTED_EDGE ( 'NONE', *, *, #3796, .F. ) ;
#10823 = DIRECTION ( 'NONE',  ( -0.4775043600801140986, -0.8786293792632253741, 0.000000000000000000 ) ) ;
#10824 = FACE_OUTER_BOUND ( 'NONE', #3890, .T. ) ;
#10825 = EDGE_CURVE ( 'NONE', #11344, #8611, #7455, .T. ) ;
#10826 = LINE ( 'NONE', #1171, #13656 ) ;
#10827 = ORIENTED_EDGE ( 'NONE', *, *, #13687, .T. ) ;
#10828 = PLANE ( 'NONE',  #12895 ) ;
#10829 = ORIENTED_EDGE ( 'NONE', *, *, #10811, .F. ) ;
#10830 = VECTOR ( 'NONE', #2949, 1000.000000000000000 ) ;
#10831 = DIRECTION ( 'NONE',  ( -1.000000000000000000, 0.000000000000000000, -0.000000000000000000 ) ) ;
#10832 = ORIENTED_EDGE ( 'NONE', *, *, #8266, .F. ) ;
#10833 = ORIENTED_EDGE ( 'NONE', *, *, #12932, .F. ) ;
#10834 = EDGE_CURVE ( 'NONE', #8200, #6303, #2935, .T. ) ;
#10835 = DIRECTION ( 'NONE',  ( -1.000000000000000000, 0.000000000000000000, -0.000000000000000000 ) ) ;
#10836 = DIRECTION ( 'NONE',  ( -0.4775043600801200938, 0.8786293792632220434, 0.000000000000000000 ) ) ;
#10837 = ADVANCED_FACE ( 'NONE', ( #12675 ), #782, .T. ) ;
#10838 = DIRECTION ( 'NONE',  ( -0.000000000000000000, 0.000000000000000000, -1.000000000000000000 ) ) ;
#10839 = DIRECTION ( 'NONE',  ( -0.000000000000000000, -1.000000000000000000, 0.000000000000000000 ) ) ;
#10840 = SURFACE_SIDE_STYLE ('',( #9664 ) ) ;
#10841 = DIRECTION ( 'NONE',  ( 0.000000000000000000, 1.000000000000000000, -0.000000000000000000 ) ) ;
#10842 = DIRECTION ( 'NONE',  ( 0.8786293792632253741, -0.4775043600801140986, -0.000000000000000000 ) ) ;
#10843 = ORIENTED_EDGE ( 'NONE', *, *, #3333, .F. ) ;
#10844 = AXIS2_PLACEMENT_3D ( 'NONE', #10365, #7181, #1895 ) ;
#10845 = ADVANCED_FACE ( 'NONE', ( #8284 ), #13766, .T. ) ;
#10846 = VECTOR ( 'NONE', #10494, 1000.000000000000000 ) ;
#10847 = DIRECTION ( 'NONE',  ( 0.000000000000000000, 0.000000000000000000, 1.000000000000000000 ) ) ;
#10848 = CIRCLE ( 'NONE', #2419, 1.750000000000001554 ) ;
#10849 = VECTOR ( 'NONE', #13489, 1000.000000000000000 ) ;
#10850 = VECTOR ( 'NONE', #5374, 1000.000000000000114 ) ;
#10851 = VERTEX_POINT ( 'NONE', #4237 ) ;
#10852 = CARTESIAN_POINT ( 'NONE',  ( 3.634999999999999787, -22.96649999999999991, 4.650000000000000355 ) ) ;
#10853 = VECTOR ( 'NONE', #3683, 1000.000000000000000 ) ;
#10854 = AXIS2_PLACEMENT_3D ( 'NONE', #13372, #4765, #8993 ) ;
#10855 = AXIS2_PLACEMENT_3D ( 'NONE', #4242, #3342, #7658 ) ;
#10856 = DIRECTION ( 'NONE',  ( 1.000000000000000000, 0.000000000000000000, 0.000000000000000000 ) ) ;
#10857 = ADVANCED_FACE ( 'NONE', ( #6136 ), #10366, .T. ) ;
#10858 = DIRECTION ( 'NONE',  ( 0.000000000000000000, 1.000000000000000000, -0.000000000000000000 ) ) ;
#10860 = EDGE_LOOP ( 'NONE', ( #2914, #11854, #9062, #9084, #9225 ) ) ;
#10859 = CARTESIAN_POINT ( 'NONE',  ( 8.474999999999999645, -17.37650000000000006, 4.650000000000000355 ) ) ;
#10861 = CARTESIAN_POINT ( 'NONE',  ( 10.55132034355975001, -15.22000000000000064, -3.138679656440249488 ) ) ;
#10862 = LINE ( 'NONE', #1346, #12336 ) ;
#10863 = EDGE_CURVE ( 'NONE', #10594, #8521, #6205, .T. ) ;
#10864 = DIRECTION ( 'NONE',  ( 0.000000000000000000, -1.000000000000000000, 0.000000000000000000 ) ) ;
#10865 = DIRECTION ( 'NONE',  ( 1.000000000000000000, 0.000000000000000000, 0.000000000000000000 ) ) ;
#10866 = PRODUCT_RELATED_PRODUCT_CATEGORY ( 'part', '', ( #7727 ) ) ;
#10867 = DIRECTION ( 'NONE',  ( 1.000000000000000000, 0.000000000000000000, 0.000000000000000000 ) ) ;
#10868 = CARTESIAN_POINT ( 'NONE',  ( 0.000000000000000000, 0.000000000000000000, 12.90000000000000036 ) ) ;
#10869 = ADVANCED_FACE ( 'NONE', ( #5350 ), #10634, .T. ) ;
#10870 = CARTESIAN_POINT ( 'NONE',  ( 4.584999999999999964, -21.56650000000000134, 4.500000000000000888 ) ) ;
#10871 = COLOUR_RGB ( '',1.000000000000000000, 1.000000000000000000, 1.000000000000000000 ) ;
#10872 = ORIENTED_EDGE ( 'NONE', *, *, #8620, .T. ) ;
#10873 = ORIENTED_EDGE ( 'NONE', *, *, #12668, .T. ) ;
#10874 = EDGE_LOOP ( 'NONE', ( #2635, #13007, #597, #5674, #7721, #12221 ) ) ;
#10875 = ORIENTED_EDGE ( 'NONE', *, *, #6234, .T. ) ;
#10876 = DIRECTION ( 'NONE',  ( -0.000000000000000000, 1.000000000000000000, -0.000000000000000000 ) ) ;
#10877 = FACE_OUTER_BOUND ( 'NONE', #10337, .T. ) ;
#10878 = EDGE_CURVE ( 'NONE', #8200, #4629, #6972, .T. ) ;
#10879 = AXIS2_PLACEMENT_3D ( 'NONE', #6763, #5778, #1399 ) ;
#10880 = DIRECTION ( 'NONE',  ( -1.000000000000000000, 0.000000000000000000, -0.000000000000000000 ) ) ;
#10881 = ORIENTED_EDGE ( 'NONE', *, *, #2683, .F. ) ;
#10882 = DIRECTION ( 'NONE',  ( -1.000000000000000000, 0.000000000000000000, -0.000000000000000000 ) ) ;
#10883 = FACE_OUTER_BOUND ( 'NONE', #1370, .T. ) ;
#10884 = ORIENTED_EDGE ( 'NONE', *, *, #1428, .F. ) ;
#10885 = VERTEX_POINT ( 'NONE', #7714 ) ;
#10886 = AXIS2_PLACEMENT_3D ( 'NONE', #4500, #6671, #1381 ) ;
#10887 = EDGE_CURVE ( 'NONE', #13736, #8996, #8522, .T. ) ;
#10888 = ORIENTED_EDGE ( 'NONE', *, *, #4462, .F. ) ;
#10889 = DIRECTION ( 'NONE',  ( 0.000000000000000000, -1.000000000000000000, -0.000000000000000000 ) ) ;
#10890 = EDGE_LOOP ( 'NONE', ( #12710, #179, #12807, #10606 ) ) ;
#10891 = FACE_OUTER_BOUND ( 'NONE', #6497, .T. ) ;
#10892 = CARTESIAN_POINT ( 'NONE',  ( 10.47035354437000088, 0.000000000000000000, -9.400000000000000355 ) ) ;
#10893 =( NAMED_UNIT ( * ) PLANE_ANGLE_UNIT ( ) SI_UNIT ( $, .RADIAN. ) );
#10894 = LINE ( 'NONE', #120, #4466 ) ;
#10895 = ORIENTED_EDGE ( 'NONE', *, *, #4939, .T. ) ;
#10896 = VERTEX_POINT ( 'NONE', #4438 ) ;
#10897 = EDGE_CURVE ( 'NONE', #12703, #11386, #59, .T. ) ;
#10898 = PLANE ( 'NONE',  #3449 ) ;
#10899 = DIRECTION ( 'NONE',  ( 1.000000000000000000, 0.000000000000000000, 0.000000000000000000 ) ) ;
#10900 = DIRECTION ( 'NONE',  ( 0.000000000000000000, 0.000000000000000000, -1.000000000000000000 ) ) ;
#10901 = VERTEX_POINT ( 'NONE', #10771 ) ;
#10902 = CARTESIAN_POINT ( 'NONE',  ( -7.635000000000000675, -23.77649999999999864, 15.50000000000000000 ) ) ;
#10903 = FILL_AREA_STYLE_COLOUR ( '', #3748 ) ;
#10904 = ORIENTED_EDGE ( 'NONE', *, *, #11114, .T. ) ;
#10905 = CARTESIAN_POINT ( 'NONE',  ( -4.612359312880999873, 3.589199999999999946, -7.834999999999999964 ) ) ;
#10906 = EDGE_CURVE ( 'NONE', #6351, #9356, #1386, .T. ) ;
#10907 = EDGE_LOOP ( 'NONE', ( #5714, #13150, #10127, #5545, #2908 ) ) ;
#10908 = ORIENTED_EDGE ( 'NONE', *, *, #9839, .T. ) ;
#10909 = CARTESIAN_POINT ( 'NONE',  ( 9.414999999999999147, -17.94999999999999929, 4.500000000000000888 ) ) ;
#10910 = PLANE ( 'NONE',  #8732 ) ;
#10911 = FACE_OUTER_BOUND ( 'NONE', #2038, .T. ) ;
#10912 = CARTESIAN_POINT ( 'NONE',  ( 13.50000000000000000, 0.000000000000000000, 15.80886698680999913 ) ) ;
#10913 = ORIENTED_EDGE ( 'NONE', *, *, #5320, .F. ) ;
#10914 = VECTOR ( 'NONE', #3521, 1000.000000000000000 ) ;
#10915 = CARTESIAN_POINT ( 'NONE',  ( -10.93500000000000050, -17.94999999999999929, 4.500000000000000888 ) ) ;
#10916 = CARTESIAN_POINT ( 'NONE',  ( 0.000000000000000000, -15.22000000000000064, -7.834999999999999964 ) ) ;
#10917 = CARTESIAN_POINT ( 'NONE',  ( 1.395000000000000018, -22.96649999999999991, -1.830000000000000071 ) ) ;
#10918 = EDGE_LOOP ( 'NONE', ( #2353, #9363, #11755, #12749, #1068, #7245, #13589 ) ) ;
#10919 = LINE ( 'NONE', #13087, #11954 ) ;
#10920 = ORIENTED_EDGE ( 'NONE', *, *, #13450, .F. ) ;
#10921 = CARTESIAN_POINT ( 'NONE',  ( -4.714999999999999858, -15.34650000000000070, -0.1000000000000002554 ) ) ;
#10922 = PRESENTATION_LAYER_ASSIGNMENT (  '', '', ( #12717 ) ) ;
#10923 = CARTESIAN_POINT ( 'NONE',  ( 6.365000000000000213, -23.77649999999999864, 15.50000000000000000 ) ) ;
#10924 = CARTESIAN_POINT ( 'NONE',  ( -11.42999999999999972, 3.589199999999999946, 0.000000000000000000 ) ) ;
#10926 = ORIENTED_EDGE ( 'NONE', *, *, #1650, .T. ) ;
#10925 = CARTESIAN_POINT ( 'NONE',  ( -15.94999999999999929, -17.94999999999999929, 13.40000000000000036 ) ) ;
#10927 = PLANE ( 'NONE',  #5922 ) ;
#10928 = DIRECTION ( 'NONE',  ( 0.000000000000000000, 0.000000000000000000, 1.000000000000000000 ) ) ;
#10929 = EDGE_CURVE ( 'NONE', #11028, #12373, #1253, .T. ) ;
#10930 = CARTESIAN_POINT ( 'NONE',  ( 8.269999999999999574, -17.37650000000000006, 3.840000000000000302 ) ) ;
#10931 = DIRECTION ( 'NONE',  ( -1.000000000000000000, 0.000000000000000000, -0.000000000000000000 ) ) ;
#10932 = CARTESIAN_POINT ( 'NONE',  ( 21.69999999999999929, -12.19999999999999929, 15.80886698680999913 ) ) ;
#10933 = CIRCLE ( 'NONE', #2729, 0.2999999999999999334 ) ;
#10934 = DIRECTION ( 'NONE',  ( 0.000000000000000000, -0.000000000000000000, 1.000000000000000000 ) ) ;
#10935 = EDGE_CURVE ( 'NONE', #3238, #2119, #3471, .T. ) ;
#10936 = MECHANICAL_DESIGN_GEOMETRIC_PRESENTATION_REPRESENTATION (  '', ( #2967 ), #8496 ) ;
#10937 = EDGE_CURVE ( 'NONE', #11135, #12293, #2160, .T. ) ;
#10938 = VECTOR ( 'NONE', #11249, 1000.000000000000000 ) ;
#10939 = ORIENTED_EDGE ( 'NONE', *, *, #263, .T. ) ;
#10940 = VERTEX_POINT ( 'NONE', #12870 ) ;
#10941 = ADVANCED_FACE ( 'NONE', ( #3335 ), #8753, .T. ) ;
#10942 = ORIENTED_EDGE ( 'NONE', *, *, #13719, .F. ) ;
#10943 = CARTESIAN_POINT ( 'NONE',  ( -8.320800000000000196, 3.589199999999999946, -0.5000000000000002220 ) ) ;
#10944 = AXIS2_PLACEMENT_3D ( 'NONE', #12694, #8444, #2178 ) ;
#10945 = ORIENTED_EDGE ( 'NONE', *, *, #6867, .F. ) ;
#10946 = CARTESIAN_POINT ( 'NONE',  ( 8.859999999999999432, 3.200000000000000178, 10.96000000000000085 ) ) ;
#10947 = CARTESIAN_POINT ( 'NONE',  ( 10.15000000000000036, -22.96649999999999991, 4.650000000000000355 ) ) ;
#10948 = CARTESIAN_POINT ( 'NONE',  ( 2.415000000000000036, -22.58650000000000091, -3.509999999999999787 ) ) ;
#10949 = ORIENTED_EDGE ( 'NONE', *, *, #5278, .T. ) ;
#10950 = VECTOR ( 'NONE', #1533, 1000.000000000000000 ) ;
#10951 = DIRECTION ( 'NONE',  ( 0.000000000000000000, 0.000000000000000000, 1.000000000000000000 ) ) ;
#10952 =( GEOMETRIC_REPRESENTATION_CONTEXT ( 3 ) GLOBAL_UNCERTAINTY_ASSIGNED_CONTEXT ( ( #683 ) ) GLOBAL_UNIT_ASSIGNED_CONTEXT ( ( #2514, #145, #2240 ) ) REPRESENTATION_CONTEXT ( 'NONE', 'WORKASPACE' ) );
#10953 =( NAMED_UNIT ( * ) PLANE_ANGLE_UNIT ( ) SI_UNIT ( $, .RADIAN. ) );
#10954 = VECTOR ( 'NONE', #4454, 1000.000000000000000 ) ;
#10955 = ORIENTED_EDGE ( 'NONE', *, *, #4153, .T. ) ;
#10956 = VERTEX_POINT ( 'NONE', #6461 ) ;
#10957 = AXIS2_PLACEMENT_3D ( 'NONE', #4777, #7000, #10118 ) ;
#10958 = VECTOR ( 'NONE', #1743, 1000.000000000000000 ) ;
#10959 = AXIS2_PLACEMENT_3D ( 'NONE', #5071, #9302, #13555 ) ;
#10960 = EDGE_CURVE ( 'NONE', #8695, #7049, #9864, .T. ) ;
#10961 = ORIENTED_EDGE ( 'NONE', *, *, #4683, .F. ) ;
#10962 = AXIS2_PLACEMENT_3D ( 'NONE', #9069, #2547, #13315 ) ;
#10963 = CARTESIAN_POINT ( 'NONE',  ( 8.474999999999999645, -17.57000000000000384, 7.189999999999999503 ) ) ;
#10964 = AXIS2_PLACEMENT_3D ( 'NONE', #11704, #13651, #6214 ) ;
#10965 = ORIENTED_EDGE ( 'NONE', *, *, #6482, .T. ) ;
#10966 = DIRECTION ( 'NONE',  ( -0.000000000000000000, 1.000000000000000000, 0.000000000000000000 ) ) ;
#10967 = CARTESIAN_POINT ( 'NONE',  ( 5.730000000000000426, -19.40650000000000119, 4.650000000000000355 ) ) ;
#10968 = CARTESIAN_POINT ( 'NONE',  ( -10.47035354437000088, -2.399999999999999467, -9.400000000000000355 ) ) ;
#10969 = LINE ( 'NONE', #8543, #2039 ) ;
#10970 = ORIENTED_EDGE ( 'NONE', *, *, #12603, .F. ) ;
#10971 = ORIENTED_EDGE ( 'NONE', *, *, #8516, .F. ) ;
#10972 = FILL_AREA_STYLE_COLOUR ( '', #3240 ) ;
#10974 = VECTOR ( 'NONE', #13578, 1000.000000000000000 ) ;
#10973 = LINE ( 'NONE', #11947, #5650 ) ;
#10975 = DIRECTION ( 'NONE',  ( 0.000000000000000000, 1.000000000000000000, -0.000000000000000000 ) ) ;
#10976 = EDGE_LOOP ( 'NONE', ( #13119, #5440, #12237, #6431 ) ) ;
#10977 = VECTOR ( 'NONE', #2558, 1000.000000000000000 ) ;
#10978 =( LENGTH_UNIT ( ) NAMED_UNIT ( * ) SI_UNIT ( .MILLI., .METRE. ) );
#10979 = EDGE_CURVE ( 'NONE', #4056, #5183, #5416, .T. ) ;
#10980 =( NAMED_UNIT ( * ) SI_UNIT ( $, .STERADIAN. ) SOLID_ANGLE_UNIT ( ) );
#10981 = AXIS2_PLACEMENT_3D ( 'NONE', #6629, #10864, #12766 ) ;
#10982 = ORIENTED_EDGE ( 'NONE', *, *, #9074, .T. ) ;
#10983 = EDGE_CURVE ( 'NONE', #1020, #10121, #6606, .T. ) ;
#10984 = EDGE_CURVE ( 'NONE', #10749, #7599, #130, .T. ) ;
#10985 = EDGE_CURVE ( 'NONE', #12934, #9403, #4373, .T. ) ;
#10986 = VECTOR ( 'NONE', #9179, 1000.000000000000000 ) ;
#10987 = CYLINDRICAL_SURFACE ( 'NONE', #10071, 6.500000000000000888 ) ;
#10988 = ORIENTED_EDGE ( 'NONE', *, *, #9683, .F. ) ;
#10989 = EDGE_LOOP ( 'NONE', ( #13749, #1286, #8608, #11131 ) ) ;
#10990 = LINE ( 'NONE', #5909, #9522 ) ;
#10991 = CARTESIAN_POINT ( 'NONE',  ( -5.730000000000000426, -15.34650000000000070, 4.650000000000000355 ) ) ;
#10992 =( GEOMETRIC_REPRESENTATION_CONTEXT ( 3 ) GLOBAL_UNCERTAINTY_ASSIGNED_CONTEXT ( ( #5135 ) ) GLOBAL_UNIT_ASSIGNED_CONTEXT ( ( #6877, #1939, #1025 ) ) REPRESENTATION_CONTEXT ( 'NONE', 'WORKASPACE' ) );
#10993 = CARTESIAN_POINT ( 'NONE',  ( -8.269999999999999574, -21.18649999999999878, 3.840000000000000302 ) ) ;
#10994 = VECTOR ( 'NONE', #5110, 1000.000000000000000 ) ;
#10995 = LINE ( 'NONE', #3609, #6211 ) ;
#10996 = ORIENTED_EDGE ( 'NONE', *, *, #4179, .F. ) ;
#10997 = LINE ( 'NONE', #2585, #4536 ) ;
#10998 = CARTESIAN_POINT ( 'NONE',  ( -4.584999999999999964, -21.56650000000000134, 3.509999999999999787 ) ) ;
#10999 = EDGE_CURVE ( 'NONE', #8957, #9125, #2429, .T. ) ;
#11000 = DIRECTION ( 'NONE',  ( 0.000000000000000000, 1.000000000000000000, 0.000000000000000000 ) ) ;
#11001 = VERTEX_POINT ( 'NONE', #4584 ) ;
#11002 = DIRECTION ( 'NONE',  ( -0.7071067811865475727, 0.000000000000000000, -0.7071067811865475727 ) ) ;
#11003 = AXIS2_PLACEMENT_3D ( 'NONE', #11305, #7964, #13187 ) ;
#11004 = VECTOR ( 'NONE', #13268, 1000.000000000000000 ) ;
#11005 = ORIENTED_EDGE ( 'NONE', *, *, #4047, .T. ) ;
#11006 = DIRECTION ( 'NONE',  ( 0.000000000000000000, 0.000000000000000000, -1.000000000000000000 ) ) ;
#11007 = DIRECTION ( 'NONE',  ( 1.000000000000000000, 0.000000000000000000, -0.000000000000000000 ) ) ;
#11008 = DIRECTION ( 'NONE',  ( 0.000000000000000000, 0.000000000000000000, 1.000000000000000000 ) ) ;
#11010 = ORIENTED_EDGE ( 'NONE', *, *, #13451, .F. ) ;
#11009 = DIRECTION ( 'NONE',  ( 0.000000000000000000, -1.000000000000000000, 0.000000000000000000 ) ) ;
#11011 = CARTESIAN_POINT ( 'NONE',  ( -1.270000000000000018, -19.40650000000000119, -4.320000000000000284 ) ) ;
#11012 = PLANE ( 'NONE',  #13429 ) ;
#11013 = DIRECTION ( 'NONE',  ( 0.000000000000000000, 1.000000000000000000, 0.000000000000000000 ) ) ;
#11014 = CARTESIAN_POINT ( 'NONE',  ( 12.20500000000000007, -22.96649999999999991, 7.519999999999999574 ) ) ;
#11015 = DIRECTION ( 'NONE',  ( 0.000000000000000000, 0.000000000000000000, -1.000000000000000000 ) ) ;
#11016 = DIRECTION ( 'NONE',  ( -0.000000000000000000, 1.000000000000000000, 0.000000000000000000 ) ) ;
#11017 = VECTOR ( 'NONE', #12503, 1000.000000000000000 ) ;
#11018 = ADVANCED_FACE ( 'NONE', ( #5555 ), #6675, .T. ) ;
#11019 = ORIENTED_EDGE ( 'NONE', *, *, #10350, .T. ) ;
#11020 = EDGE_LOOP ( 'NONE', ( #3749, #1354, #524 ) ) ;
#11021 = EDGE_LOOP ( 'NONE', ( #341, #7699, #2793, #9183 ) ) ;
#11022 = ORIENTED_EDGE ( 'NONE', *, *, #12514, .T. ) ;
#11023 = DIRECTION ( 'NONE',  ( -0.4775043600801140986, -0.8786293792632253741, -0.000000000000000000 ) ) ;
#11024 = LINE ( 'NONE', #12214, #2952 ) ;
#11025 = EDGE_CURVE ( 'NONE', #6037, #6105, #8818, .T. ) ;
#11026 = CARTESIAN_POINT ( 'NONE',  ( -4.584999999999999964, -22.96649999999999991, -0.5000000000000002220 ) ) ;
#11027 = VECTOR ( 'NONE', #807, 1000.000000000000000 ) ;
#11028 = VERTEX_POINT ( 'NONE', #10210 ) ;
#11029 = DIRECTION ( 'NONE',  ( 0.000000000000000000, 0.000000000000000000, 1.000000000000000000 ) ) ;
#11030 = SURFACE_STYLE_FILL_AREA ( #5950 ) ;
#11031 = ORIENTED_EDGE ( 'NONE', *, *, #10897, .F. ) ;
#11032 = EDGE_LOOP ( 'NONE', ( #3351, #8134, #12384, #13756 ) ) ;
#11033 = EDGE_CURVE ( 'NONE', #8813, #6166, #6755, .T. ) ;
#11034 = EDGE_CURVE ( 'NONE', #3863, #9436, #2642, .T. ) ;
#11035 = VECTOR ( 'NONE', #10619, 1000.000000000000000 ) ;
#11036 = ORIENTED_EDGE ( 'NONE', *, *, #5624, .T. ) ;
#11037 = CARTESIAN_POINT ( 'NONE',  ( 0.5100000000000000089, -3.313815743959999782, 0.4300000000000015477 ) ) ;
#11038 = ORIENTED_EDGE ( 'NONE', *, *, #108, .F. ) ;
#11039 = FACE_OUTER_BOUND ( 'NONE', #4472, .T. ) ;
#11040 = CARTESIAN_POINT ( 'NONE',  ( -3.149999999999999911, -21.56650000000000134, -4.320000000000000284 ) ) ;
#11041 = CARTESIAN_POINT ( 'NONE',  ( -1.475000000000000089, -17.37650000000000006, -4.320000000000000284 ) ) ;
#11042 = DIRECTION ( 'NONE',  ( 0.000000000000000000, -1.000000000000000000, -0.000000000000000000 ) ) ;
#11043 = EDGE_LOOP ( 'NONE', ( #1309, #454, #9063, #1180 ) ) ;
#11044 = ORIENTED_EDGE ( 'NONE', *, *, #9161, .F. ) ;
#11045 = CARTESIAN_POINT ( 'NONE',  ( 9.414999999999999147, -2.337200000000000166, -0.5000000000000000000 ) ) ;
#11046 = DIRECTION ( 'NONE',  ( -1.000000000000000000, 0.000000000000000000, 0.000000000000000000 ) ) ;
#11047 = ORIENTED_EDGE ( 'NONE', *, *, #7673, .T. ) ;
#11048 = EDGE_CURVE ( 'NONE', #4287, #11692, #9101, .T. ) ;
#11049 = FACE_OUTER_BOUND ( 'NONE', #8188, .T. ) ;
#11050 = DIRECTION ( 'NONE',  ( 0.000000000000000000, 0.000000000000000000, 1.000000000000000000 ) ) ;
#11051 = ORIENTED_EDGE ( 'NONE', *, *, #5620, .T. ) ;
#11052 = EDGE_CURVE ( 'NONE', #10737, #5262, #11262, .T. ) ;
#11053 = DIRECTION ( 'NONE',  ( -0.000000000000000000, -0.000000000000000000, -1.000000000000000000 ) ) ;
#11054 = ORIENTED_EDGE ( 'NONE', *, *, #9629, .T. ) ;
#11055 = CARTESIAN_POINT ( 'NONE',  ( -1.475000000000000089, -15.34650000000000070, -4.320000000000000284 ) ) ;
#11056 = ADVANCED_FACE ( 'NONE', ( #6747 ), #2577, .T. ) ;
#11057 = LINE ( 'NONE', #3684, #3621 ) ;
#11058 = LINE ( 'NONE', #7103, #1839 ) ;
#11059 = DIRECTION ( 'NONE',  ( 0.1004120643276970176, -0.9949459368917741298, 0.000000000000000000 ) ) ;
#11061 = VERTEX_POINT ( 'NONE', #9170 ) ;
#11060 = EDGE_CURVE ( 'NONE', #5047, #2497, #8883, .T. ) ;
#11062 = DIRECTION ( 'NONE',  ( -0.000000000000000000, -1.000000000000000000, 0.000000000000000000 ) ) ;
#11063 = EDGE_CURVE ( 'NONE', #13042, #6719, #13343, .T. ) ;
#11064 = FACE_OUTER_BOUND ( 'NONE', #1592, .T. ) ;
#11065 = FACE_OUTER_BOUND ( 'NONE', #12888, .T. ) ;
#11066 = ORIENTED_EDGE ( 'NONE', *, *, #6161, .F. ) ;
#11067 = CARTESIAN_POINT ( 'NONE',  ( -1.270000000000000018, -17.37650000000000006, -4.320000000000000284 ) ) ;
#11068 = EDGE_CURVE ( 'NONE', #7694, #4585, #9031, .T. ) ;
#11069 = ORIENTED_EDGE ( 'NONE', *, *, #8182, .F. ) ;
#11070 = LINE ( 'NONE', #4882, #5625 ) ;
#11071 = EDGE_CURVE ( 'NONE', #3671, #10524, #3747, .T. ) ;
#11072 = ADVANCED_FACE ( 'NONE', ( #6885 ), #10987, .F. ) ;
#11073 = DIRECTION ( 'NONE',  ( 0.000000000000000000, 1.000000000000000000, 0.000000000000000000 ) ) ;
#11074 = CARTESIAN_POINT ( 'NONE',  ( -5.931689797203000047, -2.286500000000000199, 4.650000000000000355 ) ) ;
#11076 = ORIENTED_EDGE ( 'NONE', *, *, #7335, .F. ) ;
#11075 = CARTESIAN_POINT ( 'NONE',  ( 8.500000000000000000, -17.57000000000000384, 13.40000000000000036 ) ) ;
#11077 = PLANE ( 'NONE',  #8416 ) ;
#11078 = PRESENTATION_STYLE_ASSIGNMENT (( #7804 ) ) ;
#11079 = CARTESIAN_POINT ( 'NONE',  ( -1.295000000000000151, -24.26650000000000063, -1.654999999999999361 ) ) ;
#11080 = VECTOR ( 'NONE', #1769, 1000.000000000000114 ) ;
#11081 = EDGE_CURVE ( 'NONE', #7612, #7562, #5833, .T. ) ;
#11082 = DIRECTION ( 'NONE',  ( 1.000000000000000000, 0.000000000000000000, -0.000000000000000000 ) ) ;
#11083 = DIRECTION ( 'NONE',  ( 0.000000000000000000, 1.000000000000000000, 0.000000000000000000 ) ) ;
#11084 = DIRECTION ( 'NONE',  ( -0.000000000000000000, 0.000000000000000000, 1.000000000000000000 ) ) ;
#11085 = CARTESIAN_POINT ( 'NONE',  ( 10.93500000000000050, -17.94999999999999929, 7.519999999999999574 ) ) ;
#11086 = EDGE_CURVE ( 'NONE', #955, #8330, #5699, .T. ) ;
#11087 = VECTOR ( 'NONE', #8761, 1000.000000000000000 ) ;
#11088 = EDGE_CURVE ( 'NONE', #6444, #5323, #412, .T. ) ;
#11089 = CARTESIAN_POINT ( 'NONE',  ( -1.779999999999978044, -2.673278531664987856, -4.320000000000000284 ) ) ;
#11090 = ORIENTED_EDGE ( 'NONE', *, *, #7193, .T. ) ;
#11091 = VERTEX_POINT ( 'NONE', #7926 ) ;
#11092 = ORIENTED_EDGE ( 'NONE', *, *, #7352, .F. ) ;
#11093 = ORIENTED_EDGE ( 'NONE', *, *, #3093, .F. ) ;
#11094 = EDGE_CURVE ( 'NONE', #955, #8654, #10143, .T. ) ;
#11095 = CARTESIAN_POINT ( 'NONE',  ( 8.352477888071952350, -12.04650000000000709, 3.629999999999999449 ) ) ;
#11096 =( LENGTH_UNIT ( ) NAMED_UNIT ( * ) SI_UNIT ( .MILLI., .METRE. ) );
#11097 = CARTESIAN_POINT ( 'NONE',  ( -10.93500000000000050, -17.94999999999999929, 0.000000000000000000 ) ) ;
#11098 = ORIENTED_EDGE ( 'NONE', *, *, #1228, .F. ) ;
#11099 = DIRECTION ( 'NONE',  ( -0.000000000000000000, 1.000000000000000000, 0.000000000000000000 ) ) ;
#11100 = AXIS2_PLACEMENT_3D ( 'NONE', #12600, #1814, #773 ) ;
#11101 = AXIS2_PLACEMENT_3D ( 'NONE', #578, #5934, #3845 ) ;
#11102 = ORIENTED_EDGE ( 'NONE', *, *, #9430, .F. ) ;
#11103 = ORIENTED_EDGE ( 'NONE', *, *, #91, .F. ) ;
#11104 = EDGE_CURVE ( 'NONE', #12102, #7764, #4803, .T. ) ;
#11105 = VECTOR ( 'NONE', #9725, 1000.000000000000000 ) ;
#11106 = VERTEX_POINT ( 'NONE', #1530 ) ;
#11107 = DIRECTION ( 'NONE',  ( 0.000000000000000000, -0.000000000000000000, -1.000000000000000000 ) ) ;
#11108 = ORIENTED_EDGE ( 'NONE', *, *, #3377, .F. ) ;
#11109 = CARTESIAN_POINT ( 'NONE',  ( -2.285000000000000142, -13.31649999999999956, -4.320000000000000284 ) ) ;
#11110 = DIRECTION ( 'NONE',  ( 0.000000000000000000, 0.000000000000000000, -1.000000000000000000 ) ) ;
#11111 = DIRECTION ( 'NONE',  ( -0.000000000000000000, 0.000000000000000000, 1.000000000000000000 ) ) ;
#11112 = DIRECTION ( 'NONE',  ( 0.000000000000000000, -1.000000000000000000, 0.000000000000000000 ) ) ;
#11113 = ORIENTED_EDGE ( 'NONE', *, *, #5683, .T. ) ;
#11114 = EDGE_CURVE ( 'NONE', #3349, #10276, #5769, .T. ) ;
#11115 = VERTEX_POINT ( 'NONE', #2714 ) ;
#11116 = DIRECTION ( 'NONE',  ( 1.000000000000000000, 0.000000000000000000, 0.000000000000000000 ) ) ;
#11117 = CARTESIAN_POINT ( 'NONE',  ( 0.000000000000000000, -22.96649999999999991, 7.519999999999999574 ) ) ;
#11118 = CARTESIAN_POINT ( 'NONE',  ( 5.205000000000000071, -22.96649999999999991, -7.519999999999999574 ) ) ;
#11119 = ORIENTED_EDGE ( 'NONE', *, *, #4178, .F. ) ;
#11120 = DIRECTION ( 'NONE',  ( 0.000000000000000000, 0.000000000000000000, 1.000000000000000000 ) ) ;
#11121 = VECTOR ( 'NONE', #11362, 1000.000000000000000 ) ;
#11122 = VERTEX_POINT ( 'NONE', #8956 ) ;
#11123 = ADVANCED_FACE ( 'NONE', ( #6951 ), #11192, .T. ) ;
#11124 = EDGE_CURVE ( 'NONE', #12760, #1943, #10353, .T. ) ;
#11125 = DIRECTION ( 'NONE',  ( -1.000000000000000000, 0.000000000000000000, 0.000000000000000000 ) ) ;
#11126 = ORIENTED_EDGE ( 'NONE', *, *, #1831, .T. ) ;
#11127 = CARTESIAN_POINT ( 'NONE',  ( -12.95619407771448373, 3.200000000000000178, -6.903805922284076857 ) ) ;
#11128 = CARTESIAN_POINT ( 'NONE',  ( 4.584999999999999964, -22.96649999999999991, 7.519999999999999574 ) ) ;
#11129 = CARTESIAN_POINT ( 'NONE',  ( 2.285000000000000142, -17.37650000000000006, -4.320000000000000284 ) ) ;
#11130 = CARTESIAN_POINT ( 'NONE',  ( -1.500000000000000222, -17.57000000000000384, -6.860000000000000320 ) ) ;
#11131 = ORIENTED_EDGE ( 'NONE', *, *, #147, .T. ) ;
#11132 = PLANE ( 'NONE',  #8972 ) ;
#11133 = DIRECTION ( 'NONE',  ( 0.000000000000000000, 0.000000000000000000, 1.000000000000000000 ) ) ;
#11134 = LINE ( 'NONE', #2726, #6761 ) ;
#11135 = VERTEX_POINT ( 'NONE', #1947 ) ;
#11136 = CARTESIAN_POINT ( 'NONE',  ( -8.359999999999999432, 3.200000000000000178, -2.307611844574999793 ) ) ;
#11137 = DIRECTION ( 'NONE',  ( -1.000000000000000000, -0.000000000000000000, 0.000000000000000000 ) ) ;
#11138 = DIRECTION ( 'NONE',  ( 0.000000000000000000, -0.000000000000000000, -1.000000000000000000 ) ) ;
#11139 = DIRECTION ( 'NONE',  ( 0.000000000000000000, -0.000000000000000000, 1.000000000000000000 ) ) ;
#11140 = VECTOR ( 'NONE', #8740, 1000.000000000000000 ) ;
#11142 = ORIENTED_EDGE ( 'NONE', *, *, #316, .T. ) ;
#11141 = DIRECTION ( 'NONE',  ( 0.000000000000000000, 0.000000000000000000, 1.000000000000000000 ) ) ;
#11143 = CARTESIAN_POINT ( 'NONE',  ( -8.394999999999999574, -22.58649999999999736, 4.650000000000000355 ) ) ;
#11144 = DIRECTION ( 'NONE',  ( 1.000000000000000000, -0.000000000000000000, 0.000000000000000000 ) ) ;
#11145 = DIRECTION ( 'NONE',  ( 0.000000000000000000, -1.000000000000000000, -0.000000000000000000 ) ) ;
#11146 = DIRECTION ( 'NONE',  ( -0.4775043600801140986, -0.8786293792632253741, 0.000000000000000000 ) ) ;
#11147 = LINE ( 'NONE', #5863, #4649 ) ;
#11148 = DIRECTION ( 'NONE',  ( 0.000000000000000000, 1.000000000000000000, 0.000000000000000000 ) ) ;
#11149 = CARTESIAN_POINT ( 'NONE',  ( -8.269999999999999574, -17.37650000000000006, 4.650000000000000355 ) ) ;
#11150 = EDGE_CURVE ( 'NONE', #3071, #13075, #4090, .T. ) ;
#11151 = VECTOR ( 'NONE', #4827, 1000.000000000000000 ) ;
#11152 = EDGE_CURVE ( 'NONE', #3305, #888, #12312, .T. ) ;
#11153 = AXIS2_PLACEMENT_3D ( 'NONE', #1000, #3856, #11575 ) ;
#11154 = FACE_OUTER_BOUND ( 'NONE', #5519, .T. ) ;
#11155 = EDGE_CURVE ( 'NONE', #10744, #8491, #302, .T. ) ;
#11156 = ADVANCED_FACE ( 'NONE', ( #8269 ), #4020, .F. ) ;
#11157 = ORIENTED_EDGE ( 'NONE', *, *, #2922, .F. ) ;
#11158 = ORIENTED_EDGE ( 'NONE', *, *, #9352, .T. ) ;
#11159 = ORIENTED_EDGE ( 'NONE', *, *, #13703, .T. ) ;
#11160 = ORIENTED_EDGE ( 'NONE', *, *, #1200, .T. ) ;
#11161 = FACE_OUTER_BOUND ( 'NONE', #5174, .T. ) ;
#11162 = DIRECTION ( 'NONE',  ( 0.000000000000000000, 0.000000000000000000, 1.000000000000000000 ) ) ;
#11163 = CARTESIAN_POINT ( 'NONE',  ( 8.269999999999999574, -21.18649999999999878, 4.650000000000000355 ) ) ;
#11164 = ORIENTED_EDGE ( 'NONE', *, *, #2645, .T. ) ;
#11165 = PRESENTATION_LAYER_ASSIGNMENT (  '', '', ( #11822 ) ) ;
#11166 = PLANE ( 'NONE',  #6301 ) ;
#11167 = FACE_OUTER_BOUND ( 'NONE', #1062, .T. ) ;
#11168 = ORIENTED_EDGE ( 'NONE', *, *, #5578, .F. ) ;
#11169 = ORIENTED_EDGE ( 'NONE', *, *, #2844, .T. ) ;
#11170 = ORIENTED_EDGE ( 'NONE', *, *, #8184, .T. ) ;
#11172 = LINE ( 'NONE', #8041, #10536 ) ;
#11171 = VECTOR ( 'NONE', #6140, 999.9999999999998863 ) ;
#11173 = VECTOR ( 'NONE', #6970, 1000.000000000000000 ) ;
#11174 = VERTEX_POINT ( 'NONE', #8141 ) ;
#11175 = CARTESIAN_POINT ( 'NONE',  ( -7.000000000000000000, -22.67650000000000077, 3.840000000000000302 ) ) ;
#11176 = DIRECTION ( 'NONE',  ( 0.000000000000000000, -1.000000000000000000, 0.000000000000000000 ) ) ;
#11177 = DIRECTION ( 'NONE',  ( 1.000000000000000000, 0.000000000000000000, 0.000000000000000000 ) ) ;
#11178 = DIRECTION ( 'NONE',  ( 0.000000000000000000, 0.000000000000000000, 1.000000000000000000 ) ) ;
#11179 = VECTOR ( 'NONE', #3589, 1000.000000000000000 ) ;
#11180 = ORIENTED_EDGE ( 'NONE', *, *, #9306, .F. ) ;
#11181 = ORIENTED_EDGE ( 'NONE', *, *, #1940, .F. ) ;
#11182 = CARTESIAN_POINT ( 'NONE',  ( 4.715000000000000746, -17.94999999999999929, 4.830000000000000071 ) ) ;
#11183 = DIRECTION ( 'NONE',  ( 1.000000000000000000, 0.000000000000000000, -0.000000000000000000 ) ) ;
#11184 = CARTESIAN_POINT ( 'NONE',  ( -2.285000000000000142, -15.34650000000000070, 0.4299999999999998823 ) ) ;
#11185 = VERTEX_POINT ( 'NONE', #2921 ) ;
#11186 =( NAMED_UNIT ( * ) SI_UNIT ( $, .STERADIAN. ) SOLID_ANGLE_UNIT ( ) );
#11187 = CIRCLE ( 'NONE', #3201, 3.509999999999999787 ) ;
#11188 = ORIENTED_EDGE ( 'NONE', *, *, #3571, .F. ) ;
#11189 = MECHANICAL_DESIGN_GEOMETRIC_PRESENTATION_REPRESENTATION (  '', ( #10727 ), #969 ) ;
#11190 = VECTOR ( 'NONE', #5424, 1000.000000000000000 ) ;
#11191 = VECTOR ( 'NONE', #1400, 1000.000000000000000 ) ;
#11192 = PLANE ( 'NONE',  #10517 ) ;
#11193 = EDGE_CURVE ( 'NONE', #3336, #11643, #5214, .T. ) ;
#11194 = VERTEX_POINT ( 'NONE', #12387 ) ;
#11195 = AXIS2_PLACEMENT_3D ( 'NONE', #9958, #9129, #11286 ) ;
#11196 = CARTESIAN_POINT ( 'NONE',  ( -3.149999999999999911, -22.58650000000000091, -4.320000000000000284 ) ) ;
#11197 = DIRECTION ( 'NONE',  ( -0.000000000000000000, 0.000000000000000000, -1.000000000000000000 ) ) ;
#11198 = DIRECTION ( 'NONE',  ( 0.000000000000000000, 0.000000000000000000, 1.000000000000000000 ) ) ;
#11199 = VECTOR ( 'NONE', #460, 1000.000000000000227 ) ;
#11200 = CARTESIAN_POINT ( 'NONE',  ( -1.475000000000000089, -17.57000000000000384, -4.519999999999999574 ) ) ;
#11201 = ORIENTED_EDGE ( 'NONE', *, *, #9925, .F. ) ;
#11202 = EDGE_CURVE ( 'NONE', #6886, #3336, #11402, .T. ) ;
#11203 = LINE ( 'NONE', #1538, #10748 ) ;
#11204 = DIRECTION ( 'NONE',  ( 1.000000000000000000, -0.000000000000000000, 0.000000000000000000 ) ) ;
#11205 = CARTESIAN_POINT ( 'NONE',  ( 2.415000000000000036, -2.337200000000000166, -4.500000000000000888 ) ) ;
#11206 = ORIENTED_EDGE ( 'NONE', *, *, #13733, .T. ) ;
#11207 =( NAMED_UNIT ( * ) PLANE_ANGLE_UNIT ( ) SI_UNIT ( $, .RADIAN. ) );
#11208 = AXIS2_PLACEMENT_3D ( 'NONE', #13020, #7659, #9589 ) ;
#11209 = EDGE_CURVE ( 'NONE', #3120, #7593, #8401, .T. ) ;
#11210 = VECTOR ( 'NONE', #12681, 1000.000000000000000 ) ;
#11211 = DIRECTION ( 'NONE',  ( -0.000000000000000000, 1.000000000000000000, 0.000000000000000000 ) ) ;
#11212 = DIRECTION ( 'NONE',  ( 0.000000000000000000, 1.000000000000000000, 0.000000000000000000 ) ) ;
#11213 = FACE_BOUND ( 'NONE', #7291, .T. ) ;
#11214 = CARTESIAN_POINT ( 'NONE',  ( -11.42999999999999972, 3.589199999999999946, -1.017359312880999900 ) ) ;
#11216 = ORIENTED_EDGE ( 'NONE', *, *, #6950, .T. ) ;
#11215 = PLANE ( 'NONE',  #10248 ) ;
#11217 = VECTOR ( 'NONE', #1460, 1000.000000000000000 ) ;
#11218 = CARTESIAN_POINT ( 'NONE',  ( 1.395000000000000018, -17.37650000000000006, -4.320000000000000284 ) ) ;
#11219 = DIRECTION ( 'NONE',  ( -1.000000000000000000, -0.000000000000000000, -0.000000000000000000 ) ) ;
#11220 = LINE ( 'NONE', #1699, #5224 ) ;
#11221 = DIRECTION ( 'NONE',  ( 1.000000000000000000, 0.000000000000000000, -0.000000000000000000 ) ) ;
#11222 = LINE ( 'NONE', #10104, #6429 ) ;
#11223 = FILL_AREA_STYLE ('',( #7124 ) ) ;
#11224 = VECTOR ( 'NONE', #6441, 1000.000000000000000 ) ;
#11225 = LINE ( 'NONE', #1703, #10406 ) ;
#11226 = ADVANCED_FACE ( 'NONE', ( #2078 ), #6188, .F. ) ;
#11227 = LINE ( 'NONE', #10170, #2515 ) ;
#11228 = ORIENTED_EDGE ( 'NONE', *, *, #8974, .T. ) ;
#11229 = VERTEX_POINT ( 'NONE', #8204 ) ;
#11230 = ORIENTED_EDGE ( 'NONE', *, *, #9654, .T. ) ;
#11231 = VECTOR ( 'NONE', #8052, 1000.000000000000000 ) ;
#11232 = EDGE_LOOP ( 'NONE', ( #9102, #13746, #10888, #8462 ) ) ;
#11233 = DIRECTION ( 'NONE',  ( -0.000000000000000000, 1.000000000000000000, 0.000000000000000000 ) ) ;
#11234 = CARTESIAN_POINT ( 'NONE',  ( -1.270000000000000018, -17.37650000000000006, -3.509999999999999787 ) ) ;
#11235 = EDGE_CURVE ( 'NONE', #3345, #5940, #7303, .T. ) ;
#11236 = CARTESIAN_POINT ( 'NONE',  ( 8.500000000000000000, -17.37650000000000006, 7.190000000000000391 ) ) ;
#11237 = EDGE_LOOP ( 'NONE', ( #7077, #9943, #12566, #891 ) ) ;
#11238 = CYLINDRICAL_SURFACE ( 'NONE', #5191, 0.1999999999999996503 ) ;
#11239 = CYLINDRICAL_SURFACE ( 'NONE', #5016, 1.100000000000000311 ) ;
#11241 = ORIENTED_EDGE ( 'NONE', *, *, #4309, .F. ) ;
#11240 = ADVANCED_FACE ( 'NONE', ( #10483 ), #894, .T. ) ;
#11242 = ORIENTED_EDGE ( 'NONE', *, *, #13275, .F. ) ;
#11243 = ORIENTED_EDGE ( 'NONE', *, *, #5175, .T. ) ;
#11244 = AXIS2_PLACEMENT_3D ( 'NONE', #3367, #1435, #104 ) ;
#11245 = CARTESIAN_POINT ( 'NONE',  ( -21.69999999999999929, -12.19999999999999929, 13.40886698681000055 ) ) ;
#11246 = VERTEX_POINT ( 'NONE', #1808 ) ;
#11247 = EDGE_LOOP ( 'NONE', ( #7625, #10477, #5890, #1019 ) ) ;
#11248 = EDGE_CURVE ( 'NONE', #12506, #4262, #6324, .T. ) ;
#11249 = DIRECTION ( 'NONE',  ( 0.000000000000000000, 1.000000000000000000, -0.000000000000000000 ) ) ;
#11250 = DIRECTION ( 'NONE',  ( -1.000000000000000000, 0.000000000000000000, 0.000000000000000000 ) ) ;
#11251 = CARTESIAN_POINT ( 'NONE',  ( -5.647522111928036992, -12.04650000000000531, 4.500000000000000888 ) ) ;
#11252 = DIRECTION ( 'NONE',  ( 1.000000000000000000, 0.000000000000000000, -0.000000000000000000 ) ) ;
#11253 = ORIENTED_EDGE ( 'NONE', *, *, #4824, .F. ) ;
#11254 = VERTEX_POINT ( 'NONE', #6121 ) ;
#11255 = LINE ( 'NONE', #5758, #7249 ) ;
#11256 = CARTESIAN_POINT ( 'NONE',  ( -4.584999999999999964, -22.96649999999999991, 7.519999999999999574 ) ) ;
#11257 = DIRECTION ( 'NONE',  ( -0.000000000000000000, 1.000000000000000000, 0.000000000000000000 ) ) ;
#11258 = EDGE_LOOP ( 'NONE', ( #5305, #4616, #8468, #8890, #11713, #13657, #9708, #9996, #8742, #11970, #8112, #7775, #13715, #4802, #11532, #11576, #9862, #10097, #2611, #1467, #20, #9239, #9568, #2874, #9409, #5435, #3884, #2464 ) ) ;
#11259 = LINE ( 'NONE', #12105, #4196 ) ;
#11260 = ORIENTED_EDGE ( 'NONE', *, *, #523, .T. ) ;
#11261 = EDGE_CURVE ( 'NONE', #9498, #5939, #4160, .T. ) ;
#11262 = LINE ( 'NONE', #13142, #7422 ) ;
#11263 = ORIENTED_EDGE ( 'NONE', *, *, #2575, .F. ) ;
#11264 = DIRECTION ( 'NONE',  ( 0.000000000000000000, 0.000000000000000000, 1.000000000000000000 ) ) ;
#11265 = CARTESIAN_POINT ( 'NONE',  ( -4.714999999999999858, -15.34650000000000070, 4.650000000000000355 ) ) ;
#11266 = DIRECTION ( 'NONE',  ( -0.000000000000000000, 0.000000000000000000, 1.000000000000000000 ) ) ;
#11267 = CARTESIAN_POINT ( 'NONE',  ( 5.730000000000000426, -17.37650000000000006, 4.650000000000000355 ) ) ;
#11268 = LINE ( 'NONE', #8277, #9310 ) ;
#11269 = ORIENTED_EDGE ( 'NONE', *, *, #10545, .F. ) ;
#11270 = LINE ( 'NONE', #1747, #4322 ) ;
#11271 = LINE ( 'NONE', #6053, #5996 ) ;
#11272 = DIRECTION ( 'NONE',  ( -1.000000000000000000, 0.000000000000000000, -0.000000000000000000 ) ) ;
#11273 = ORIENTED_EDGE ( 'NONE', *, *, #4646, .F. ) ;
#11274 = CARTESIAN_POINT ( 'NONE',  ( 2.285000000000000142, -13.31649999999999956, -3.299999999999999822 ) ) ;
#11275 = EDGE_CURVE ( 'NONE', #9788, #2399, #9437, .T. ) ;
#11276 = DIRECTION ( 'NONE',  ( -1.000000000000000000, -0.000000000000000000, -0.000000000000000000 ) ) ;
#11277 = CARTESIAN_POINT ( 'NONE',  ( 1.274999999999999911, -15.34650000000000070, -3.310000000000000053 ) ) ;
#11278 = CARTESIAN_POINT ( 'NONE',  ( -5.500000000000000888, -17.57000000000000384, 7.189999999999999503 ) ) ;
#11279 = DIRECTION ( 'NONE',  ( 0.000000000000000000, 0.000000000000000000, 1.000000000000000000 ) ) ;
#11281 = ORIENTED_EDGE ( 'NONE', *, *, #4925, .T. ) ;
#11280 = DIRECTION ( 'NONE',  ( -1.000000000000000000, 0.000000000000000000, 0.000000000000000000 ) ) ;
#11282 = FILL_AREA_STYLE_COLOUR ( '', #12869 ) ;
#11283 = SURFACE_STYLE_FILL_AREA ( #6147 ) ;
#11284 = FILL_AREA_STYLE_COLOUR ( '', #9207 ) ;
#11285 = ADVANCED_FACE ( 'NONE', ( #10275 ), #765, .T. ) ;
#11286 = DIRECTION ( 'NONE',  ( -1.000000000000000000, 0.000000000000000000, -0.000000000000000000 ) ) ;
#11287 = CARTESIAN_POINT ( 'NONE',  ( -7.635000000000000675, -22.96649999999999991, 15.50000000000000000 ) ) ;
#11288 = CARTESIAN_POINT ( 'NONE',  ( 7.000000000000000000, -23.77649999999999864, 15.50000000000000000 ) ) ;
#11289 = CARTESIAN_POINT ( 'NONE',  ( -5.705000000000000071, -19.40650000000000119, 4.830000000000000071 ) ) ;
#11290 = EDGE_CURVE ( 'NONE', #5744, #10598, #2009, .T. ) ;
#11291 = CARTESIAN_POINT ( 'NONE',  ( -3.365000000000000213, -22.96649999999999991, -4.650000000000000355 ) ) ;
#11292 = ORIENTED_EDGE ( 'NONE', *, *, #2296, .F. ) ;
#11293 = ORIENTED_EDGE ( 'NONE', *, *, #10654, .F. ) ;
#11294 = ADVANCED_FACE ( 'NONE', ( #3952 ), #2276, .T. ) ;
#11295 = CARTESIAN_POINT ( 'NONE',  ( 7.919999999999999929, 3.589199999999999946, 7.834999999999999964 ) ) ;
#11296 = VECTOR ( 'NONE', #12206, 1000.000000000000000 ) ;
#11297 = ORIENTED_EDGE ( 'NONE', *, *, #7584, .F. ) ;
#11298 = ORIENTED_EDGE ( 'NONE', *, *, #10770, .T. ) ;
#11299 = CARTESIAN_POINT ( 'NONE',  ( 4.584999999999999964, -2.337200000000000166, 4.650000000000000355 ) ) ;
#11300 = CARTESIAN_POINT ( 'NONE',  ( 1.395000000000000018, -23.77649999999999864, -3.330000000000000071 ) ) ;
#11301 = CARTESIAN_POINT ( 'NONE',  ( -0.6350000000000001199, -22.96649999999999991, 19.69999999999999929 ) ) ;
#11302 = VERTEX_POINT ( 'NONE', #4360 ) ;
#11303 = EDGE_CURVE ( 'NONE', #10171, #5473, #3261, .T. ) ;
#11304 = CARTESIAN_POINT ( 'NONE',  ( -2.284999999999999698, -13.31649999999999956, -3.330000000000000071 ) ) ;
#11305 = CARTESIAN_POINT ( 'NONE',  ( 22.15638586528000076, 0.000000000000000000, -4.400000000000000355 ) ) ;
#11306 = ORIENTED_EDGE ( 'NONE', *, *, #11482, .T. ) ;
#11307 = AXIS2_PLACEMENT_3D ( 'NONE', #3917, #10305, #12547 ) ;
#11308 = ORIENTED_EDGE ( 'NONE', *, *, #5502, .T. ) ;
#11309 = AXIS2_PLACEMENT_3D ( 'NONE', #5781, #491, #13226 ) ;
#11310 = AXIS2_PLACEMENT_3D ( 'NONE', #6261, #13701, #4170 ) ;
#11311 = CIRCLE ( 'NONE', #7318, 1.750000000000000000 ) ;
#11312 = EDGE_CURVE ( 'NONE', #7409, #8359, #4487, .T. ) ;
#11313 = ORIENTED_EDGE ( 'NONE', *, *, #2966, .F. ) ;
#11314 = FACE_OUTER_BOUND ( 'NONE', #7341, .T. ) ;
#11315 = EDGE_LOOP ( 'NONE', ( #11486, #13133, #6665, #3352, #13705, #10400, #1199, #8237, #111, #1787, #11604, #1361 ) ) ;
#11316 = CIRCLE ( 'NONE', #5316, 3.000000000000000000 ) ;
#11317 = VERTEX_POINT ( 'NONE', #5402 ) ;
#11318 = VECTOR ( 'NONE', #9107, 1000.000000000000000 ) ;
#11319 = DIRECTION ( 'NONE',  ( 0.000000000000000000, 0.000000000000000000, 1.000000000000000000 ) ) ;
#11320 = FILL_AREA_STYLE_COLOUR ( '', #5085 ) ;
#11321 = CARTESIAN_POINT ( 'NONE',  ( 5.705000000000000071, -17.37650000000000006, 3.840000000000000302 ) ) ;
#11322 = CIRCLE ( 'NONE', #433, 0.9899999999999999911 ) ;
#11323 = DIRECTION ( 'NONE',  ( 1.000000000000000000, 0.000000000000000000, 0.000000000000000000 ) ) ;
#11324 = ORIENTED_EDGE ( 'NONE', *, *, #7892, .F. ) ;
#11325 = VERTEX_POINT ( 'NONE', #1368 ) ;
#11326 = FILL_AREA_STYLE_COLOUR ( '', #1459 ) ;
#11327 = CARTESIAN_POINT ( 'NONE',  ( 1.500000000000000000, -17.57000000000000384, -12.90000000000000036 ) ) ;
#11328 = VERTEX_POINT ( 'NONE', #12852 ) ;
#11329 = ORIENTED_EDGE ( 'NONE', *, *, #9599, .T. ) ;
#11330 = EDGE_CURVE ( 'NONE', #1364, #1758, #8467, .T. ) ;
#11331 = VECTOR ( 'NONE', #3343, 1000.000000000000000 ) ;
#11332 = CARTESIAN_POINT ( 'NONE',  ( 1.294999999999999929, -17.33328099044999959, -4.500000000000000888 ) ) ;
#11333 = EDGE_CURVE ( 'NONE', #11115, #7494, #8665, .T. ) ;
#11334 = ORIENTED_EDGE ( 'NONE', *, *, #12575, .T. ) ;
#11335 = DIRECTION ( 'NONE',  ( 0.000000000000000000, -0.000000000000000000, 1.000000000000000000 ) ) ;
#11336 = CARTESIAN_POINT ( 'NONE',  ( -0.4949999999999999956, -23.77649999999999508, -1.830000000000000071 ) ) ;
#11337 = LINE ( 'NONE', #2795, #4964 ) ;
#11338 = DIRECTION ( 'NONE',  ( 0.000000000000000000, -1.000000000000000000, 0.000000000000000000 ) ) ;
#11339 = CARTESIAN_POINT ( 'NONE',  ( 4.584999999999999964, -2.337200000000000166, 3.509999999999999787 ) ) ;
#11340 = VECTOR ( 'NONE', #4369, 1000.000000000000000 ) ;
#11341 = LINE ( 'NONE', #13494, #12561 ) ;
#11342 = LINE ( 'NONE', #10287, #5561 ) ;
#11343 = DIRECTION ( 'NONE',  ( 0.9953786080823797677, 0.09602825923645798289, 0.000000000000000000 ) ) ;
#11344 = VERTEX_POINT ( 'NONE', #12915 ) ;
#11345 = DIRECTION ( 'NONE',  ( 0.000000000000000000, 1.000000000000000000, -0.000000000000000000 ) ) ;
#11346 = PRESENTATION_LAYER_ASSIGNMENT (  '', '', ( #1804 ) ) ;
#11347 = CARTESIAN_POINT ( 'NONE',  ( -2.415000000000000036, -21.18649999999999878, -3.509999999999999787 ) ) ;
#11348 = DIRECTION ( 'NONE',  ( 1.000000000000000000, 0.000000000000000000, -0.000000000000000000 ) ) ;
#11349 = LINE ( 'NONE', #8160, #2504 ) ;
#11350 = DIRECTION ( 'NONE',  ( -0.000000000000000000, -1.000000000000000000, 0.000000000000000000 ) ) ;
#11352 = VERTEX_POINT ( 'NONE', #180 ) ;
#11351 = CARTESIAN_POINT ( 'NONE',  ( 5.500000000000000000, -17.94999999999999929, 13.40000000000000036 ) ) ;
#11353 = CARTESIAN_POINT ( 'NONE',  ( 0.000000000000000000, -17.94999999999999929, 0.000000000000000000 ) ) ;
#11354 =( NAMED_UNIT ( * ) SI_UNIT ( $, .STERADIAN. ) SOLID_ANGLE_UNIT ( ) );
#11355 = LINE ( 'NONE', #10506, #8759 ) ;
#11356 = CARTESIAN_POINT ( 'NONE',  ( -1.068310202796999953, -2.286500000000000199, -4.320000000000000284 ) ) ;
#11357 = DIRECTION ( 'NONE',  ( 0.000000000000000000, 0.000000000000000000, 1.000000000000000000 ) ) ;
#11358 = DIRECTION ( 'NONE',  ( 1.000000000000000000, 0.000000000000000000, 0.000000000000000000 ) ) ;
#11359 = EDGE_CURVE ( 'NONE', #5183, #6608, #9638, .T. ) ;
#11360 = CARTESIAN_POINT ( 'NONE',  ( 0.000000000000000000, 3.200000000000000178, 10.96000000000000085 ) ) ;
#11361 = ORIENTED_EDGE ( 'NONE', *, *, #1970, .F. ) ;
#11362 = DIRECTION ( 'NONE',  ( -0.000000000000000000, 1.000000000000000000, 0.000000000000000000 ) ) ;
#11363 = VECTOR ( 'NONE', #10471, 1000.000000000000000 ) ;
#11364 = ORIENTED_EDGE ( 'NONE', *, *, #8424, .F. ) ;
#11365 = ORIENTED_EDGE ( 'NONE', *, *, #6556, .T. ) ;
#11366 = DIRECTION ( 'NONE',  ( -0.000000000000000000, 0.000000000000000000, -1.000000000000000000 ) ) ;
#11367 = EDGE_CURVE ( 'NONE', #2202, #862, #5472, .T. ) ;
#11368 = ORIENTED_EDGE ( 'NONE', *, *, #5708, .T. ) ;
#11369 = ORIENTED_EDGE ( 'NONE', *, *, #9110, .F. ) ;
#11370 = LINE ( 'NONE', #13461, #5470 ) ;
#11371 = FACE_OUTER_BOUND ( 'NONE', #8117, .T. ) ;
#11372 = CARTESIAN_POINT ( 'NONE',  ( -0.4949999999999999956, -23.77649999999999864, 1.320000000000000062 ) ) ;
#11373 = VERTEX_POINT ( 'NONE', #12994 ) ;
#11374 = CARTESIAN_POINT ( 'NONE',  ( -8.269999999999999574, -15.34650000000000070, 3.840000000000000302 ) ) ;
#11375 = LINE ( 'NONE', #12427, #5102 ) ;
#11376 = VECTOR ( 'NONE', #11358, 1000.000000000000000 ) ;
#11377 = EDGE_CURVE ( 'NONE', #1850, #10592, #7441, .T. ) ;
#11378 = AXIS2_PLACEMENT_3D ( 'NONE', #3051, #7298, #9297 ) ;
#11379 = EDGE_CURVE ( 'NONE', #11386, #3550, #10816, .T. ) ;
#11380 = ORIENTED_EDGE ( 'NONE', *, *, #1692, .T. ) ;
#11381 = EDGE_CURVE ( 'NONE', #8741, #4524, #1302, .T. ) ;
#11382 = ORIENTED_EDGE ( 'NONE', *, *, #7454, .F. ) ;
#11383 = DIRECTION ( 'NONE',  ( -0.000000000000000000, 0.000000000000000000, -1.000000000000000000 ) ) ;
#11384 = EDGE_LOOP ( 'NONE', ( #6788, #4151, #513, #560 ) ) ;
#11385 = VECTOR ( 'NONE', #8426, 1000.000000000000000 ) ;
#11386 = VERTEX_POINT ( 'NONE', #2346 ) ;
#11387 = CARTESIAN_POINT ( 'NONE',  ( -1.294999999999999929, -19.44971900955000166, -4.500000000000000888 ) ) ;
#11388 = CARTESIAN_POINT ( 'NONE',  ( 9.285000000000000142, -19.43146179653999894, 4.830000000000000071 ) ) ;
#11389 = CARTESIAN_POINT ( 'NONE',  ( 4.612359312880999873, 3.589199999999999946, -7.834999999999999964 ) ) ;
#11390 = EDGE_LOOP ( 'NONE', ( #6916, #6790, #7144, #12066 ) ) ;
#11391 = AXIS2_PLACEMENT_3D ( 'NONE', #9488, #13739, #5200 ) ;
#11392 = CARTESIAN_POINT ( 'NONE',  ( 1.475000000000000089, -13.31649999999999956, 0.4299999999999998268 ) ) ;
#11393 = UNCERTAINTY_MEASURE_WITH_UNIT (LENGTH_MEASURE( 1.000000000000000082E-05 ), #8520, 'distance_accuracy_value', 'NONE');
#11394 = CARTESIAN_POINT ( 'NONE',  ( -20.00000000000000000, 0.000000000000000000, 0.000000000000000000 ) ) ;
#11395 = ORIENTED_EDGE ( 'NONE', *, *, #13553, .F. ) ;
#11396 = ORIENTED_EDGE ( 'NONE', *, *, #7670, .T. ) ;
#11397 = VECTOR ( 'NONE', #695, 1000.000000000000000 ) ;
#11398 = EDGE_CURVE ( 'NONE', #6666, #12934, #6385, .T. ) ;
#11399 = AXIS2_PLACEMENT_3D ( 'NONE', #3013, #4176, #7459 ) ;
#11400 = VECTOR ( 'NONE', #11211, 1000.000000000000000 ) ;
#11401 = AXIS2_PLACEMENT_3D ( 'NONE', #8045, #12296, #13541 ) ;
#11402 = LINE ( 'NONE', #3125, #6768 ) ;
#11403 = EDGE_LOOP ( 'NONE', ( #4929, #4060, #9866, #12693 ) ) ;
#11404 = CARTESIAN_POINT ( 'NONE',  ( -1.499999999999999556, 0.000000000000000000, -12.90000000000000036 ) ) ;
#11405 = CARTESIAN_POINT ( 'NONE',  ( -10.93500000000000050, -17.94999999999999929, 13.40000000000000036 ) ) ;
#11406 = DIRECTION ( 'NONE',  ( 0.000000000000000000, 0.000000000000000000, 1.000000000000000000 ) ) ;
#11407 = SURFACE_STYLE_FILL_AREA ( #6193 ) ;
#11408 = EDGE_CURVE ( 'NONE', #11817, #9344, #10616, .T. ) ;
#11409 = CARTESIAN_POINT ( 'NONE',  ( -1.499999999999999778, -17.94999999999999929, -12.90000000000000036 ) ) ;
#11410 = VECTOR ( 'NONE', #5634, 1000.000000000000000 ) ;
#11411 = CARTESIAN_POINT ( 'NONE',  ( -1.068310202796968644, -2.286500000000057486, 0.4299999999999998823 ) ) ;
#11412 = VECTOR ( 'NONE', #7669, 1000.000000000000000 ) ;
#11413 = EDGE_CURVE ( 'NONE', #4921, #3274, #7502, .T. ) ;
#11414 = CARTESIAN_POINT ( 'NONE',  ( -8.394999999999999574, -23.77649999999999864, 4.650000000000000355 ) ) ;
#11415 = PLANE ( 'NONE',  #6202 ) ;
#11416 = ORIENTED_EDGE ( 'NONE', *, *, #4070, .F. ) ;
#11417 = VECTOR ( 'NONE', #2380, 1000.000000000000000 ) ;
#11418 = EDGE_CURVE ( 'NONE', #2962, #4579, #7698, .T. ) ;
#11419 = VECTOR ( 'NONE', #9480, 1000.000000000000000 ) ;
#11420 = CARTESIAN_POINT ( 'NONE',  ( -12.20500000000000007, -22.96649999999999991, -1.879999999999999893 ) ) ;
#11421 = VECTOR ( 'NONE', #2184, 1000.000000000000000 ) ;
#11422 = CIRCLE ( 'NONE', #7218, 4.899999999999999467 ) ;
#11423 = DIRECTION ( 'NONE',  ( 0.000000000000000000, 0.000000000000000000, 1.000000000000000000 ) ) ;
#11424 = AXIS2_PLACEMENT_3D ( 'NONE', #3209, #10573, #6058 ) ;
#11425 = ORIENTED_EDGE ( 'NONE', *, *, #263, .F. ) ;
#11426 = PLANE ( 'NONE',  #5638 ) ;
#11427 = DIRECTION ( 'NONE',  ( 0.000000000000000000, -1.000000000000000000, 0.000000000000000000 ) ) ;
#11428 = VECTOR ( 'NONE', #4692, 1000.000000000000000 ) ;
#11429 = CARTESIAN_POINT ( 'NONE',  ( 20.00000000000000000, 0.000000000000000000, -1.750000000000000000 ) ) ;
#11431 = ORIENTED_EDGE ( 'NONE', *, *, #582, .T. ) ;
#11430 = CARTESIAN_POINT ( 'NONE',  ( 24.89999999999999503, 0.000000000000000000, 15.80886698680999913 ) ) ;
#11432 = EDGE_CURVE ( 'NONE', #1357, #2462, #5539, .T. ) ;
#11433 = LINE ( 'NONE', #5093, #1448 ) ;
#11434 = PLANE ( 'NONE',  #6102 ) ;
#11435 = FACE_OUTER_BOUND ( 'NONE', #6512, .T. ) ;
#11436 = DIRECTION ( 'NONE',  ( 0.000000000000000000, 0.000000000000000000, -1.000000000000000000 ) ) ;
#11437 = AXIS2_PLACEMENT_3D ( 'NONE', #8296, #12552, #7269 ) ;
#11438 = DIRECTION ( 'NONE',  ( -1.000000000000000000, 0.000000000000000000, 0.000000000000000000 ) ) ;
#11439 = CARTESIAN_POINT ( 'NONE',  ( 1.475000000000000089, -15.34650000000000070, -4.320000000000000284 ) ) ;
#11440 = VECTOR ( 'NONE', #12137, 1000.000000000000000 ) ;
#11441 = CARTESIAN_POINT ( 'NONE',  ( -5.724999999999999645, -19.43146179653999894, 4.850000000000000533 ) ) ;
#11442 = MECHANICAL_DESIGN_GEOMETRIC_PRESENTATION_REPRESENTATION (  '', ( #2552 ), #5886 ) ;
#11443 = VERTEX_POINT ( 'NONE', #12792 ) ;
#11444 = ORIENTED_EDGE ( 'NONE', *, *, #933, .F. ) ;
#11445 = CARTESIAN_POINT ( 'NONE',  ( -4.771619048833770194, -17.94999999999999929, 4.499999999999962697 ) ) ;
#11446 = VERTEX_POINT ( 'NONE', #3380 ) ;
#11447 = ORIENTED_EDGE ( 'NONE', *, *, #6067, .T. ) ;
#11448 = LINE ( 'NONE', #4131, #8567 ) ;
#11449 = CARTESIAN_POINT ( 'NONE',  ( 9.414999999999999147, -17.94999999999999929, 7.519999999999999574 ) ) ;
#11450 = AXIS2_PLACEMENT_3D ( 'NONE', #827, #5330, #6246 ) ;
#11451 = DIRECTION ( 'NONE',  ( 0.000000000000000000, 0.000000000000000000, 1.000000000000000000 ) ) ;
#11452 = VERTEX_POINT ( 'NONE', #11739 ) ;
#11453 = DIRECTION ( 'NONE',  ( -0.000000000000000000, 1.000000000000000000, 0.000000000000000000 ) ) ;
#11454 = AXIS2_PLACEMENT_3D ( 'NONE', #18, #10794, #8705 ) ;
#11455 = FACE_OUTER_BOUND ( 'NONE', #7672, .T. ) ;
#11456 = DIRECTION ( 'NONE',  ( -1.000000000000000000, 0.000000000000000000, -0.000000000000000000 ) ) ;
#11457 = AXIS2_PLACEMENT_3D ( 'NONE', #4854, #2705, #6940 ) ;
#11458 = ORIENTED_EDGE ( 'NONE', *, *, #11068, .F. ) ;
#11459 = EDGE_CURVE ( 'NONE', #7211, #9915, #311, .T. ) ;
#11460 = CARTESIAN_POINT ( 'NONE',  ( 13.50000000000000000, 0.000000000000000000, 14.30000000000000071 ) ) ;
#11461 = ORIENTED_EDGE ( 'NONE', *, *, #5039, .T. ) ;
#11462 = ORIENTED_EDGE ( 'NONE', *, *, #12929, .T. ) ;
#11463 = DIRECTION ( 'NONE',  ( -0.000000000000000000, 1.000000000000000000, 0.000000000000000000 ) ) ;
#11464 = LINE ( 'NONE', #13680, #55 ) ;
#11465 = CARTESIAN_POINT ( 'NONE',  ( -8.352477888071929257, -12.04650000000000887, 4.500000000000000888 ) ) ;
#11466 = ORIENTED_EDGE ( 'NONE', *, *, #2474, .F. ) ;
#11467 = CARTESIAN_POINT ( 'NONE',  ( 7.000000000000000000, -17.37650000000000006, 3.840000000000000302 ) ) ;
#11468 = EDGE_CURVE ( 'NONE', #12224, #7578, #115, .T. ) ;
#11469 = CARTESIAN_POINT ( 'NONE',  ( 2.415000000000000036, -20.17650000000000077, -12.90000000000000036 ) ) ;
#11470 = ORIENTED_EDGE ( 'NONE', *, *, #2556, .T. ) ;
#11471 = ORIENTED_EDGE ( 'NONE', *, *, #4083, .T. ) ;
#11472 = ORIENTED_EDGE ( 'NONE', *, *, #11202, .F. ) ;
#11473 = ADVANCED_FACE ( 'NONE', ( #11872 ), #393, .T. ) ;
#11474 = DIRECTION ( 'NONE',  ( -0.000000000000000000, 1.000000000000000000, 0.000000000000000000 ) ) ;
#11475 = ORIENTED_EDGE ( 'NONE', *, *, #1859, .T. ) ;
#11476 = CARTESIAN_POINT ( 'NONE',  ( 3.850000000000000089, -21.56650000000000134, 0.000000000000000000 ) ) ;
#11477 = SURFACE_STYLE_FILL_AREA ( #7248 ) ;
#11478 = FACE_BOUND ( 'NONE', #1566, .T. ) ;
#11479 = EDGE_CURVE ( 'NONE', #1205, #9215, #12226, .T. ) ;
#11480 = FACE_OUTER_BOUND ( 'NONE', #8015, .T. ) ;
#11481 = VECTOR ( 'NONE', #10722, 1000.000000000000000 ) ;
#11482 = EDGE_CURVE ( 'NONE', #5250, #8374, #4630, .T. ) ;
#11483 = LINE ( 'NONE', #3960, #10986 ) ;
#11484 = LINE ( 'NONE', #9181, #8007 ) ;
#11485 = DIRECTION ( 'NONE',  ( -0.000000000000000000, 1.000000000000000000, 0.000000000000000000 ) ) ;
#11486 = ORIENTED_EDGE ( 'NONE', *, *, #7001, .T. ) ;
#11487 = EDGE_CURVE ( 'NONE', #11352, #3030, #10125, .T. ) ;
#11488 = DIRECTION ( 'NONE',  ( -0.000000000000000000, 1.000000000000000000, 0.000000000000000000 ) ) ;
#11489 = ORIENTED_EDGE ( 'NONE', *, *, #13760, .T. ) ;
#11490 = DIRECTION ( 'NONE',  ( 0.000000000000000000, 1.000000000000000000, 0.000000000000000000 ) ) ;
#11491 = EDGE_CURVE ( 'NONE', #7400, #8722, #12089, .T. ) ;
#11492 = CARTESIAN_POINT ( 'NONE',  ( 0.000000000000000000, -21.56650000000000134, 0.000000000000000000 ) ) ;
#11493 = SURFACE_STYLE_USAGE ( .BOTH. , #12544 ) ;
#11494 = VERTEX_POINT ( 'NONE', #8866 ) ;
#11495 = EDGE_CURVE ( 'NONE', #1434, #13537, #4704, .T. ) ;
#11496 = FACE_OUTER_BOUND ( 'NONE', #7322, .T. ) ;
#11497 = CARTESIAN_POINT ( 'NONE',  ( 6.490000000000000213, -3.313815743959999782, 4.650000000000000355 ) ) ;
#11498 = LINE ( 'NONE', #6276, #6315 ) ;
#11499 = CARTESIAN_POINT ( 'NONE',  ( 9.414999999999999147, -21.56650000000000134, -0.5000000000000000000 ) ) ;
#11500 = ADVANCED_FACE ( 'NONE', ( #2773 ), #9980, .F. ) ;
#11501 = EDGE_CURVE ( 'NONE', #11817, #11997, #10049, .T. ) ;
#11502 = ORIENTED_EDGE ( 'NONE', *, *, #10834, .F. ) ;
#11503 = ORIENTED_EDGE ( 'NONE', *, *, #9647, .T. ) ;
#11504 = VERTEX_POINT ( 'NONE', #12013 ) ;
#11505 = CARTESIAN_POINT ( 'NONE',  ( 9.228380951166123225, -17.37650000000000006, 4.500000000000000888 ) ) ;
#11506 = ORIENTED_EDGE ( 'NONE', *, *, #8998, .T. ) ;
#11507 = EDGE_CURVE ( 'NONE', #6758, #12689, #532, .T. ) ;
#11508 = ORIENTED_EDGE ( 'NONE', *, *, #6946, .F. ) ;
#11509 = DIRECTION ( 'NONE',  ( 0.000000000000000000, -0.000000000000000000, -1.000000000000000000 ) ) ;
#11510 = CARTESIAN_POINT ( 'NONE',  ( 20.30000000000000071, 0.000000000000000000, -4.400000000000000355 ) ) ;
#11511 = DIRECTION ( 'NONE',  ( 1.000000000000000000, 0.000000000000000000, -0.000000000000000000 ) ) ;
#11512 = ORIENTED_EDGE ( 'NONE', *, *, #5526, .F. ) ;
#11513 = SURFACE_STYLE_USAGE ( .BOTH. , #7285 ) ;
#11514 = DIRECTION ( 'NONE',  ( 0.000000000000000000, 0.000000000000000000, 1.000000000000000000 ) ) ;
#11515 = DIRECTION ( 'NONE',  ( -1.000000000000000000, 0.000000000000000000, 0.000000000000000000 ) ) ;
#11516 = EDGE_CURVE ( 'NONE', #6696, #3460, #9013, .T. ) ;
#11517 = EDGE_CURVE ( 'NONE', #4847, #6036, #4846, .T. ) ;
#11518 = AXIS2_PLACEMENT_3D ( 'NONE', #7726, #11002, #6766 ) ;
#11519 = EDGE_CURVE ( 'NONE', #8058, #722, #10313, .T. ) ;
#11520 = EDGE_CURVE ( 'NONE', #3550, #6111, #9914, .T. ) ;
#11521 = ORIENTED_EDGE ( 'NONE', *, *, #3409, .T. ) ;
#11522 = CARTESIAN_POINT ( 'NONE',  ( 3.935000000000000053, -20.17650000000000077, -12.90000000000000036 ) ) ;
#11523 = VERTEX_POINT ( 'NONE', #7973 ) ;
#11524 = ORIENTED_EDGE ( 'NONE', *, *, #13336, .F. ) ;
#11525 = DIRECTION ( 'NONE',  ( 0.000000000000000000, 1.000000000000000000, 0.000000000000000000 ) ) ;
#11526 = LINE ( 'NONE', #2979, #6725 ) ;
#11527 = CARTESIAN_POINT ( 'NONE',  ( 7.000000000000000000, -19.40650000000000119, 3.840000000000000302 ) ) ;
#11528 = ORIENTED_EDGE ( 'NONE', *, *, #6786, .F. ) ;
#11529 = PLANE ( 'NONE',  #11450 ) ;
#11530 = VECTOR ( 'NONE', #6632, 1000.000000000000000 ) ;
#11531 = DIRECTION ( 'NONE',  ( 0.000000000000000000, -1.000000000000000000, 0.000000000000000000 ) ) ;
#11532 = ORIENTED_EDGE ( 'NONE', *, *, #10169, .F. ) ;
#11533 = MECHANICAL_DESIGN_GEOMETRIC_PRESENTATION_REPRESENTATION (  '', ( #6417 ), #1311 ) ;
#11534 = AXIS2_PLACEMENT_3D ( 'NONE', #432, #13291, #709 ) ;
#11535 = VERTEX_POINT ( 'NONE', #10963 ) ;
#11536 = AXIS2_PLACEMENT_3D ( 'NONE', #9232, #11250, #1728 ) ;
#11537 = UNCERTAINTY_MEASURE_WITH_UNIT (LENGTH_MEASURE( 1.000000000000000082E-05 ), #9267, 'distance_accuracy_value', 'NONE');
#11538 = AXIS2_PLACEMENT_3D ( 'NONE', #2166, #12680, #8624 ) ;
#11539 = ORIENTED_EDGE ( 'NONE', *, *, #3478, .T. ) ;
#11540 = EDGE_CURVE ( 'NONE', #1250, #11452, #3585, .T. ) ;
#11541 = DIRECTION ( 'NONE',  ( -0.4775043600801140986, -0.8786293792632253741, 0.000000000000000000 ) ) ;
#11542 = ORIENTED_EDGE ( 'NONE', *, *, #6524, .F. ) ;
#11543 = CARTESIAN_POINT ( 'NONE',  ( 0.6350000000000000089, -23.77649999999999508, 15.74000000000000021 ) ) ;
#11544 = SURFACE_STYLE_USAGE ( .BOTH. , #7306 ) ;
#11545 = CARTESIAN_POINT ( 'NONE',  ( 8.500000000000000000, -17.57000000000000384, 13.40000000000000036 ) ) ;
#11546 = DIRECTION ( 'NONE',  ( -0.000000000000000000, 0.000000000000000000, -1.000000000000000000 ) ) ;
#11547 = CARTESIAN_POINT ( 'NONE',  ( 0.000000000000000000, -2.337200000000000166, 0.000000000000000000 ) ) ;
#11548 = DIRECTION ( 'NONE',  ( 0.000000000000000000, -1.000000000000000000, 0.000000000000000000 ) ) ;
#11549 = LINE ( 'NONE', #11414, #4443 ) ;
#11550 = FACE_BOUND ( 'NONE', #6914, .T. ) ;
#11551 = VECTOR ( 'NONE', #4758, 1000.000000000000000 ) ;
#11552 = EDGE_CURVE ( 'NONE', #3192, #8170, #7829, .T. ) ;
#11553 = ORIENTED_EDGE ( 'NONE', *, *, #5941, .T. ) ;
#11554 = EDGE_CURVE ( 'NONE', #13143, #5840, #5685, .T. ) ;
#11555 = EDGE_CURVE ( 'NONE', #8660, #4273, #11172, .T. ) ;
#11556 = DIRECTION ( 'NONE',  ( 0.000000000000000000, -1.000000000000000000, 0.000000000000000000 ) ) ;
#11557 = ORIENTED_EDGE ( 'NONE', *, *, #6234, .F. ) ;
#11558 = CARTESIAN_POINT ( 'NONE',  ( 0.000000000000000000, -17.94999999999999929, -4.500000000000000888 ) ) ;
#11559 = DIRECTION ( 'NONE',  ( -1.000000000000000000, 0.000000000000000000, 0.000000000000000000 ) ) ;
#11560 = DIRECTION ( 'NONE',  ( 0.000000000000000000, 0.000000000000000000, 1.000000000000000000 ) ) ;
#11561 = ORIENTED_EDGE ( 'NONE', *, *, #10221, .F. ) ;
#11562 = DIRECTION ( 'NONE',  ( 0.000000000000000000, 0.000000000000000000, -1.000000000000000000 ) ) ;
#11563 = DIRECTION ( 'NONE',  ( 0.000000000000000000, 0.000000000000000000, -1.000000000000000000 ) ) ;
#11564 = LINE ( 'NONE', #988, #7225 ) ;
#11565 = DIRECTION ( 'NONE',  ( 1.000000000000000000, 0.000000000000000000, 0.000000000000000000 ) ) ;
#11566 = DIRECTION ( 'NONE',  ( 0.000000000000000000, -1.000000000000000000, -0.000000000000000000 ) ) ;
#11567 = EDGE_LOOP ( 'NONE', ( #5104, #13603, #6359, #11561 ) ) ;
#11568 = CARTESIAN_POINT ( 'NONE',  ( -1.442116121765000036, -22.78650000000000020, -3.330000000000000071 ) ) ;
#11569 = PRESENTATION_LAYER_ASSIGNMENT (  '', '', ( #3789 ) ) ;
#11570 = EDGE_CURVE ( 'NONE', #9777, #3722, #7907, .T. ) ;
#11571 = ORIENTED_EDGE ( 'NONE', *, *, #13538, .F. ) ;
#11572 = CARTESIAN_POINT ( 'NONE',  ( -1.474999999999999867, -19.40650000000000119, -6.860000000000000320 ) ) ;
#11573 = ORIENTED_EDGE ( 'NONE', *, *, #5535, .F. ) ;
#11574 = ORIENTED_EDGE ( 'NONE', *, *, #9416, .F. ) ;
#11575 = DIRECTION ( 'NONE',  ( -0.1004120643276970176, 0.9949459368917741298, 0.000000000000000000 ) ) ;
#11576 = ORIENTED_EDGE ( 'NONE', *, *, #12849, .T. ) ;
#11577 = ORIENTED_EDGE ( 'NONE', *, *, #2191, .T. ) ;
#11578 = LINE ( 'NONE', #12567, #6367 ) ;
#11579 = DIRECTION ( 'NONE',  ( 0.000000000000000000, 1.000000000000000000, 0.000000000000000000 ) ) ;
#11580 = LINE ( 'NONE', #4133, #12981 ) ;
#11581 = VERTEX_POINT ( 'NONE', #12161 ) ;
#11582 = CARTESIAN_POINT ( 'NONE',  ( 14.85999999999999943, 3.200000000000000178, 0.000000000000000000 ) ) ;
#11583 = ADVANCED_FACE ( 'NONE', ( #1722 ), #9843, .T. ) ;
#11584 = SURFACE_STYLE_FILL_AREA ( #3168 ) ;
#11585 = EDGE_CURVE ( 'NONE', #10171, #3120, #13394, .T. ) ;
#11586 = LINE ( 'NONE', #2053, #8233 ) ;
#11587 = CARTESIAN_POINT ( 'NONE',  ( 5.181072524102905419, -15.34650000000000247, 4.500000000000000888 ) ) ;
#11588 = EDGE_CURVE ( 'NONE', #13320, #4793, #12498, .T. ) ;
#11589 = EDGE_CURVE ( 'NONE', #1899, #8154, #13676, .T. ) ;
#11590 = EDGE_CURVE ( 'NONE', #7494, #40, #6104, .T. ) ;
#11591 = ORIENTED_EDGE ( 'NONE', *, *, #1282, .F. ) ;
#11592 = DIRECTION ( 'NONE',  ( 0.000000000000000000, 0.000000000000000000, 1.000000000000000000 ) ) ;
#11593 = ORIENTED_EDGE ( 'NONE', *, *, #2176, .F. ) ;
#11594 = EDGE_LOOP ( 'NONE', ( #1168, #3584, #9874, #8325 ) ) ;
#11595 = CARTESIAN_POINT ( 'NONE',  ( 8.320800000000000196, 3.589199999999999946, 0.000000000000000000 ) ) ;
#11596 = LINE ( 'NONE', #10402, #12285 ) ;
#11597 = CARTESIAN_POINT ( 'NONE',  ( -12.20500000000000007, -22.96649999999999991, 7.519999999999999574 ) ) ;
#11598 = ORIENTED_EDGE ( 'NONE', *, *, #8238, .F. ) ;
#11599 = VECTOR ( 'NONE', #8392, 1000.000000000000000 ) ;
#11600 =( LENGTH_UNIT ( ) NAMED_UNIT ( * ) SI_UNIT ( .MILLI., .METRE. ) );
#11601 = ORIENTED_EDGE ( 'NONE', *, *, #206, .F. ) ;
#11602 = ORIENTED_EDGE ( 'NONE', *, *, #9010, .T. ) ;
#11603 = PRESENTATION_LAYER_ASSIGNMENT (  '', '', ( #13599 ) ) ;
#11604 = ORIENTED_EDGE ( 'NONE', *, *, #13438, .F. ) ;
#11605 = CARTESIAN_POINT ( 'NONE',  ( 0.000000000000000000, -2.337200000000000166, -4.500000000000000888 ) ) ;
#11606 = VERTEX_POINT ( 'NONE', #1932 ) ;
#11607 = CARTESIAN_POINT ( 'NONE',  ( -8.320800000000000196, -2.337200000000000166, -0.5000000000000000000 ) ) ;
#11608 = CARTESIAN_POINT ( 'NONE',  ( -0.4949999999999999956, -31.28604151461000171, 0.5832000000000000517 ) ) ;
#11609 = CARTESIAN_POINT ( 'NONE',  ( 5.679199999999999804, -2.337200000000000166, -0.5000000000000000000 ) ) ;
#11610 = CARTESIAN_POINT ( 'NONE',  ( -9.285000000000000142, -15.34650000000000070, 3.660000000000000142 ) ) ;
#11611 = DIRECTION ( 'NONE',  ( -1.000000000000000000, 0.000000000000000000, 0.000000000000000000 ) ) ;
#11612 = DIRECTION ( 'NONE',  ( 0.000000000000000000, -1.000000000000000000, -0.000000000000000000 ) ) ;
#11613 = CARTESIAN_POINT ( 'NONE',  ( 5.730000000000000426, -19.40650000000000119, 4.650000000000000355 ) ) ;
#11614 = DIRECTION ( 'NONE',  ( 0.000000000000000000, 0.000000000000000000, -1.000000000000000000 ) ) ;
#11615 = ORIENTED_EDGE ( 'NONE', *, *, #5834, .T. ) ;
#11616 = VECTOR ( 'NONE', #8735, 1000.000000000000000 ) ;
#11617 = VECTOR ( 'NONE', #4010, 1000.000000000000000 ) ;
#11618 = EDGE_CURVE ( 'NONE', #11664, #8850, #12578, .T. ) ;
#11619 = CARTESIAN_POINT ( 'NONE',  ( -2.285000000000000142, -19.40650000000000119, -6.860000000000000320 ) ) ;
#11620 = VECTOR ( 'NONE', #6773, 1000.000000000000000 ) ;
#11621 = ORIENTED_EDGE ( 'NONE', *, *, #2856, .T. ) ;
#11622 = FACE_OUTER_BOUND ( 'NONE', #12579, .T. ) ;
#11623 = LINE ( 'NONE', #1048, #12291 ) ;
#11624 = EDGE_CURVE ( 'NONE', #10592, #9878, #8387, .T. ) ;
#11625 = CIRCLE ( 'NONE', #2289, 8.000000000000000000 ) ;
#11626 = AXIS2_PLACEMENT_3D ( 'NONE', #12401, #2593, #7113 ) ;
#11627 = FACE_OUTER_BOUND ( 'NONE', #11567, .T. ) ;
#11628 =( GEOMETRIC_REPRESENTATION_CONTEXT ( 3 ) GLOBAL_UNCERTAINTY_ASSIGNED_CONTEXT ( ( #9462 ) ) GLOBAL_UNIT_ASSIGNED_CONTEXT ( ( #81, #11711, #4259 ) ) REPRESENTATION_CONTEXT ( 'NONE', 'WORKASPACE' ) );
#11629 = LINE ( 'NONE', #2103, #84 ) ;
#11630 = LINE ( 'NONE', #12746, #11105 ) ;
#11631 = CARTESIAN_POINT ( 'NONE',  ( 9.414999999999999147, -2.337200000000000166, 4.649999999999999467 ) ) ;
#11632 = EDGE_LOOP ( 'NONE', ( #9677, #7159, #1863, #8464 ) ) ;
#11633 = ADVANCED_FACE ( 'NONE', ( #5955 ), #4913, .T. ) ;
#11634 = DIRECTION ( 'NONE',  ( -1.000000000000000000, 0.000000000000000000, 0.000000000000000000 ) ) ;
#11635 = VECTOR ( 'NONE', #13595, 1000.000000000000000 ) ;
#11636 = VECTOR ( 'NONE', #6329, 1000.000000000000000 ) ;
#11637 = VECTOR ( 'NONE', #2224, 1000.000000000000227 ) ;
#11638 = VECTOR ( 'NONE', #12936, 1000.000000000000000 ) ;
#11639 = VECTOR ( 'NONE', #8856, 1000.000000000000000 ) ;
#11640 = ORIENTED_EDGE ( 'NONE', *, *, #5331, .F. ) ;
#11641 = FILL_AREA_STYLE_COLOUR ( '', #2969 ) ;
#11642 = VECTOR ( 'NONE', #11000, 1000.000000000000000 ) ;
#11643 = VERTEX_POINT ( 'NONE', #7355 ) ;
#11644 = VERTEX_POINT ( 'NONE', #7228 ) ;
#11645 = DIRECTION ( 'NONE',  ( 0.000000000000000000, 0.000000000000000000, 1.000000000000000000 ) ) ;
#11646 = ORIENTED_EDGE ( 'NONE', *, *, #12986, .F. ) ;
#11648 = ORIENTED_EDGE ( 'NONE', *, *, #8436, .F. ) ;
#11647 = LINE ( 'NONE', #1063, #6294 ) ;
#11649 = AXIS2_PLACEMENT_3D ( 'NONE', #5238, #5165, #8431 ) ;
#11650 = DIRECTION ( 'NONE',  ( 0.000000000000000000, 0.000000000000000000, 1.000000000000000000 ) ) ;
#11651 = DIRECTION ( 'NONE',  ( 0.000000000000000000, 0.000000000000000000, -1.000000000000000000 ) ) ;
#11652 = CARTESIAN_POINT ( 'NONE',  ( -8.394999999999999574, -22.58650000000000091, 4.650000000000000355 ) ) ;
#11653 = EDGE_LOOP ( 'NONE', ( #1218, #13635, #2208, #1110 ) ) ;
#11654 = PLANE ( 'NONE',  #8731 ) ;
#11655 = VECTOR ( 'NONE', #8602, 1000.000000000000000 ) ;
#11656 = CARTESIAN_POINT ( 'NONE',  ( 8.779999999999976268, -2.673278531664988744, 4.500000000000000888 ) ) ;
#11657 = VECTOR ( 'NONE', #6714, 1000.000000000000000 ) ;
#11658 = DIRECTION ( 'NONE',  ( -0.000000000000000000, 1.000000000000000000, -0.000000000000000000 ) ) ;
#11659 = VECTOR ( 'NONE', #12459, 1000.000000000000000 ) ;
#11660 = EDGE_CURVE ( 'NONE', #10349, #3604, #10190, .T. ) ;
#11661 = ORIENTED_EDGE ( 'NONE', *, *, #3678, .T. ) ;
#11662 = VECTOR ( 'NONE', #5163, 1000.000000000000000 ) ;
#11663 = FILL_AREA_STYLE_COLOUR ( '', #13172 ) ;
#11664 = VERTEX_POINT ( 'NONE', #4144 ) ;
#11665 = AXIS2_PLACEMENT_3D ( 'NONE', #10596, #11651, #4334 ) ;
#11666 = ORIENTED_EDGE ( 'NONE', *, *, #4100, .T. ) ;
#11667 = LINE ( 'NONE', #10401, #11017 ) ;
#11668 = DIRECTION ( 'NONE',  ( 0.000000000000000000, 0.000000000000000000, -1.000000000000000000 ) ) ;
#11669 = EDGE_CURVE ( 'NONE', #5471, #8448, #1994, .T. ) ;
#11670 = CARTESIAN_POINT ( 'NONE',  ( -5.699999999999925571, -3.556499999999991779, 4.650000000000000355 ) ) ;
#11671 = ORIENTED_EDGE ( 'NONE', *, *, #5095, .T. ) ;
#11672 = EDGE_CURVE ( 'NONE', #4615, #11975, #2066, .T. ) ;
#11673 = DIRECTION ( 'NONE',  ( -0.09602825923645796902, -0.9953786080823796567, -0.000000000000000000 ) ) ;
#11674 = SURFACE_STYLE_FILL_AREA ( #7555 ) ;
#11675 = ORIENTED_EDGE ( 'NONE', *, *, #1296, .T. ) ;
#11676 = VERTEX_POINT ( 'NONE', #7075 ) ;
#11677 = PRESENTATION_LAYER_ASSIGNMENT (  '', '', ( #8125 ) ) ;
#11678 = ADVANCED_FACE ( 'NONE', ( #11314 ), #5059, .T. ) ;
#11679 = ADVANCED_FACE ( 'NONE', ( #6024 ), #6174, .T. ) ;
#11680 = VERTEX_POINT ( 'NONE', #10254 ) ;
#11681 = CARTESIAN_POINT ( 'NONE',  ( -0.5100000000000000089, -3.313815743959999782, -4.320000000000000284 ) ) ;
#11682 = ORIENTED_EDGE ( 'NONE', *, *, #6617, .T. ) ;
#11683 = CARTESIAN_POINT ( 'NONE',  ( -20.00000000000000000, 0.000000000000000000, 0.000000000000000000 ) ) ;
#11684 =( NAMED_UNIT ( * ) SI_UNIT ( $, .STERADIAN. ) SOLID_ANGLE_UNIT ( ) );
#11685 = DIRECTION ( 'NONE',  ( -1.000000000000000000, 0.000000000000000000, 0.000000000000000000 ) ) ;
#11686 = LINE ( 'NONE', #6389, #4031 ) ;
#11687 = DIRECTION ( 'NONE',  ( 0.000000000000000000, 1.000000000000000000, 0.000000000000000000 ) ) ;
#11688 = LINE ( 'NONE', #8724, #8860 ) ;
#11689 = LINE ( 'NONE', #1246, #7661 ) ;
#11690 = DIRECTION ( 'NONE',  ( 0.000000000000000000, 1.000000000000000000, 0.000000000000000000 ) ) ;
#11691 = CARTESIAN_POINT ( 'NONE',  ( -2.285000000000000142, -12.04649999999999999, -3.299999999999999822 ) ) ;
#11692 = VERTEX_POINT ( 'NONE', #8252 ) ;
#11693 = EDGE_CURVE ( 'NONE', #8369, #3372, #744, .T. ) ;
#11694 = CARTESIAN_POINT ( 'NONE',  ( -13.93517677218999928, 0.000000000000000000, -12.86482322781000143 ) ) ;
#11695 = VERTEX_POINT ( 'NONE', #11460 ) ;
#11696 = ORIENTED_EDGE ( 'NONE', *, *, #6468, .F. ) ;
#11697 = DIRECTION ( 'NONE',  ( 1.000000000000000000, 0.000000000000000000, 0.000000000000000000 ) ) ;
#11698 = DIRECTION ( 'NONE',  ( -0.000000000000000000, 0.000000000000000000, 1.000000000000000000 ) ) ;
#11700 = VECTOR ( 'NONE', #8524, 1000.000000000000000 ) ;
#11699 = LINE ( 'NONE', #4241, #10038 ) ;
#11701 = LINE ( 'NONE', #138, #878 ) ;
#11702 = DIRECTION ( 'NONE',  ( 0.000000000000000000, 1.000000000000000000, 0.000000000000000000 ) ) ;
#11703 = CARTESIAN_POINT ( 'NONE',  ( -7.000000000000000000, -17.94999999999999929, 7.190000000000000391 ) ) ;
#11704 = CARTESIAN_POINT ( 'NONE',  ( -8.320800000000000196, -2.337200000000000166, 4.500000000000000888 ) ) ;
#11705 = ORIENTED_EDGE ( 'NONE', *, *, #7569, .T. ) ;
#11706 = EDGE_CURVE ( 'NONE', #3516, #308, #13470, .T. ) ;
#11707 =( GEOMETRIC_REPRESENTATION_CONTEXT ( 3 ) GLOBAL_UNCERTAINTY_ASSIGNED_CONTEXT ( ( #6476 ) ) GLOBAL_UNIT_ASSIGNED_CONTEXT ( ( #7635, #4425, #11684 ) ) REPRESENTATION_CONTEXT ( 'NONE', 'WORKASPACE' ) );
#11708 = EDGE_LOOP ( 'NONE', ( #4968, #2490 ) ) ;
#11709 =( LENGTH_UNIT ( ) NAMED_UNIT ( * ) SI_UNIT ( .MILLI., .METRE. ) );
#11710 = ORIENTED_EDGE ( 'NONE', *, *, #4502, .F. ) ;
#11711 =( NAMED_UNIT ( * ) PLANE_ANGLE_UNIT ( ) SI_UNIT ( $, .RADIAN. ) );
#11712 = ADVANCED_FACE ( 'NONE', ( #13602 ), #3939, .T. ) ;
#11713 = ORIENTED_EDGE ( 'NONE', *, *, #11048, .T. ) ;
#11715 = ORIENTED_EDGE ( 'NONE', *, *, #2231, .F. ) ;
#11714 = FACE_OUTER_BOUND ( 'NONE', #11837, .T. ) ;
#11716 = CARTESIAN_POINT ( 'NONE',  ( -4.584999999999999964, -21.56650000000000134, 4.500000000000000888 ) ) ;
#11717 = SURFACE_STYLE_FILL_AREA ( #9607 ) ;
#11718 = CARTESIAN_POINT ( 'NONE',  ( 9.156828893442636286, -12.04650000000003551, 4.650000000000000355 ) ) ;
#11719 = ORIENTED_EDGE ( 'NONE', *, *, #9836, .F. ) ;
#11720 = LINE ( 'NONE', #9892, #7852 ) ;
#11721 = CARTESIAN_POINT ( 'NONE',  ( 2.285000000000000142, -13.31649999999999956, 0.4299999999999999933 ) ) ;
#11722 = DIRECTION ( 'NONE',  ( 0.000000000000000000, 0.000000000000000000, -1.000000000000000000 ) ) ;
#11723 = EDGE_CURVE ( 'NONE', #484, #1542, #8653, .T. ) ;
#11724 = EDGE_CURVE ( 'NONE', #1899, #10659, #3183, .T. ) ;
#11725 = ORIENTED_EDGE ( 'NONE', *, *, #10126, .F. ) ;
#11726 = CARTESIAN_POINT ( 'NONE',  ( 6.365000000000000213, -23.77649999999999864, 15.50000000000000000 ) ) ;
#11727 = ORIENTED_EDGE ( 'NONE', *, *, #9683, .T. ) ;
#11728 = ORIENTED_EDGE ( 'NONE', *, *, #2474, .T. ) ;
#11729 = CARTESIAN_POINT ( 'NONE',  ( 5.730000000000000426, -21.18649999999999878, 3.840000000000000302 ) ) ;
#11730 = CARTESIAN_POINT ( 'NONE',  ( -8.359999999999999432, -15.22000000000000242, -2.307611844574999793 ) ) ;
#11731 = DIRECTION ( 'NONE',  ( -0.000000000000000000, 1.000000000000000000, -0.000000000000000000 ) ) ;
#11732 = VERTEX_POINT ( 'NONE', #11726 ) ;
#11733 = CARTESIAN_POINT ( 'NONE',  ( -4.612359312880999873, -15.22000000000000064, -7.834999999999999964 ) ) ;
#11734 = SURFACE_STYLE_USAGE ( .BOTH. , #4285 ) ;
#11735 = VERTEX_POINT ( 'NONE', #6372 ) ;
#11736 = ORIENTED_EDGE ( 'NONE', *, *, #4250, .F. ) ;
#11737 = EDGE_CURVE ( 'NONE', #12014, #4921, #1406, .T. ) ;
#11738 = ORIENTED_EDGE ( 'NONE', *, *, #13533, .F. ) ;
#11739 = CARTESIAN_POINT ( 'NONE',  ( 4.584999999999999964, -22.96649999999999991, 7.519999999999999574 ) ) ;
#11740 = ORIENTED_EDGE ( 'NONE', *, *, #8816, .F. ) ;
#11741 = FACE_OUTER_BOUND ( 'NONE', #9727, .T. ) ;
#11742 =( NAMED_UNIT ( * ) PLANE_ANGLE_UNIT ( ) SI_UNIT ( $, .RADIAN. ) );
#11743 = DIRECTION ( 'NONE',  ( -1.000000000000000000, -0.000000000000000000, 0.000000000000000000 ) ) ;
#11744 = DIRECTION ( 'NONE',  ( -0.000000000000000000, -1.000000000000000000, -0.000000000000000000 ) ) ;
#11745 = VECTOR ( 'NONE', #13240, 1000.000000000000000 ) ;
#11746 = CARTESIAN_POINT ( 'NONE',  ( -8.800000000000000711, 0.000000000000000000, 4.900000000000000355 ) ) ;
#11747 = CARTESIAN_POINT ( 'NONE',  ( -3.365000000000000213, -22.96649999999999991, -3.509999999999999787 ) ) ;
#11748 = EDGE_CURVE ( 'NONE', #3800, #8200, #2192, .T. ) ;
#11749 = LINE ( 'NONE', #3599, #4865 ) ;
#11750 = ORIENTED_EDGE ( 'NONE', *, *, #5300, .T. ) ;
#11751 = MECHANICAL_DESIGN_GEOMETRIC_PRESENTATION_REPRESENTATION (  '', ( #1760 ), #639 ) ;
#11752 = EDGE_CURVE ( 'NONE', #7772, #4273, #9753, .T. ) ;
#11753 = AXIS2_PLACEMENT_3D ( 'NONE', #11691, #9714, #5552 ) ;
#11754 = DIRECTION ( 'NONE',  ( 0.000000000000000000, -3.097429918661622077E-15, -1.000000000000000000 ) ) ;
#11755 = ORIENTED_EDGE ( 'NONE', *, *, #4540, .F. ) ;
#11756 = EDGE_LOOP ( 'NONE', ( #2821, #12903, #8797, #3439 ) ) ;
#11757 = CARTESIAN_POINT ( 'NONE',  ( 20.30000000000000071, 0.000000000000000000, -4.400000000000000355 ) ) ;
#11758 = CARTESIAN_POINT ( 'NONE',  ( -16.80000000000000071, 3.200000000000000178, 4.899999999999999467 ) ) ;
#11759 = LINE ( 'NONE', #8357, #3378 ) ;
#11760 = DIRECTION ( 'NONE',  ( 0.000000000000000000, 0.000000000000000000, -1.000000000000000000 ) ) ;
#11761 = AXIS2_PLACEMENT_3D ( 'NONE', #4479, #11611, #10951 ) ;
#11762 = VECTOR ( 'NONE', #8381, 1000.000000000000000 ) ;
#11763 = LINE ( 'NONE', #11900, #13650 ) ;
#11764 = LINE ( 'NONE', #5360, #13551 ) ;
#11765 = PLANE ( 'NONE',  #7431 ) ;
#11766 = ORIENTED_EDGE ( 'NONE', *, *, #6586, .F. ) ;
#11767 = UNCERTAINTY_MEASURE_WITH_UNIT (LENGTH_MEASURE( 1.000000000000000082E-05 ), #5795, 'distance_accuracy_value', 'NONE');
#11768 = DIRECTION ( 'NONE',  ( -0.09602825923647448358, -0.9953786080823779914, 0.000000000000000000 ) ) ;
#11769 = ORIENTED_EDGE ( 'NONE', *, *, #7590, .F. ) ;
#11770 = LINE ( 'NONE', #3289, #6262 ) ;
#11771 = CARTESIAN_POINT ( 'NONE',  ( -2.285000000000000142, -13.31649999999999956, -3.299999999999999378 ) ) ;
#11772 = ORIENTED_EDGE ( 'NONE', *, *, #8847, .F. ) ;
#11774 = ORIENTED_EDGE ( 'NONE', *, *, #9919, .T. ) ;
#11773 = DIRECTION ( 'NONE',  ( 1.000000000000000000, 0.000000000000000000, 0.000000000000000000 ) ) ;
#11775 = CARTESIAN_POINT ( 'NONE',  ( -7.919999999999999929, 3.589199999999999946, 7.834999999999999964 ) ) ;
#11776 = DIRECTION ( 'NONE',  ( -1.000000000000000000, -0.000000000000000000, -0.000000000000000000 ) ) ;
#11777 = DIRECTION ( 'NONE',  ( 0.000000000000000000, 1.000000000000000000, 0.000000000000000000 ) ) ;
#11778 = ADVANCED_FACE ( 'NONE', ( #10804 ), #6432, .F. ) ;
#11779 = CARTESIAN_POINT ( 'NONE',  ( 5.525000000000000355, -13.31649999999999956, 4.650000000000000355 ) ) ;
#11780 = CARTESIAN_POINT ( 'NONE',  ( -8.394999999999999574, -23.77649999999999864, 4.650000000000000355 ) ) ;
#11781 = AXIS2_PLACEMENT_3D ( 'NONE', #5055, #9284, #13529 ) ;
#11782 = DIRECTION ( 'NONE',  ( -1.000000000000000000, -0.000000000000000000, -0.000000000000000000 ) ) ;
#11783 = ADVANCED_FACE ( 'NONE', ( #6499 ), #4470, .F. ) ;
#11784 = ORIENTED_EDGE ( 'NONE', *, *, #13561, .T. ) ;
#11785 = VERTEX_POINT ( 'NONE', #9484 ) ;
#11786 = LINE ( 'NONE', #2259, #4733 ) ;
#11787 = EDGE_LOOP ( 'NONE', ( #2692, #3436, #10328, #8899, #246 ) ) ;
#11788 = EDGE_LOOP ( 'NONE', ( #9658, #4017, #16, #4989, #4222, #12147, #7624, #13405 ) ) ;
#11789 = DIRECTION ( 'NONE',  ( -0.000000000000000000, 0.000000000000000000, 1.000000000000000000 ) ) ;
#11790 = DIRECTION ( 'NONE',  ( 1.000000000000000000, -0.000000000000000000, 0.000000000000000000 ) ) ;
#11791 = EDGE_CURVE ( 'NONE', #4423, #1974, #236, .T. ) ;
#11792 = DIRECTION ( 'NONE',  ( 0.000000000000000000, -1.000000000000000000, 0.000000000000000000 ) ) ;
#11793 = ORIENTED_EDGE ( 'NONE', *, *, #12546, .T. ) ;
#11794 = DIRECTION ( 'NONE',  ( 1.000000000000000000, 0.000000000000000000, 0.000000000000000000 ) ) ;
#11795 = ORIENTED_EDGE ( 'NONE', *, *, #2749, .T. ) ;
#11796 = ORIENTED_EDGE ( 'NONE', *, *, #1547, .F. ) ;
#11797 = EDGE_CURVE ( 'NONE', #13097, #4280, #7487, .T. ) ;
#11798 = VERTEX_POINT ( 'NONE', #4343 ) ;
#11799 = CARTESIAN_POINT ( 'NONE',  ( 10.15000000000000036, -22.58650000000000091, 4.650000000000000355 ) ) ;
#11800 = ORIENTED_EDGE ( 'NONE', *, *, #4639, .T. ) ;
#11801 = CARTESIAN_POINT ( 'NONE',  ( -0.4949999999999999956, -32.60964151460999716, -1.093199999999999950 ) ) ;
#11802 = LINE ( 'NONE', #10756, #13484 ) ;
#11803 = DIRECTION ( 'NONE',  ( -1.000000000000000000, -0.000000000000000000, -0.000000000000000000 ) ) ;
#11804 = ORIENTED_EDGE ( 'NONE', *, *, #1185, .T. ) ;
#11805 = LINE ( 'NONE', #5614, #1014 ) ;
#11806 = CARTESIAN_POINT ( 'NONE',  ( 2.285000000000000142, -19.40650000000000119, -4.320000000000000284 ) ) ;
#11807 = DIRECTION ( 'NONE',  ( 1.000000000000000000, -0.000000000000000000, 0.000000000000000000 ) ) ;
#11808 = EDGE_LOOP ( 'NONE', ( #4012, #8915, #6850, #7161 ) ) ;
#11809 = ADVANCED_FACE ( 'NONE', ( #10736 ), #8585, .F. ) ;
#11810 = SURFACE_STYLE_FILL_AREA ( #4304 ) ;
#11811 = CARTESIAN_POINT ( 'NONE',  ( -1.395000000000000018, -22.96649999999999991, 0.000000000000000000 ) ) ;
#11812 = ORIENTED_EDGE ( 'NONE', *, *, #4720, .F. ) ;
#11813 = VECTOR ( 'NONE', #10301, 1000.000000000000000 ) ;
#11814 = VECTOR ( 'NONE', #8912, 1000.000000000000000 ) ;
#11815 = DIRECTION ( 'NONE',  ( -1.000000000000000000, -0.000000000000000000, -0.000000000000000000 ) ) ;
#11816 = ORIENTED_EDGE ( 'NONE', *, *, #4346, .T. ) ;
#11817 = VERTEX_POINT ( 'NONE', #7614 ) ;
#11818 = ADVANCED_FACE ( 'NONE', ( #11856 ), #2334, .F. ) ;
#11819 = DIRECTION ( 'NONE',  ( -1.000000000000000000, -0.000000000000000000, -0.000000000000000000 ) ) ;
#11820 = LINE ( 'NONE', #5489, #11410 ) ;
#11821 = DIRECTION ( 'NONE',  ( 0.000000000000000000, 1.000000000000000000, 0.000000000000000000 ) ) ;
#11822 = STYLED_ITEM ( 'NONE', ( #5159 ), #6987 ) ;
#11823 = CARTESIAN_POINT ( 'NONE',  ( 2.415000000000000036, -21.56650000000000134, -4.320000000000000284 ) ) ;
#11824 = EDGE_CURVE ( 'NONE', #13765, #5761, #11625, .T. ) ;
#11825 =( NAMED_UNIT ( * ) SI_UNIT ( $, .STERADIAN. ) SOLID_ANGLE_UNIT ( ) );
#11826 = VECTOR ( 'NONE', #11790, 1000.000000000000000 ) ;
#11827 = LINE ( 'NONE', #12813, #12882 ) ;
#11828 = LINE ( 'NONE', #9592, #2302 ) ;
#11829 = EDGE_LOOP ( 'NONE', ( #9091, #7712, #7134, #11281, #1054, #10392 ) ) ;
#11830 = LINE ( 'NONE', #2306, #12859 ) ;
#11831 = ORIENTED_EDGE ( 'NONE', *, *, #10637, .F. ) ;
#11832 = AXIS2_PLACEMENT_3D ( 'NONE', #12837, #4210, #7546 ) ;
#11833 = DIRECTION ( 'NONE',  ( 0.000000000000000000, 0.000000000000000000, 1.000000000000000000 ) ) ;
#11834 = EDGE_CURVE ( 'NONE', #2906, #9771, #11786, .T. ) ;
#11835 = EDGE_LOOP ( 'NONE', ( #13307, #7379, #1344, #4142 ) ) ;
#11836 = LINE ( 'NONE', #8570, #7416 ) ;
#11837 = EDGE_LOOP ( 'NONE', ( #3312, #10289, #6992, #7748 ) ) ;
#11839 = ORIENTED_EDGE ( 'NONE', *, *, #12106, .T. ) ;
#11838 = CARTESIAN_POINT ( 'NONE',  ( 8.859999999999999432, 3.200000000000000178, 4.959999999999999964 ) ) ;
#11840 = DIRECTION ( 'NONE',  ( 0.000000000000000000, -1.000000000000000000, -0.000000000000000000 ) ) ;
#11841 = LINE ( 'NONE', #9544, #4328 ) ;
#11842 = DIRECTION ( 'NONE',  ( 0.000000000000000000, 0.000000000000000000, 1.000000000000000000 ) ) ;
#11843 = CARTESIAN_POINT ( 'NONE',  ( 0.000000000000000000, -19.40650000000000119, -4.320000000000000284 ) ) ;
#11844 = DIRECTION ( 'NONE',  ( 0.000000000000000000, 0.000000000000000000, -1.000000000000000000 ) ) ;
#11845 = DIRECTION ( 'NONE',  ( -0.000000000000000000, 1.000000000000000000, 0.000000000000000000 ) ) ;
#11846 = AXIS2_PLACEMENT_3D ( 'NONE', #3061, #2013, #11406 ) ;
#11847 = VECTOR ( 'NONE', #7991, 1000.000000000000000 ) ;
#11848 = CARTESIAN_POINT ( 'NONE',  ( -1.294999999999999929, -32.20763137712999935, -0.2550000000000000044 ) ) ;
#11849 = CIRCLE ( 'NONE', #7206, 0.8381999999999998341 ) ;
#11850 = VECTOR ( 'NONE', #2374, 1000.000000000000000 ) ;
#11851 = MANIFOLD_SOLID_BREP ( 'px0675-pc', #5151 ) ;
#11852 = VECTOR ( 'NONE', #2250, 1000.000000000000000 ) ;
#11853 = ORIENTED_EDGE ( 'NONE', *, *, #10897, .T. ) ;
#11854 = ORIENTED_EDGE ( 'NONE', *, *, #4930, .F. ) ;
#11855 = EDGE_CURVE ( 'NONE', #7945, #8773, #3175, .T. ) ;
#11856 = FACE_OUTER_BOUND ( 'NONE', #7074, .T. ) ;
#11857 = ORIENTED_EDGE ( 'NONE', *, *, #13367, .F. ) ;
#11858 = VECTOR ( 'NONE', #12292, 1000.000000000000000 ) ;
#11859 = ORIENTED_EDGE ( 'NONE', *, *, #4483, .F. ) ;
#11860 = CARTESIAN_POINT ( 'NONE',  ( 7.635000000000000675, -23.77649999999999864, 19.46000000000000085 ) ) ;
#11861 = DIRECTION ( 'NONE',  ( 1.000000000000000000, -0.000000000000000000, 0.000000000000000000 ) ) ;
#11862 = VECTOR ( 'NONE', #13381, 1000.000000000000000 ) ;
#11863 = DIRECTION ( 'NONE',  ( -0.000000000000000000, 1.000000000000000000, 0.000000000000000000 ) ) ;
#11864 = ORIENTED_EDGE ( 'NONE', *, *, #6513, .F. ) ;
#11865 = DIRECTION ( 'NONE',  ( 0.000000000000000000, -1.000000000000000000, 0.000000000000000000 ) ) ;
#11866 = ORIENTED_EDGE ( 'NONE', *, *, #10960, .T. ) ;
#11867 = CIRCLE ( 'NONE', #3427, 1.100000000000000311 ) ;
#11868 = ORIENTED_EDGE ( 'NONE', *, *, #9198, .F. ) ;
#11869 = VECTOR ( 'NONE', #2420, 1000.000000000000000 ) ;
#11870 = ADVANCED_FACE ( 'NONE', ( #1550 ), #10157, .T. ) ;
#11871 = ORIENTED_EDGE ( 'NONE', *, *, #8884, .T. ) ;
#11872 = FACE_OUTER_BOUND ( 'NONE', #7730, .T. ) ;
#11873 = ORIENTED_EDGE ( 'NONE', *, *, #9879, .T. ) ;
#11874 = PRESENTATION_LAYER_ASSIGNMENT (  '', '', ( #2552 ) ) ;
#11875 = DIRECTION ( 'NONE',  ( -1.000000000000000000, -0.000000000000000000, -0.000000000000000000 ) ) ;
#11876 = DIRECTION ( 'NONE',  ( -1.000000000000000000, -0.000000000000000000, -0.000000000000000000 ) ) ;
#11877 = DIRECTION ( 'NONE',  ( -0.000000000000000000, 1.000000000000000000, 0.000000000000000000 ) ) ;
#11878 = CARTESIAN_POINT ( 'NONE',  ( -8.294999999999999929, -15.34650000000000070, 3.660000000000000142 ) ) ;
#11879 = EDGE_CURVE ( 'NONE', #5252, #8918, #12731, .T. ) ;
#11880 = ORIENTED_EDGE ( 'NONE', *, *, #12557, .F. ) ;
#11881 = CARTESIAN_POINT ( 'NONE',  ( -0.4949999999999999956, -22.96649999999999991, 1.320000000000000062 ) ) ;
#11882 = DIRECTION ( 'NONE',  ( 0.000000000000000000, 0.000000000000000000, -1.000000000000000000 ) ) ;
#11883 = VECTOR ( 'NONE', #388, 1000.000000000000114 ) ;
#11884 = DIRECTION ( 'NONE',  ( -1.000000000000000000, 0.000000000000000000, -0.000000000000000000 ) ) ;
#11885 = VERTEX_POINT ( 'NONE', #2663 ) ;
#11886 = COLOUR_RGB ( '',1.000000000000000000, 1.000000000000000000, 1.000000000000000000 ) ;
#11887 = PLANE ( 'NONE',  #9730 ) ;
#11888 = ORIENTED_EDGE ( 'NONE', *, *, #798, .T. ) ;
#11889 = EDGE_CURVE ( 'NONE', #1805, #10598, #13360, .T. ) ;
#11890 = ADVANCED_FACE ( 'NONE', ( #710 ), #8012, .F. ) ;
#11891 = CARTESIAN_POINT ( 'NONE',  ( 1.270000000000000018, -17.37650000000000006, -4.320000000000000284 ) ) ;
#11892 =( GEOMETRIC_REPRESENTATION_CONTEXT ( 3 ) GLOBAL_UNCERTAINTY_ASSIGNED_CONTEXT ( ( #12382 ) ) GLOBAL_UNIT_ASSIGNED_CONTEXT ( ( #13064, #122, #13002 ) ) REPRESENTATION_CONTEXT ( 'NONE', 'WORKASPACE' ) );
#11893 = ORIENTED_EDGE ( 'NONE', *, *, #8985, .T. ) ;
#11894 = VERTEX_POINT ( 'NONE', #10094 ) ;
#11895 = LINE ( 'NONE', #7580, #1425 ) ;
#11896 = CARTESIAN_POINT ( 'NONE',  ( 5.500000000000000000, -17.94999999999999929, 13.40000000000000036 ) ) ;
#11897 = CARTESIAN_POINT ( 'NONE',  ( 7.000000000000000000, -17.37650000000000006, 7.190000000000000391 ) ) ;
#11898 = EDGE_CURVE ( 'NONE', #6419, #7400, #11349, .T. ) ;
#11899 = CARTESIAN_POINT ( 'NONE',  ( 0.000000000000000000, -17.37650000000000006, -4.500000000000000888 ) ) ;
#11900 = CARTESIAN_POINT ( 'NONE',  ( 9.414999999999999147, -2.337200000000000166, -0.5000000000000000000 ) ) ;
#11901 = CARTESIAN_POINT ( 'NONE',  ( -9.414999999999999147, -2.337200000000000166, 3.840000000000000302 ) ) ;
#11902 = DIRECTION ( 'NONE',  ( 1.000000000000000000, 0.000000000000000000, 0.000000000000000000 ) ) ;
#11903 = ORIENTED_EDGE ( 'NONE', *, *, #3422, .T. ) ;
#11904 = DIRECTION ( 'NONE',  ( 0.000000000000000000, 0.000000000000000000, 1.000000000000000000 ) ) ;
#11905 = EDGE_CURVE ( 'NONE', #10712, #7207, #6838, .T. ) ;
#11906 = ADVANCED_FACE ( 'NONE', ( #11213, #13440 ), #1826, .F. ) ;
#11907 = VERTEX_POINT ( 'NONE', #10299 ) ;
#11908 = AXIS2_PLACEMENT_3D ( 'NONE', #11387, #13679, #6107 ) ;
#11909 = FACE_OUTER_BOUND ( 'NONE', #6656, .T. ) ;
#11910 = EDGE_LOOP ( 'NONE', ( #7837, #1451, #9273, #8216 ) ) ;
#11911 = LINE ( 'NONE', #8636, #8079 ) ;
#11913 = ORIENTED_EDGE ( 'NONE', *, *, #409, .F. ) ;
#11912 = DIRECTION ( 'NONE',  ( -0.000000000000000000, -0.000000000000000000, -1.000000000000000000 ) ) ;
#11914 = CARTESIAN_POINT ( 'NONE',  ( 1.395000000000000018, -22.58650000000000091, -3.509999999999999787 ) ) ;
#11915 = PLANE ( 'NONE',  #11665 ) ;
#11916 = CARTESIAN_POINT ( 'NONE',  ( 6.522485578728001165, -17.94999999999999929, -12.90000000000000213 ) ) ;
#11917 = CARTESIAN_POINT ( 'NONE',  ( 0.000000000000000000, -2.399999999999999911, 0.000000000000000000 ) ) ;
#11918 = CARTESIAN_POINT ( 'NONE',  ( -4.843171106557181638, -12.04650000000001953, 3.629999999999999449 ) ) ;
#11919 = SURFACE_STYLE_USAGE ( .BOTH. , #3358 ) ;
#11920 = COLOUR_RGB ( '',1.000000000000000000, 1.000000000000000000, 1.000000000000000000 ) ;
#11921 = LINE ( 'NONE', #442, #5403 ) ;
#11922 = ADVANCED_FACE ( 'NONE', ( #3834 ), #10015, .F. ) ;
#11923 = EDGE_CURVE ( 'NONE', #9609, #1461, #9050, .T. ) ;
#11924 = VERTEX_POINT ( 'NONE', #498 ) ;
#11925 = ORIENTED_EDGE ( 'NONE', *, *, #10906, .F. ) ;
#11926 = ORIENTED_EDGE ( 'NONE', *, *, #10983, .T. ) ;
#11927 = ORIENTED_EDGE ( 'NONE', *, *, #3136, .F. ) ;
#11928 = CARTESIAN_POINT ( 'NONE',  ( -8.429999999999999716, -15.22000000000000064, -1.017359312880999900 ) ) ;
#11929 = DIRECTION ( 'NONE',  ( 0.000000000000000000, -0.000000000000000000, -1.000000000000000000 ) ) ;
#11930 = DIRECTION ( 'NONE',  ( 1.000000000000000000, 0.000000000000000000, 0.000000000000000000 ) ) ;
#11931 = VERTEX_POINT ( 'NONE', #4747 ) ;
#11932 = PRESENTATION_STYLE_ASSIGNMENT (( #2155 ) ) ;
#11933 = CARTESIAN_POINT ( 'NONE',  ( 12.95619407771349962, -15.22000000000000597, -6.903805922289500963 ) ) ;
#11934 = ORIENTED_EDGE ( 'NONE', *, *, #7039, .T. ) ;
#11935 = ORIENTED_EDGE ( 'NONE', *, *, #2792, .F. ) ;
#11936 = EDGE_CURVE ( 'NONE', #10141, #593, #3702, .T. ) ;
#11937 = ORIENTED_EDGE ( 'NONE', *, *, #4824, .T. ) ;
#11938 = DIRECTION ( 'NONE',  ( -1.000000000000000000, -0.000000000000000000, -0.000000000000000000 ) ) ;
#11939 = ORIENTED_EDGE ( 'NONE', *, *, #9820, .F. ) ;
#11940 = DIRECTION ( 'NONE',  ( 1.000000000000000000, 0.000000000000000000, 0.000000000000000000 ) ) ;
#11941 = DIRECTION ( 'NONE',  ( 1.000000000000000000, 0.000000000000000000, 0.000000000000000000 ) ) ;
#11942 =( NAMED_UNIT ( * ) SI_UNIT ( $, .STERADIAN. ) SOLID_ANGLE_UNIT ( ) );
#11943 = CARTESIAN_POINT ( 'NONE',  ( 1.475000000000000089, -17.57000000000000384, -4.519999999999999574 ) ) ;
#11944 = ORIENTED_EDGE ( 'NONE', *, *, #2052, .F. ) ;
#11945 = ORIENTED_EDGE ( 'NONE', *, *, #11479, .F. ) ;
#11946 = PLANE ( 'NONE',  #1462 ) ;
#11947 = CARTESIAN_POINT ( 'NONE',  ( 8.394999999999999574, -22.96649999999999991, 3.840000000000000302 ) ) ;
#11948 = LINE ( 'NONE', #4717, #11217 ) ;
#11949 = ORIENTED_EDGE ( 'NONE', *, *, #7979, .T. ) ;
#11950 = DIRECTION ( 'NONE',  ( 0.000000000000000000, -1.000000000000000000, 0.000000000000000000 ) ) ;
#11951 = SURFACE_SIDE_STYLE ('',( #126 ) ) ;
#11952 = VERTEX_POINT ( 'NONE', #1691 ) ;
#11953 = EDGE_CURVE ( 'NONE', #3574, #7589, #12194, .T. ) ;
#11954 = VECTOR ( 'NONE', #11972, 1000.000000000000000 ) ;
#11955 = CARTESIAN_POINT ( 'NONE',  ( 5.500000000000000000, -17.57000000000000384, 13.40000000000000036 ) ) ;
#11956 = ADVANCED_FACE ( 'NONE', ( #5854 ), #570, .F. ) ;
#11957 = VERTEX_POINT ( 'NONE', #11278 ) ;
#11958 = ORIENTED_EDGE ( 'NONE', *, *, #4149, .F. ) ;
#11959 = CARTESIAN_POINT ( 'NONE',  ( -7.635000000000000675, -17.37650000000000006, 19.46000000000000085 ) ) ;
#11960 = CYLINDRICAL_SURFACE ( 'NONE', #13630, 4.900000000000000355 ) ;
#11961 = DIRECTION ( 'NONE',  ( 1.000000000000000000, 0.000000000000000000, 0.000000000000000000 ) ) ;
#11962 = DIRECTION ( 'NONE',  ( -1.000000000000000000, 0.000000000000000000, 0.000000000000000000 ) ) ;
#11963 = EDGE_LOOP ( 'NONE', ( #8554, #5898, #10527, #4331, #2789, #6209, #131, #8948 ) ) ;
#11964 = EDGE_CURVE ( 'NONE', #3797, #1933, #6063, .T. ) ;
#11965 = DIRECTION ( 'NONE',  ( 0.000000000000000000, 0.000000000000000000, -1.000000000000000000 ) ) ;
#11966 = DIRECTION ( 'NONE',  ( 0.000000000000000000, 0.000000000000000000, 1.000000000000000000 ) ) ;
#11967 = AXIS2_PLACEMENT_3D ( 'NONE', #6827, #4592, #11059 ) ;
#11968 = CARTESIAN_POINT ( 'NONE',  ( 0.000000000000000000, -22.96649999999999991, 4.650000000000000355 ) ) ;
#11969 = EDGE_CURVE ( 'NONE', #7697, #8169, #13571, .T. ) ;
#11970 = ORIENTED_EDGE ( 'NONE', *, *, #7086, .T. ) ;
#11971 = VECTOR ( 'NONE', #7573, 1000.000000000000000 ) ;
#11972 = DIRECTION ( 'NONE',  ( -0.000000000000000000, 1.000000000000000000, 0.000000000000000000 ) ) ;
#11973 = VECTOR ( 'NONE', #569, 1000.000000000000000 ) ;
#11974 = EDGE_CURVE ( 'NONE', #2753, #7939, #9318, .T. ) ;
#11975 = VERTEX_POINT ( 'NONE', #8356 ) ;
#11976 = PRESENTATION_STYLE_ASSIGNMENT (( #10 ) ) ;
#11977 = VECTOR ( 'NONE', #13145, 1000.000000000000000 ) ;
#11978 = MECHANICAL_DESIGN_GEOMETRIC_PRESENTATION_REPRESENTATION (  '', ( #5101 ), #1094 ) ;
#11979 = VERTEX_POINT ( 'NONE', #10576 ) ;
#11980 = AXIS2_PLACEMENT_3D ( 'NONE', #1988, #1927, #1071 ) ;
#11981 = DIRECTION ( 'NONE',  ( 0.000000000000000000, -0.000000000000000000, 1.000000000000000000 ) ) ;
#11983 = EDGE_LOOP ( 'NONE', ( #5372, #12974, #394, #10344, #991, #379 ) ) ;
#11982 = DIRECTION ( 'NONE',  ( -0.000000000000000000, 0.000000000000000000, -1.000000000000000000 ) ) ;
#11984 = LINE ( 'NONE', #13098, #2410 ) ;
#11985 = LINE ( 'NONE', #2600, #8119 ) ;
#11986 = DIRECTION ( 'NONE',  ( 0.000000000000000000, 1.000000000000000000, 0.000000000000000000 ) ) ;
#11987 = FACE_OUTER_BOUND ( 'NONE', #601, .T. ) ;
#11988 = FACE_OUTER_BOUND ( 'NONE', #8717, .T. ) ;
#11989 = CARTESIAN_POINT ( 'NONE',  ( -2.285000000000000142, -12.04649999999999999, -3.299999999999999822 ) ) ;
#11990 = DIRECTION ( 'NONE',  ( 0.000000000000000000, 0.000000000000000000, -1.000000000000000000 ) ) ;
#11991 = ADVANCED_FACE ( 'NONE', ( #63 ), #8287, .F. ) ;
#11992 = VECTOR ( 'NONE', #2883, 1000.000000000000000 ) ;
#11993 = ORIENTED_EDGE ( 'NONE', *, *, #5365, .F. ) ;
#11994 = ORIENTED_EDGE ( 'NONE', *, *, #5175, .F. ) ;
#11995 = EDGE_LOOP ( 'NONE', ( #11380, #7749, #1380, #3731, #10982, #11260, #13325, #8163, #5557, #10348, #3284, #11160 ) ) ;
#11996 = SURFACE_STYLE_FILL_AREA ( #6141 ) ;
#11997 = VERTEX_POINT ( 'NONE', #9585 ) ;
#11998 = ADVANCED_FACE ( 'NONE', ( #3143 ), #12611, .F. ) ;
#11999 = LINE ( 'NONE', #12781, #6583 ) ;
#12000 = SURFACE_STYLE_FILL_AREA ( #2545 ) ;
#12001 = VECTOR ( 'NONE', #11436, 1000.000000000000000 ) ;
#12002 = PLANE ( 'NONE',  #2100 ) ;
#12003 = ORIENTED_EDGE ( 'NONE', *, *, #12787, .F. ) ;
#12004 = ADVANCED_FACE ( 'NONE', ( #5235 ), #7385, .F. ) ;
#12005 = DIRECTION ( 'NONE',  ( 0.8786293792631095778, 0.4775043600803271504, 0.000000000000000000 ) ) ;
#12006 = EDGE_CURVE ( 'NONE', #11732, #5155, #12466, .T. ) ;
#12007 = CARTESIAN_POINT ( 'NONE',  ( 4.362680000000000113, -22.67650000000000077, 4.940000000000000391 ) ) ;
#12009 = VERTEX_POINT ( 'NONE', #6208 ) ;
#12008 = EDGE_CURVE ( 'NONE', #399, #1792, #8425, .T. ) ;
#12010 = EDGE_LOOP ( 'NONE', ( #2226, #11253, #13685, #3524 ) ) ;
#12011 = VECTOR ( 'NONE', #877, 1000.000000000000114 ) ;
#12012 = ORIENTED_EDGE ( 'NONE', *, *, #12496, .T. ) ;
#12013 = CARTESIAN_POINT ( 'NONE',  ( 8.474999999999967670, -13.31650000000000844, -0.1000000000000014211 ) ) ;
#12014 = VERTEX_POINT ( 'NONE', #5355 ) ;
#12015 = CARTESIAN_POINT ( 'NONE',  ( -12.20500000000000007, -17.94999999999999929, -1.880000000000000115 ) ) ;
#12016 = CARTESIAN_POINT ( 'NONE',  ( 2.415000000000000036, -22.96649999999999991, -4.650000000000000355 ) ) ;
#12017 = DIRECTION ( 'NONE',  ( 0.000000000000000000, -1.000000000000000000, 0.000000000000000000 ) ) ;
#12018 = DIRECTION ( 'NONE',  ( -0.000000000000000000, 1.000000000000000000, 0.000000000000000000 ) ) ;
#12019 = ORIENTED_EDGE ( 'NONE', *, *, #1650, .F. ) ;
#12020 = VERTEX_POINT ( 'NONE', #983 ) ;
#12021 = DIRECTION ( 'NONE',  ( 0.000000000000000000, 0.000000000000000000, -1.000000000000000000 ) ) ;
#12022 = CARTESIAN_POINT ( 'NONE',  ( -9.414999999999999147, -17.37650000000000006, 4.500000000000000888 ) ) ;
#12023 = DIRECTION ( 'NONE',  ( -0.000000000000000000, 0.000000000000000000, 1.000000000000000000 ) ) ;
#12024 = ORIENTED_EDGE ( 'NONE', *, *, #12819, .F. ) ;
#12025 = DIRECTION ( 'NONE',  ( -0.000000000000000000, -0.000000000000000000, -1.000000000000000000 ) ) ;
#12026 = DIRECTION ( 'NONE',  ( -0.000000000000000000, 0.000000000000000000, -1.000000000000000000 ) ) ;
#12027 = VERTEX_POINT ( 'NONE', #5089 ) ;
#12028 = VECTOR ( 'NONE', #9849, 1000.000000000000000 ) ;
#12029 = APPLICATION_CONTEXT ( 'automotive_design' ) ;
#12030 = CARTESIAN_POINT ( 'NONE',  ( 20.00000000000000000, -8.699999999999999289, 13.40886698681000055 ) ) ;
#12031 = ORIENTED_EDGE ( 'NONE', *, *, #9919, .F. ) ;
#12032 = ORIENTED_EDGE ( 'NONE', *, *, #6145, .T. ) ;
#12033 = DIRECTION ( 'NONE',  ( -0.000000000000000000, -1.000000000000000000, -0.000000000000000000 ) ) ;
#12034 = LINE ( 'NONE', #1182, #4743 ) ;
#12035 = DIRECTION ( 'NONE',  ( 0.000000000000000000, 0.000000000000000000, -1.000000000000000000 ) ) ;
#12036 = FACE_OUTER_BOUND ( 'NONE', #4016, .T. ) ;
#12037 = VECTOR ( 'NONE', #1552, 1000.000000000000000 ) ;
#12038 = ORIENTED_EDGE ( 'NONE', *, *, #3549, .T. ) ;
#12039 = VECTOR ( 'NONE', #5527, 1000.000000000000000 ) ;
#12040 = CARTESIAN_POINT ( 'NONE',  ( -5.500000000000000000, -17.57000000000000384, 13.40000000000000036 ) ) ;
#12041 = LINE ( 'NONE', #10916, #10651 ) ;
#12042 = LINE ( 'NONE', #1333, #12971 ) ;
#12043 = ORIENTED_EDGE ( 'NONE', *, *, #7704, .F. ) ;
#12044 = ADVANCED_FACE ( 'NONE', ( #7188 ), #5288, .T. ) ;
#12045 = CARTESIAN_POINT ( 'NONE',  ( -24.89999999999999858, -12.19999999999999929, 15.80886698680999913 ) ) ;
#12046 = EDGE_CURVE ( 'NONE', #8569, #8448, #9454, .T. ) ;
#12047 = ORIENTED_EDGE ( 'NONE', *, *, #6649, .F. ) ;
#12048 = DIRECTION ( 'NONE',  ( 0.000000000000000000, -1.000000000000000000, 0.000000000000000000 ) ) ;
#12049 = AXIS2_PLACEMENT_3D ( 'NONE', #12418, #3926, #10386 ) ;
#12050 = ORIENTED_EDGE ( 'NONE', *, *, #4384, .T. ) ;
#12051 = CARTESIAN_POINT ( 'NONE',  ( 0.000000000000000000, 3.589199999999999946, -4.500000000000000888 ) ) ;
#12053 = ORIENTED_EDGE ( 'NONE', *, *, #5601, .F. ) ;
#12052 = LINE ( 'NONE', #2381, #9824 ) ;
#12054 = DIRECTION ( 'NONE',  ( -0.000000000000000000, -0.000000000000000000, -1.000000000000000000 ) ) ;
#12055 = PLANE ( 'NONE',  #8115 ) ;
#12056 = EDGE_CURVE ( 'NONE', #11185, #151, #12738, .T. ) ;
#12057 = FACE_OUTER_BOUND ( 'NONE', #2404, .T. ) ;
#12058 = CARTESIAN_POINT ( 'NONE',  ( 3.149999999999999911, -22.58650000000000091, -4.320000000000000284 ) ) ;
#12059 = PLANE ( 'NONE',  #13085 ) ;
#12060 = EDGE_CURVE ( 'NONE', #1498, #4547, #9598, .T. ) ;
#12061 = AXIS2_PLACEMENT_3D ( 'NONE', #3901, #8209, #7031 ) ;
#12062 = PLANE ( 'NONE',  #5825 ) ;
#12063 = AXIS2_PLACEMENT_3D ( 'NONE', #2810, #13292, #5925 ) ;
#12064 = AXIS2_PLACEMENT_3D ( 'NONE', #6581, #7689, #11929 ) ;
#12065 = AXIS2_PLACEMENT_3D ( 'NONE', #4916, #4708, #11319 ) ;
#12066 = ORIENTED_EDGE ( 'NONE', *, *, #6605, .T. ) ;
#12067 = ORIENTED_EDGE ( 'NONE', *, *, #5841, .T. ) ;
#12068 = ORIENTED_EDGE ( 'NONE', *, *, #2176, .T. ) ;
#12069 =( GEOMETRIC_REPRESENTATION_CONTEXT ( 3 ) GLOBAL_UNCERTAINTY_ASSIGNED_CONTEXT ( ( #7468 ) ) GLOBAL_UNIT_ASSIGNED_CONTEXT ( ( #4455, #9806, #1204 ) ) REPRESENTATION_CONTEXT ( 'NONE', 'WORKASPACE' ) );
#12070 = EDGE_LOOP ( 'NONE', ( #4227, #4383, #12434, #4770 ) ) ;
#12071 = LINE ( 'NONE', #12277, #12592 ) ;
#12072 = SURFACE_SIDE_STYLE ('',( #12000 ) ) ;
#12073 = DIRECTION ( 'NONE',  ( -1.000000000000000000, -0.000000000000000000, -0.000000000000000000 ) ) ;
#12074 = ORIENTED_EDGE ( 'NONE', *, *, #833, .F. ) ;
#12075 = AXIS2_PLACEMENT_3D ( 'NONE', #4230, #1886, #3956 ) ;
#12076 = EDGE_CURVE ( 'NONE', #1162, #6097, #11623, .T. ) ;
#12077 = CARTESIAN_POINT ( 'NONE',  ( 8.359999999999999432, 3.200000000000000178, -2.307611844574999793 ) ) ;
#12078 = VECTOR ( 'NONE', #4125, 1000.000000000000000 ) ;
#12079 = CIRCLE ( 'NONE', #2077, 3.509999999999999787 ) ;
#12080 = VERTEX_POINT ( 'NONE', #10432 ) ;
#12081 = AXIS2_PLACEMENT_3D ( 'NONE', #2329, #1281, #12142 ) ;
#12082 = ORIENTED_EDGE ( 'NONE', *, *, #6817, .T. ) ;
#12083 = EDGE_CURVE ( 'NONE', #6454, #7504, #909, .T. ) ;
#12084 = VECTOR ( 'NONE', #2778, 1000.000000000000000 ) ;
#12085 = VECTOR ( 'NONE', #12805, 1000.000000000000000 ) ;
#12086 = ADVANCED_FACE ( 'NONE', ( #9379 ), #13643, .F. ) ;
#12087 = EDGE_LOOP ( 'NONE', ( #10629, #6591, #12840, #6858 ) ) ;
#12088 = AXIS2_PLACEMENT_3D ( 'NONE', #11372, #12569, #11511 ) ;
#12089 = LINE ( 'NONE', #1578, #772 ) ;
#12090 = ORIENTED_EDGE ( 'NONE', *, *, #12369, .T. ) ;
#12091 = EDGE_CURVE ( 'NONE', #11979, #12995, #9381, .T. ) ;
#12092 = DIRECTION ( 'NONE',  ( 0.1004120643276970176, 0.9949459368917741298, -0.000000000000000000 ) ) ;
#12093 = LINE ( 'NONE', #3733, #12862 ) ;
#12094 = DIRECTION ( 'NONE',  ( 0.000000000000000000, 0.000000000000000000, -1.000000000000000000 ) ) ;
#12095 = PLANE ( 'NONE',  #1141 ) ;
#12096 = ORIENTED_EDGE ( 'NONE', *, *, #391, .T. ) ;
#12097 = ORIENTED_EDGE ( 'NONE', *, *, #7467, .T. ) ;
#12098 = CARTESIAN_POINT ( 'NONE',  ( -6.733679656439999661, 3.589199999999999946, -6.956320343559999841 ) ) ;
#12100 = AXIS2_PLACEMENT_3D ( 'NONE', #9724, #2, #2372 ) ;
#12099 = PLANE ( 'NONE',  #12991 ) ;
#12101 = CARTESIAN_POINT ( 'NONE',  ( -3.365000000000000213, -22.96649999999999991, 0.000000000000000000 ) ) ;
#12102 = VERTEX_POINT ( 'NONE', #11758 ) ;
#12103 = VECTOR ( 'NONE', #9150, 1000.000000000000000 ) ;
#12104 = LINE ( 'NONE', #2571, #7126 ) ;
#12105 = CARTESIAN_POINT ( 'NONE',  ( -1.395000000000000018, -23.77649999999999864, 15.74000000000000021 ) ) ;
#12106 = EDGE_CURVE ( 'NONE', #9491, #13601, #2229, .T. ) ;
#12107 = VECTOR ( 'NONE', #10928, 1000.000000000000000 ) ;
#12108 = VERTEX_POINT ( 'NONE', #9660 ) ;
#12109 = ADVANCED_FACE ( 'NONE', ( #2368 ), #5704, .F. ) ;
#12110 = VECTOR ( 'NONE', #3002, 1000.000000000000000 ) ;
#12111 = DIRECTION ( 'NONE',  ( 0.000000000000000000, -1.000000000000000000, -0.000000000000000000 ) ) ;
#12112 = EDGE_CURVE ( 'NONE', #3550, #8815, #6679, .T. ) ;
#12113 = ORIENTED_EDGE ( 'NONE', *, *, #9833, .T. ) ;
#12114 = CARTESIAN_POINT ( 'NONE',  ( 1.395000000000000018, -22.76650000000000063, -3.509999999999999787 ) ) ;
#12115 = CARTESIAN_POINT ( 'NONE',  ( -1.395000000000000018, -17.37650000000000006, -3.509999999999999787 ) ) ;
#12116 = MECHANICAL_DESIGN_GEOMETRIC_PRESENTATION_REPRESENTATION (  '', ( #4782 ), #10762 ) ;
#12117 = LINE ( 'NONE', #209, #6494 ) ;
#12118 = CIRCLE ( 'NONE', #10765, 1.100000000000000311 ) ;
#12119 = DIRECTION ( 'NONE',  ( -1.000000000000000000, 0.000000000000000000, -0.000000000000000000 ) ) ;
#12120 = ORIENTED_EDGE ( 'NONE', *, *, #12258, .T. ) ;
#12121 = DIRECTION ( 'NONE',  ( 0.000000000000000000, 0.000000000000000000, -1.000000000000000000 ) ) ;
#12122 = EDGE_CURVE ( 'NONE', #8422, #11185, #4978, .T. ) ;
#12123 = DIRECTION ( 'NONE',  ( -1.000000000000000000, 0.000000000000000000, -0.000000000000000000 ) ) ;
#12124 = LINE ( 'NONE', #3615, #2093 ) ;
#12125 = VERTEX_POINT ( 'NONE', #8758 ) ;
#12126 = VECTOR ( 'NONE', #6017, 1000.000000000000000 ) ;
#12127 = ADVANCED_FACE ( 'NONE', ( #1327 ), #6752, .T. ) ;
#12128 = ORIENTED_EDGE ( 'NONE', *, *, #12246, .F. ) ;
#12129 = LINE ( 'NONE', #4669, #5188 ) ;
#12130 = DIRECTION ( 'NONE',  ( 0.000000000000000000, -0.000000000000000000, -1.000000000000000000 ) ) ;
#12131 =( NAMED_UNIT ( * ) SI_UNIT ( $, .STERADIAN. ) SOLID_ANGLE_UNIT ( ) );
#12132 = CARTESIAN_POINT ( 'NONE',  ( 1.475000000000000089, -19.40650000000000119, -4.320000000000000284 ) ) ;
#12134 = ORIENTED_EDGE ( 'NONE', *, *, #2296, .T. ) ;
#12133 = LINE ( 'NONE', #7048, #8476 ) ;
#12135 = DIRECTION ( 'NONE',  ( -0.000000000000000000, 0.000000000000000000, 1.000000000000000000 ) ) ;
#12136 = SURFACE_SIDE_STYLE ('',( #437 ) ) ;
#12137 = DIRECTION ( 'NONE',  ( -1.000000000000000000, -0.000000000000000000, -0.000000000000000000 ) ) ;
#12138 = DIRECTION ( 'NONE',  ( 0.000000000000000000, 0.000000000000000000, -1.000000000000000000 ) ) ;
#12139 = LINE ( 'NONE', #440, #10644 ) ;
#12140 = ADVANCED_FACE ( 'NONE', ( #10776 ), #10910, .T. ) ;
#12141 = LINE ( 'NONE', #11288, #2721 ) ;
#12142 = DIRECTION ( 'NONE',  ( 0.000000000000000000, -0.000000000000000000, 1.000000000000000000 ) ) ;
#12143 = VECTOR ( 'NONE', #11525, 1000.000000000000000 ) ;
#12144 = EDGE_CURVE ( 'NONE', #12510, #11952, #1390, .T. ) ;
#12145 = CARTESIAN_POINT ( 'NONE',  ( -0.6350000000000000089, -23.77649999999999864, 15.74000000000000021 ) ) ;
#12146 = ORIENTED_EDGE ( 'NONE', *, *, #1044, .F. ) ;
#12147 = ORIENTED_EDGE ( 'NONE', *, *, #11964, .T. ) ;
#12148 = ORIENTED_EDGE ( 'NONE', *, *, #12258, .F. ) ;
#12149 = ORIENTED_EDGE ( 'NONE', *, *, #6056, .F. ) ;
#12150 = CARTESIAN_POINT ( 'NONE',  ( -22.15638586528285714, 0.000000000000000000, -4.400000000000945377 ) ) ;
#12151 = PLANE ( 'NONE',  #13416 ) ;
#12152 = VECTOR ( 'NONE', #8982, 1000.000000000000000 ) ;
#12153 = ORIENTED_EDGE ( 'NONE', *, *, #6950, .F. ) ;
#12154 = DIRECTION ( 'NONE',  ( 0.000000000000000000, -1.000000000000000000, -0.000000000000000000 ) ) ;
#12155 = DIRECTION ( 'NONE',  ( 1.000000000000000000, 0.000000000000000000, 0.000000000000000000 ) ) ;
#12156 = EDGE_CURVE ( 'NONE', #5323, #1792, #7518, .T. ) ;
#12157 = ORIENTED_EDGE ( 'NONE', *, *, #147, .F. ) ;
#12158 = EDGE_CURVE ( 'NONE', #1364, #13043, #7784, .T. ) ;
#12159 = ORIENTED_EDGE ( 'NONE', *, *, #8919, .T. ) ;
#12160 = ORIENTED_EDGE ( 'NONE', *, *, #3895, .T. ) ;
#12161 = CARTESIAN_POINT ( 'NONE',  ( 11.42999999999999972, 3.589199999999999946, 4.325000000000001066 ) ) ;
#12162 = ORIENTED_EDGE ( 'NONE', *, *, #9587, .F. ) ;
#12163 = DIRECTION ( 'NONE',  ( 0.000000000000000000, 1.000000000000000000, 0.000000000000000000 ) ) ;
#12164 = CARTESIAN_POINT ( 'NONE',  ( 6.522485578728001165, -17.94999999999999929, -12.90000000000000213 ) ) ;
#12165 = FACE_OUTER_BOUND ( 'NONE', #2159, .T. ) ;
#12166 = CARTESIAN_POINT ( 'NONE',  ( -4.584999999999999964, -2.337200000000000166, -0.5000000000000004441 ) ) ;
#12167 = ORIENTED_EDGE ( 'NONE', *, *, #5331, .T. ) ;
#12168 = ORIENTED_EDGE ( 'NONE', *, *, #5628, .T. ) ;
#12169 = CARTESIAN_POINT ( 'NONE',  ( -8.799999999999998934, 0.000000000000000000, -12.90000000000000213 ) ) ;
#12170 = CARTESIAN_POINT ( 'NONE',  ( 2.415000000000000036, -22.96649999999999991, 0.000000000000000000 ) ) ;
#12171 = ORIENTED_EDGE ( 'NONE', *, *, #4300, .F. ) ;
#12172 = PLANE ( 'NONE',  #4904 ) ;
#12173 = CARTESIAN_POINT ( 'NONE',  ( -9.414999999999999147, -21.18649999999999878, 4.650000000000000355 ) ) ;
#12174 = EDGE_CURVE ( 'NONE', #12506, #238, #11820, .T. ) ;
#12175 = ORIENTED_EDGE ( 'NONE', *, *, #7263, .F. ) ;
#12176 = CARTESIAN_POINT ( 'NONE',  ( -9.414999999999999147, -20.17650000000000077, 4.500000000000000888 ) ) ;
#12177 = EDGE_LOOP ( 'NONE', ( #13737, #540, #12159, #6384, #414, #671, #8440, #9967, #4561, #5908, #6206, #3567, #8566, #3645, #5747, #1077, #11170, #3936, #8794, #12674, #8549, #9255, #6015, #12593, #10926, #7146 ) ) ;
#12178 = CARTESIAN_POINT ( 'NONE',  ( 4.715000000000000746, -15.34650000000000070, 3.660000000000000142 ) ) ;
#12179 = PLANE ( 'NONE',  #6514 ) ;
#12180 = CARTESIAN_POINT ( 'NONE',  ( 4.584999999999999964, -21.18649999999999878, 4.650000000000000355 ) ) ;
#12181 = EDGE_CURVE ( 'NONE', #4420, #7354, #9935, .T. ) ;
#12182 = PLANE ( 'NONE',  #13742 ) ;
#12183 = ORIENTED_EDGE ( 'NONE', *, *, #1018, .T. ) ;
#12184 = EDGE_CURVE ( 'NONE', #10885, #9356, #9790, .T. ) ;
#12185 = LINE ( 'NONE', #2652, #6775 ) ;
#12186 = LINE ( 'NONE', #6895, #3781 ) ;
#12187 = DIRECTION ( 'NONE',  ( 0.000000000000000000, -1.000000000000000000, -0.000000000000000000 ) ) ;
#12188 = EDGE_LOOP ( 'NONE', ( #4910, #8832, #13382, #9236 ) ) ;
#12189 = EDGE_CURVE ( 'NONE', #1850, #4977, #12034, .T. ) ;
#12190 = LINE ( 'NONE', #8080, #12648 ) ;
#12191 = VERTEX_POINT ( 'NONE', #5428 ) ;
#12192 = LINE ( 'NONE', #9947, #6960 ) ;
#12193 = CARTESIAN_POINT ( 'NONE',  ( 7.509999999999999787, -3.313815743959999782, 4.500000000000000888 ) ) ;
#12194 = LINE ( 'NONE', #7045, #2074 ) ;
#12196 = ORIENTED_EDGE ( 'NONE', *, *, #993, .T. ) ;
#12195 = DIRECTION ( 'NONE',  ( -1.000000000000000000, -0.000000000000000000, -0.000000000000000000 ) ) ;
#12197 = CARTESIAN_POINT ( 'NONE',  ( 0.000000000000000000, 0.000000000000000000, 0.000000000000000000 ) ) ;
#12198 = LINE ( 'NONE', #641, #93 ) ;
#12199 = VECTOR ( 'NONE', #6986, 1000.000000000000000 ) ;
#12200 = FACE_OUTER_BOUND ( 'NONE', #12070, .T. ) ;
#12201 = AXIS2_PLACEMENT_3D ( 'NONE', #10694, #5418, #9577 ) ;
#12202 = CARTESIAN_POINT ( 'NONE',  ( -5.705000000000000071, -13.31649999999999956, 3.660000000000000142 ) ) ;
#12203 = VECTOR ( 'NONE', #9049, 1000.000000000000000 ) ;
#12204 = DIRECTION ( 'NONE',  ( 0.000000000000000000, 0.000000000000000000, -1.000000000000000000 ) ) ;
#12205 = AXIS2_PLACEMENT_3D ( 'NONE', #5751, #4710, #8939 ) ;
#12206 = DIRECTION ( 'NONE',  ( -1.000000000000000000, -0.000000000000000000, 0.000000000000000000 ) ) ;
#12207 = VECTOR ( 'NONE', #8690, 1000.000000000000000 ) ;
#12208 = CARTESIAN_POINT ( 'NONE',  ( 8.352477888072000312, -12.04649999999999999, 3.629999999999999893 ) ) ;
#12209 = VERTEX_POINT ( 'NONE', #351 ) ;
#12210 = ORIENTED_EDGE ( 'NONE', *, *, #3850, .T. ) ;
#12211 = ORIENTED_EDGE ( 'NONE', *, *, #4086, .F. ) ;
#12212 = ORIENTED_EDGE ( 'NONE', *, *, #12896, .F. ) ;
#12213 = CARTESIAN_POINT ( 'NONE',  ( 5.730000000000000426, -17.37650000000000006, 3.840000000000000302 ) ) ;
#12214 = CARTESIAN_POINT ( 'NONE',  ( 1.068310202796999953, -2.286500000000000199, 0.4299999999999999933 ) ) ;
#12215 = CARTESIAN_POINT ( 'NONE',  ( -1.300000000000000266, -3.556500000000000217, 0.4299999999999998268 ) ) ;
#12216 = ORIENTED_EDGE ( 'NONE', *, *, #2034, .T. ) ;
#12217 = CARTESIAN_POINT ( 'NONE',  ( -1.394999999999999796, -22.96649999999999991, 15.74000000000000021 ) ) ;
#12218 = DIRECTION ( 'NONE',  ( 0.000000000000000000, -0.000000000000000000, -1.000000000000000000 ) ) ;
#12219 =( GEOMETRIC_REPRESENTATION_CONTEXT ( 3 ) GLOBAL_UNCERTAINTY_ASSIGNED_CONTEXT ( ( #8336 ) ) GLOBAL_UNIT_ASSIGNED_CONTEXT ( ( #7286, #12635, #2050 ) ) REPRESENTATION_CONTEXT ( 'NONE', 'WORKASPACE' ) );
#12220 = ORIENTED_EDGE ( 'NONE', *, *, #13417, .F. ) ;
#12221 = ORIENTED_EDGE ( 'NONE', *, *, #7805, .T. ) ;
#12222 = ADVANCED_FACE ( 'NONE', ( #134 ), #8688, .T. ) ;
#12223 = CIRCLE ( 'NONE', #6230, 0.9899999999999999911 ) ;
#12224 = VERTEX_POINT ( 'NONE', #6610 ) ;
#12225 = EDGE_CURVE ( 'NONE', #656, #2437, #276, .T. ) ;
#12226 = LINE ( 'NONE', #5748, #8535 ) ;
#12227 = ORIENTED_EDGE ( 'NONE', *, *, #2670, .F. ) ;
#12228 = DIRECTION ( 'NONE',  ( 0.000000000000000000, 0.000000000000000000, 1.000000000000000000 ) ) ;
#12229 = CARTESIAN_POINT ( 'NONE',  ( 0.000000000000000000, -22.96649999999999991, 4.650000000000000355 ) ) ;
#12230 = PLANE ( 'NONE',  #2277 ) ;
#12231 = DIRECTION ( 'NONE',  ( -1.000000000000000000, 0.000000000000000000, -0.000000000000000000 ) ) ;
#12232 = ORIENTED_EDGE ( 'NONE', *, *, #10396, .T. ) ;
#12233 = ORIENTED_EDGE ( 'NONE', *, *, #6228, .T. ) ;
#12234 = CYLINDRICAL_SURFACE ( 'NONE', #9218, 3.200000000000001510 ) ;
#12235 = ADVANCED_FACE ( 'NONE', ( #7718 ), #11960, .T. ) ;
#12236 = CARTESIAN_POINT ( 'NONE',  ( -8.859999999999999432, 3.200000000000000178, 4.959999999999999964 ) ) ;
#12237 = ORIENTED_EDGE ( 'NONE', *, *, #1669, .F. ) ;
#12238 = CARTESIAN_POINT ( 'NONE',  ( -9.228380951166229806, -17.94999999999999929, 4.499999999999962697 ) ) ;
#12239 = CIRCLE ( 'NONE', #230, 1.750000000000001554 ) ;
#12240 = VERTEX_POINT ( 'NONE', #5772 ) ;
#12241 = CARTESIAN_POINT ( 'NONE',  ( -16.80000000000000071, 3.200000000000000178, 4.900000000000000355 ) ) ;
#12242 = ORIENTED_EDGE ( 'NONE', *, *, #1442, .T. ) ;
#12243 = FACE_OUTER_BOUND ( 'NONE', #2932, .T. ) ;
#12244 = LINE ( 'NONE', #4655, #12740 ) ;
#12245 = DIRECTION ( 'NONE',  ( -0.1004120643277483932, -0.9949459368917690227, 0.000000000000000000 ) ) ;
#12246 = EDGE_CURVE ( 'NONE', #5734, #446, #7854, .T. ) ;
#12247 = LINE ( 'NONE', #8964, #11087 ) ;
#12248 = VERTEX_POINT ( 'NONE', #2717 ) ;
#12249 = CARTESIAN_POINT ( 'NONE',  ( 8.474999999999949907, -13.31650000000000844, 4.650000000000000355 ) ) ;
#12250 = PLANE ( 'NONE',  #670 ) ;
#12251 = CARTESIAN_POINT ( 'NONE',  ( -5.605000000000000426, -17.37650000000000006, 3.840000000000000302 ) ) ;
#12252 = ORIENTED_EDGE ( 'NONE', *, *, #4925, .F. ) ;
#12253 = ADVANCED_FACE ( 'NONE', ( #6954 ), #12179, .T. ) ;
#12254 = CARTESIAN_POINT ( 'NONE',  ( 11.19999999999999929, -17.94999999999999929, -3.472485578728000011 ) ) ;
#12255 = CARTESIAN_POINT ( 'NONE',  ( 6.207611844575000148, 3.200000000000000178, -4.460000000000000853 ) ) ;
#12256 = CARTESIAN_POINT ( 'NONE',  ( 4.362680000000000113, -22.66649999999999920, 4.950000000000000178 ) ) ;
#12257 = DIRECTION ( 'NONE',  ( 0.000000000000000000, -1.000000000000000000, 0.000000000000000000 ) ) ;
#12258 = EDGE_CURVE ( 'NONE', #9764, #11535, #1677, .T. ) ;
#12259 = AXIS2_PLACEMENT_3D ( 'NONE', #899, #8471, #12724 ) ;
#12261 = ORIENTED_EDGE ( 'NONE', *, *, #4773, .F. ) ;
#12260 = CARTESIAN_POINT ( 'NONE',  ( -9.285000000000000142, -15.34650000000000070, 4.650000000000000355 ) ) ;
#12262 = CARTESIAN_POINT ( 'NONE',  ( 3.365000000000000213, -21.56650000000000134, -4.650000000000000355 ) ) ;
#12263 = DIRECTION ( 'NONE',  ( -0.000000000000000000, -1.000000000000000000, -0.000000000000000000 ) ) ;
#12264 = DIRECTION ( 'NONE',  ( -1.000000000000000000, -0.000000000000000000, -0.000000000000000000 ) ) ;
#12265 = LINE ( 'NONE', #4892, #3417 ) ;
#12266 = LINE ( 'NONE', #9959, #2887 ) ;
#12267 = CARTESIAN_POINT ( 'NONE',  ( -9.285000000000000142, -17.94999999999999929, 7.189999999999999503 ) ) ;
#12268 = CARTESIAN_POINT ( 'NONE',  ( 10.55132034356000048, 3.589199999999999946, -3.138679656440000354 ) ) ;
#12269 = VECTOR ( 'NONE', #12747, 1000.000000000000000 ) ;
#12270 = VECTOR ( 'NONE', #11366, 1000.000000000000000 ) ;
#12271 = ADVANCED_FACE ( 'NONE', ( #2861 ), #3900, .T. ) ;
#12272 = LINE ( 'NONE', #8104, #7785 ) ;
#12273 = ORIENTED_EDGE ( 'NONE', *, *, #3317, .F. ) ;
#12274 = VERTEX_POINT ( 'NONE', #4806 ) ;
#12275 = EDGE_LOOP ( 'NONE', ( #10478, #9429, #5632, #9086 ) ) ;
#12276 = ORIENTED_EDGE ( 'NONE', *, *, #8360, .T. ) ;
#12277 = CARTESIAN_POINT ( 'NONE',  ( 5.679199999999999804, -2.337200000000000166, 0.000000000000000000 ) ) ;
#12278 = FACE_OUTER_BOUND ( 'NONE', #42, .T. ) ;
#12279 = CARTESIAN_POINT ( 'NONE',  ( 8.500000000000000000, -17.94999999999999929, 0.000000000000000000 ) ) ;
#12280 = ORIENTED_EDGE ( 'NONE', *, *, #4485, .F. ) ;
#12281 = AXIS2_PLACEMENT_3D ( 'NONE', #2369, #9722, #4444 ) ;
#12282 = LINE ( 'NONE', #3933, #6968 ) ;
#12283 = CARTESIAN_POINT ( 'NONE',  ( 5.730000000000000426, -15.34650000000000070, 4.650000000000000355 ) ) ;
#12284 = ORIENTED_EDGE ( 'NONE', *, *, #13156, .T. ) ;
#12285 = VECTOR ( 'NONE', #4214, 1000.000000000000000 ) ;
#12286 = EDGE_CURVE ( 'NONE', #3722, #5617, #11057, .T. ) ;
#12287 = VERTEX_POINT ( 'NONE', #7102 ) ;
#12288 = VECTOR ( 'NONE', #4295, 1000.000000000000000 ) ;
#12289 = PRESENTATION_LAYER_ASSIGNMENT (  '', '', ( #872 ) ) ;
#12290 = ORIENTED_EDGE ( 'NONE', *, *, #1551, .F. ) ;
#12292 = DIRECTION ( 'NONE',  ( 0.000000000000000000, 0.000000000000000000, -1.000000000000000000 ) ) ;
#12291 = VECTOR ( 'NONE', #1963, 1000.000000000000000 ) ;
#12293 = VERTEX_POINT ( 'NONE', #9174 ) ;
#12294 = AXIS2_PLACEMENT_3D ( 'NONE', #10713, #11833, #2312 ) ;
#12295 = ORIENTED_EDGE ( 'NONE', *, *, #3286, .F. ) ;
#12296 = DIRECTION ( 'NONE',  ( 0.8786293792632253741, -0.4775043600801140986, 0.000000000000000000 ) ) ;
#12297 = DIRECTION ( 'NONE',  ( 0.000000000000000000, 1.000000000000000000, 0.000000000000000000 ) ) ;
#12298 = CARTESIAN_POINT ( 'NONE',  ( 5.605000000000000426, -23.77649999999999864, 4.650000000000000355 ) ) ;
#12299 = CARTESIAN_POINT ( 'NONE',  ( -11.42999999999999972, 3.589199999999999946, 4.325000000000001066 ) ) ;
#12300 = VECTOR ( 'NONE', #5663, 1000.000000000000000 ) ;
#12301 = ORIENTED_EDGE ( 'NONE', *, *, #8564, .T. ) ;
#12302 = ORIENTED_EDGE ( 'NONE', *, *, #1770, .F. ) ;
#12303 = LINE ( 'NONE', #1665, #8769 ) ;
#12304 = APPLICATION_CONTEXT ( 'automotive_design' ) ;
#12305 = LINE ( 'NONE', #13408, #4545 ) ;
#12306 = VERTEX_POINT ( 'NONE', #7995 ) ;
#12307 = EDGE_CURVE ( 'NONE', #5473, #7593, #11337, .T. ) ;
#12308 = CIRCLE ( 'NONE', #10957, 1.750000000000001554 ) ;
#12309 = DIRECTION ( 'NONE',  ( 0.000000000000000000, -0.000000000000000000, 1.000000000000000000 ) ) ;
#12310 = EDGE_LOOP ( 'NONE', ( #7062, #9322, #7067, #10495 ) ) ;
#12311 = AXIS2_PLACEMENT_3D ( 'NONE', #7701, #12017, #6452 ) ;
#12312 = CIRCLE ( 'NONE', #6307, 0.2000000000000000944 ) ;
#12313 = VECTOR ( 'NONE', #9867, 1000.000000000000000 ) ;
#12314 = VECTOR ( 'NONE', #9114, 1000.000000000000000 ) ;
#12315 = EDGE_CURVE ( 'NONE', #6288, #4921, #6888, .T. ) ;
#12316 = CARTESIAN_POINT ( 'NONE',  ( 7.000000000000000000, -22.58650000000000091, 3.840000000000000302 ) ) ;
#12317 = ORIENTED_EDGE ( 'NONE', *, *, #11048, .F. ) ;
#12318 = VECTOR ( 'NONE', #8763, 1000.000000000000000 ) ;
#12319 = DIRECTION ( 'NONE',  ( 0.000000000000000000, 1.000000000000000000, 0.000000000000000000 ) ) ;
#12320 = LINE ( 'NONE', #3752, #1640 ) ;
#12321 = DIRECTION ( 'NONE',  ( -1.000000000000000000, 0.000000000000000000, 0.000000000000000000 ) ) ;
#12322 = VECTOR ( 'NONE', #12640, 1000.000000000000000 ) ;
#12323 = DIRECTION ( 'NONE',  ( 0.000000000000000000, -1.000000000000000000, 0.000000000000000000 ) ) ;
#12324 = VERTEX_POINT ( 'NONE', #10001 ) ;
#12325 = VECTOR ( 'NONE', #1136, 1000.000000000000000 ) ;
#12326 = CARTESIAN_POINT ( 'NONE',  ( 9.881242789364000245, -17.94999999999999929, -11.50875721064000246 ) ) ;
#12327 = CARTESIAN_POINT ( 'NONE',  ( -7.000000000000000000, -21.18649999999999878, 3.840000000000000302 ) ) ;
#12328 = CARTESIAN_POINT ( 'NONE',  ( -22.15638586528000076, 0.000000000000000000, -4.400000000000000355 ) ) ;
#12329 = EDGE_CURVE ( 'NONE', #9788, #9719, #4870, .T. ) ;
#12330 = ORIENTED_EDGE ( 'NONE', *, *, #4795, .F. ) ;
#12331 = VECTOR ( 'NONE', #340, 1000.000000000000000 ) ;
#12332 = EDGE_CURVE ( 'NONE', #2001, #1465, #9104, .T. ) ;
#12333 = AXIS2_PLACEMENT_3D ( 'NONE', #6981, #8838, #13100 ) ;
#12334 = CARTESIAN_POINT ( 'NONE',  ( -4.714999999999999858, -17.37650000000000006, 4.650000000000000355 ) ) ;
#12335 = EDGE_CURVE ( 'NONE', #11452, #6111, #5981, .T. ) ;
#12336 = VECTOR ( 'NONE', #9955, 1000.000000000000000 ) ;
#12337 = DIRECTION ( 'NONE',  ( 1.000000000000000000, 0.000000000000000000, -0.000000000000000000 ) ) ;
#12338 = DIRECTION ( 'NONE',  ( 0.000000000000000000, 0.000000000000000000, 1.000000000000000000 ) ) ;
#12339 = CARTESIAN_POINT ( 'NONE',  ( 9.414999999999999147, -17.37650000000000006, 4.500000000000000888 ) ) ;
#12341 = VERTEX_POINT ( 'NONE', #5837 ) ;
#12340 = LINE ( 'NONE', #3915, #8039 ) ;
#12342 = AXIS2_PLACEMENT_3D ( 'NONE', #12236, #5616, #2707 ) ;
#12343 =( NAMED_UNIT ( * ) PLANE_ANGLE_UNIT ( ) SI_UNIT ( $, .RADIAN. ) );
#12344 =( LENGTH_UNIT ( ) NAMED_UNIT ( * ) SI_UNIT ( .MILLI., .METRE. ) );
#12345 = CARTESIAN_POINT ( 'NONE',  ( 0.005000000000000006176, -23.77649999999999864, -1.654999999999998472 ) ) ;
#12346 = DIRECTION ( 'NONE',  ( -1.000000000000000000, 0.000000000000000000, -0.000000000000000000 ) ) ;
#12347 = DIRECTION ( 'NONE',  ( -1.000000000000000000, 0.000000000000000000, -0.000000000000000000 ) ) ;
#12348 = LINE ( 'NONE', #6074, #12928 ) ;
#12349 = COLOUR_RGB ( '',1.000000000000000000, 1.000000000000000000, 1.000000000000000000 ) ;
#12350 = AXIS2_PLACEMENT_3D ( 'NONE', #4366, #7640, #12021 ) ;
#12351 = DIRECTION ( 'NONE',  ( 0.000000000000000000, 1.000000000000000000, 0.000000000000000000 ) ) ;
#12352 = EDGE_CURVE ( 'NONE', #3112, #9223, #5910, .T. ) ;
#12353 = ORIENTED_EDGE ( 'NONE', *, *, #7713, .T. ) ;
#12354 = ORIENTED_EDGE ( 'NONE', *, *, #2661, .F. ) ;
#12355 = ORIENTED_EDGE ( 'NONE', *, *, #11459, .F. ) ;
#12356 = CARTESIAN_POINT ( 'NONE',  ( 4.584999999999999964, -22.96649999999999991, -0.5000000000000001110 ) ) ;
#12357 = ORIENTED_EDGE ( 'NONE', *, *, #1338, .F. ) ;
#12358 = CIRCLE ( 'NONE', #8997, 0.9899999999999995470 ) ;
#12359 = ORIENTED_EDGE ( 'NONE', *, *, #9341, .T. ) ;
#12360 = CARTESIAN_POINT ( 'NONE',  ( 0.000000000000000000, -2.399999999999999911, -4.400000000000000355 ) ) ;
#12361 = DIRECTION ( 'NONE',  ( 0.4775043600801140986, 0.8786293792632253741, -0.000000000000000000 ) ) ;
#12362 = CARTESIAN_POINT ( 'NONE',  ( 0.000000000000000000, -2.399999999999999911, 13.40886698681000055 ) ) ;
#12363 = EDGE_LOOP ( 'NONE', ( #10904, #10988, #4799, #13477, #10113, #5295, #4688, #2332 ) ) ;
#12364 = DIRECTION ( 'NONE',  ( 0.8786293792632253741, 0.4775043600801140986, 0.000000000000000000 ) ) ;
#12365 = EDGE_CURVE ( 'NONE', #12420, #1662, #12244, .T. ) ;
#12366 = CARTESIAN_POINT ( 'NONE',  ( 8.352477888071927481, -12.04650000000000887, 4.500000000000000888 ) ) ;
#12367 = ORIENTED_EDGE ( 'NONE', *, *, #13120, .F. ) ;
#12368 = ORIENTED_EDGE ( 'NONE', *, *, #7056, .F. ) ;
#12369 = EDGE_CURVE ( 'NONE', #1917, #12274, #481, .T. ) ;
#12370 = EDGE_LOOP ( 'NONE', ( #2408, #3655, #735, #8932 ) ) ;
#12371 = VECTOR ( 'NONE', #10740, 1000.000000000000000 ) ;
#12372 = CARTESIAN_POINT ( 'NONE',  ( -9.414999999999999147, -20.17650000000000077, 13.40000000000000036 ) ) ;
#12373 = VERTEX_POINT ( 'NONE', #8887 ) ;
#12374 = ORIENTED_EDGE ( 'NONE', *, *, #11898, .F. ) ;
#12375 = CARTESIAN_POINT ( 'NONE',  ( 2.285000000000000142, -19.40650000000000119, -6.860000000000000320 ) ) ;
#12376 = PLANE ( 'NONE',  #2073 ) ;
#12377 = CARTESIAN_POINT ( 'NONE',  ( -5.205000000000000071, -22.96649999999999991, -7.519999999999999574 ) ) ;
#12378 = CARTESIAN_POINT ( 'NONE',  ( -5.705000000000000071, -17.37650000000000006, 3.840000000000000302 ) ) ;
#12379 = ORIENTED_EDGE ( 'NONE', *, *, #4083, .F. ) ;
#12380 = ORIENTED_EDGE ( 'NONE', *, *, #8937, .T. ) ;
#12381 = CARTESIAN_POINT ( 'NONE',  ( -4.714999999999999858, -13.31649999999999956, 3.629999999999999893 ) ) ;
#12382 = UNCERTAINTY_MEASURE_WITH_UNIT (LENGTH_MEASURE( 1.000000000000000082E-05 ), #13064, 'distance_accuracy_value', 'NONE');
#12383 = DIRECTION ( 'NONE',  ( -1.000000000000000000, -0.000000000000000000, 0.000000000000000000 ) ) ;
#12384 = ORIENTED_EDGE ( 'NONE', *, *, #2743, .T. ) ;
#12385 = DIRECTION ( 'NONE',  ( 0.09602825923645796902, -0.9953786080823796567, 0.000000000000000000 ) ) ;
#12386 = ORIENTED_EDGE ( 'NONE', *, *, #508, .T. ) ;
#12387 = CARTESIAN_POINT ( 'NONE',  ( 10.36500000000000021, -22.96649999999999991, 4.650000000000000355 ) ) ;
#12388 = EDGE_LOOP ( 'NONE', ( #6292, #7715, #12565, #13482, #6386, #4852 ) ) ;
#12389 = CARTESIAN_POINT ( 'NONE',  ( 8.275000000000000355, -15.34650000000000070, 3.640000000000000124 ) ) ;
#12390 = DIRECTION ( 'NONE',  ( 0.000000000000000000, 0.000000000000000000, 1.000000000000000000 ) ) ;
#12391 = CARTESIAN_POINT ( 'NONE',  ( 2.415000000000000036, -2.337200000000000166, -4.500000000000000888 ) ) ;
#12392 = DIRECTION ( 'NONE',  ( 0.000000000000000000, 0.000000000000000000, -1.000000000000000000 ) ) ;
#12393 = EDGE_CURVE ( 'NONE', #1681, #2775, #1598, .T. ) ;
#12394 = DIRECTION ( 'NONE',  ( 0.000000000000000000, 0.000000000000000000, -1.000000000000000000 ) ) ;
#12395 = LINE ( 'NONE', #1955, #2105 ) ;
#12396 = CARTESIAN_POINT ( 'NONE',  ( 0.000000000000000000, -21.56650000000000134, 0.000000000000000000 ) ) ;
#12397 = CARTESIAN_POINT ( 'NONE',  ( 1.294999999999999929, -19.40650000000000119, -3.509999999999999787 ) ) ;
#12398 = ORIENTED_EDGE ( 'NONE', *, *, #9375, .F. ) ;
#12399 = DIRECTION ( 'NONE',  ( 0.000000000000000000, -0.000000000000000000, -1.000000000000000000 ) ) ;
#12400 = EDGE_CURVE ( 'NONE', #1310, #3472, #6823, .T. ) ;
#12401 = CARTESIAN_POINT ( 'NONE',  ( 8.474999999999999645, -13.31649999999999956, 4.650000000000000355 ) ) ;
#12402 = DIRECTION ( 'NONE',  ( 0.000000000000000000, 0.000000000000000000, 1.000000000000000000 ) ) ;
#12403 = EDGE_CURVE ( 'NONE', #6557, #235, #12320, .T. ) ;
#12405 = ORIENTED_EDGE ( 'NONE', *, *, #7434, .F. ) ;
#12404 = FACE_OUTER_BOUND ( 'NONE', #13463, .T. ) ;
#12406 = DIRECTION ( 'NONE',  ( 0.000000000000000000, 1.000000000000000000, 0.000000000000000000 ) ) ;
#12407 = DIRECTION ( 'NONE',  ( -1.000000000000000000, -0.000000000000000000, -0.000000000000000000 ) ) ;
#12408 = EDGE_CURVE ( 'NONE', #13123, #9735, #13346, .T. ) ;
#12409 = CARTESIAN_POINT ( 'NONE',  ( -8.394999999999999574, -22.96649999999999991, 3.840000000000000302 ) ) ;
#12410 = PLANE ( 'NONE',  #767 ) ;
#12411 = CARTESIAN_POINT ( 'NONE',  ( 4.584999999999999964, -21.56650000000000134, 3.509999999999999787 ) ) ;
#12412 = CARTESIAN_POINT ( 'NONE',  ( -8.269999999999999574, -19.40650000000000119, 3.840000000000000302 ) ) ;
#12413 = ADVANCED_FACE ( 'NONE', ( #898 ), #7307, .T. ) ;
#12414 = LINE ( 'NONE', #8098, #11080 ) ;
#12415 = DIRECTION ( 'NONE',  ( 0.000000000000000000, -0.000000000000000000, 1.000000000000000000 ) ) ;
#12416 = EDGE_LOOP ( 'NONE', ( #2479, #1921, #3716, #4732, #9999, #6306, #37, #8528 ) ) ;
#12417 = ORIENTED_EDGE ( 'NONE', *, *, #1480, .T. ) ;
#12418 = CARTESIAN_POINT ( 'NONE',  ( -1.395000000000000018, -23.77649999999999864, -1.830000000000000071 ) ) ;
#12419 = ORIENTED_EDGE ( 'NONE', *, *, #7713, .F. ) ;
#12420 = VERTEX_POINT ( 'NONE', #8344 ) ;
#12421 = CARTESIAN_POINT ( 'NONE',  ( 24.89999999999999858, -15.40000000000000036, 13.40886698681000055 ) ) ;
#12422 = CARTESIAN_POINT ( 'NONE',  ( -2.415000000000000036, -22.58650000000000091, -3.509999999999999787 ) ) ;
#12423 = FACE_OUTER_BOUND ( 'NONE', #294, .T. ) ;
#12424 = ORIENTED_EDGE ( 'NONE', *, *, #13275, .T. ) ;
#12425 = FILL_AREA_STYLE_COLOUR ( '', #1651 ) ;
#12426 = EDGE_CURVE ( 'NONE', #9498, #10896, #8405, .T. ) ;
#12427 = CARTESIAN_POINT ( 'NONE',  ( -3.365000000000000213, -21.56650000000000134, -4.650000000000000355 ) ) ;
#12428 = ORIENTED_EDGE ( 'NONE', *, *, #5042, .F. ) ;
#12429 = AXIS2_PLACEMENT_3D ( 'NONE', #9117, #1822, #2590 ) ;
#12430 = AXIS2_PLACEMENT_3D ( 'NONE', #5150, #2866, #12672 ) ;
#12431 = ADVANCED_FACE ( 'NONE', ( #8470 ), #13759, .T. ) ;
#12432 = ORIENTED_EDGE ( 'NONE', *, *, #2660, .T. ) ;
#12433 = DIRECTION ( 'NONE',  ( 0.000000000000000000, 0.000000000000000000, 1.000000000000000000 ) ) ;
#12434 = ORIENTED_EDGE ( 'NONE', *, *, #232, .F. ) ;
#12435 = VERTEX_POINT ( 'NONE', #9305 ) ;
#12436 = EDGE_CURVE ( 'NONE', #8654, #8138, #13627, .T. ) ;
#12437 = VECTOR ( 'NONE', #840, 1000.000000000000114 ) ;
#12438 = PLANE ( 'NONE',  #8150 ) ;
#12439 = CARTESIAN_POINT ( 'NONE',  ( -4.714999999999999858, -15.34650000000000070, 3.840000000000000302 ) ) ;
#12440 = LINE ( 'NONE', #7153, #4050 ) ;
#12441 = AXIS2_PLACEMENT_3D ( 'NONE', #4461, #12964, #3431 ) ;
#12442 = PLANE ( 'NONE',  #2933 ) ;
#12443 = VERTEX_POINT ( 'NONE', #3198 ) ;
#12444 = ADVANCED_FACE ( 'NONE', ( #8208 ), #12598, .T. ) ;
#12445 = LINE ( 'NONE', #11117, #7007 ) ;
#12446 = DIRECTION ( 'NONE',  ( 0.000000000000000000, 0.000000000000000000, -1.000000000000000000 ) ) ;
#12447 = ORIENTED_EDGE ( 'NONE', *, *, #12352, .T. ) ;
#12448 = ORIENTED_EDGE ( 'NONE', *, *, #10476, .F. ) ;
#12449 = VECTOR ( 'NONE', #9591, 1000.000000000000000 ) ;
#12450 = ADVANCED_FACE ( 'NONE', ( #10487 ), #4024, .F. ) ;
#12451 = DIRECTION ( 'NONE',  ( 0.000000000000000000, 0.000000000000000000, 1.000000000000000000 ) ) ;
#12452 = ORIENTED_EDGE ( 'NONE', *, *, #2920, .T. ) ;
#12453 = PLANE ( 'NONE',  #13402 ) ;
#12454 = CARTESIAN_POINT ( 'NONE',  ( 5.679199999999999804, -2.337200000000000166, 4.500000000000000888 ) ) ;
#12455 = CARTESIAN_POINT ( 'NONE',  ( 1.395000000000000018, -22.96649999999999991, 4.731784095824814962 ) ) ;
#12456 = FILL_AREA_STYLE_COLOUR ( '', #13170 ) ;
#12457 = DIRECTION ( 'NONE',  ( -0.000000000000000000, -1.000000000000000000, -0.000000000000000000 ) ) ;
#12458 = VECTOR ( 'NONE', #10766, 1000.000000000000000 ) ;
#12459 = DIRECTION ( 'NONE',  ( -0.000000000000000000, 0.000000000000000000, -1.000000000000000000 ) ) ;
#12460 = CARTESIAN_POINT ( 'NONE',  ( 2.415000000000000036, -2.337200000000000166, -3.509999999999999787 ) ) ;
#12461 = CARTESIAN_POINT ( 'NONE',  ( 2.415000000000000036, -17.94999999999999929, -4.500000000000000888 ) ) ;
#12462 = VERTEX_POINT ( 'NONE', #12455 ) ;
#12463 = DIRECTION ( 'NONE',  ( -0.000000000000000000, -1.000000000000000000, -0.000000000000000000 ) ) ;
#12464 = DIRECTION ( 'NONE',  ( -0.000000000000000000, -0.000000000000000000, -1.000000000000000000 ) ) ;
#12465 = DIRECTION ( 'NONE',  ( -1.000000000000000000, -0.000000000000000000, 0.000000000000000000 ) ) ;
#12466 = LINE ( 'NONE', #2164, #8289 ) ;
#12467 = CARTESIAN_POINT ( 'NONE',  ( 7.919999999999999929, 3.589199999999999946, 4.325000000000000178 ) ) ;
#12469 = ORIENTED_EDGE ( 'NONE', *, *, #10013, .T. ) ;
#12468 = FACE_OUTER_BOUND ( 'NONE', #1738, .T. ) ;
#12470 = CARTESIAN_POINT ( 'NONE',  ( 0.000000000000000000, 3.589199999999999946, -7.834999999999999964 ) ) ;
#12471 = DIRECTION ( 'NONE',  ( 0.000000000000000000, 0.000000000000000000, 1.000000000000000000 ) ) ;
#12472 = DIRECTION ( 'NONE',  ( 0.000000000000000000, -0.000000000000000000, 1.000000000000000000 ) ) ;
#12473 = EDGE_CURVE ( 'NONE', #2839, #6222, #7626, .T. ) ;
#12474 = DIRECTION ( 'NONE',  ( 0.000000000000000000, -1.000000000000000000, -0.000000000000000000 ) ) ;
#12475 = LINE ( 'NONE', #990, #10731 ) ;
#12476 = DIRECTION ( 'NONE',  ( -0.7071067811865476838, 0.000000000000000000, -0.7071067811865474617 ) ) ;
#12477 = EDGE_CURVE ( 'NONE', #9981, #5024, #965, .T. ) ;
#12478 = ORIENTED_EDGE ( 'NONE', *, *, #7173, .F. ) ;
#12479 = LINE ( 'NONE', #5245, #8290 ) ;
#12480 = VECTOR ( 'NONE', #2779, 1000.000000000000000 ) ;
#12481 = VERTEX_POINT ( 'NONE', #9366 ) ;
#12482 = VERTEX_POINT ( 'NONE', #11609 ) ;
#12483 = CARTESIAN_POINT ( 'NONE',  ( 10.36500000000000021, -21.56650000000000134, 4.650000000000000355 ) ) ;
#12484 = EDGE_CURVE ( 'NONE', #9764, #7340, #6125, .T. ) ;
#12485 = ORIENTED_EDGE ( 'NONE', *, *, #173, .T. ) ;
#12486 = VERTEX_POINT ( 'NONE', #770 ) ;
#12487 = LINE ( 'NONE', #5109, #10577 ) ;
#12488 = CARTESIAN_POINT ( 'NONE',  ( -5.730000000000000426, -21.18649999999999878, 4.650000000000000355 ) ) ;
#12489 = FACE_OUTER_BOUND ( 'NONE', #2574, .T. ) ;
#12490 = EDGE_LOOP ( 'NONE', ( #4842, #7962, #2361, #25 ) ) ;
#12491 = CARTESIAN_POINT ( 'NONE',  ( -1.438219009550000038, -22.76650000000000063, -3.310000000000000053 ) ) ;
#12492 = DIRECTION ( 'NONE',  ( 0.000000000000000000, -1.000000000000000000, 0.000000000000000000 ) ) ;
#12493 = CARTESIAN_POINT ( 'NONE',  ( 15.94999999999999929, -2.399999999999999911, 0.000000000000000000 ) ) ;
#12494 = ORIENTED_EDGE ( 'NONE', *, *, #798, .F. ) ;
#12495 = AXIS2_PLACEMENT_3D ( 'NONE', #8647, #8783, #9749 ) ;
#12496 = EDGE_CURVE ( 'NONE', #4273, #13019, #5221, .T. ) ;
#12497 = ORIENTED_EDGE ( 'NONE', *, *, #6613, .F. ) ;
#12498 = LINE ( 'NONE', #8127, #9204 ) ;
#12499 = EDGE_CURVE ( 'NONE', #10133, #11885, #5015, .T. ) ;
#12500 = EDGE_LOOP ( 'NONE', ( #6180, #7613, #13308, #10965 ) ) ;
#12501 = VECTOR ( 'NONE', #7582, 1000.000000000000000 ) ;
#12502 = ORIENTED_EDGE ( 'NONE', *, *, #13500, .T. ) ;
#12503 = DIRECTION ( 'NONE',  ( 0.000000000000000000, 1.000000000000000000, -0.000000000000000000 ) ) ;
#12504 = CARTESIAN_POINT ( 'NONE',  ( -3.149999999999999911, -22.58650000000000091, -3.509999999999999787 ) ) ;
#12505 = PLANE ( 'NONE',  #3814 ) ;
#12506 = VERTEX_POINT ( 'NONE', #1035 ) ;
#12507 = PRESENTATION_LAYER_ASSIGNMENT (  '', '', ( #4723 ) ) ;
#12508 = SURFACE_STYLE_FILL_AREA ( #9427 ) ;
#12509 = DIRECTION ( 'NONE',  ( 0.000000000000000000, -1.000000000000000000, -0.000000000000000000 ) ) ;
#12510 = VERTEX_POINT ( 'NONE', #9247 ) ;
#12511 = EDGE_CURVE ( 'NONE', #12871, #5892, #13184, .T. ) ;
#12512 = ORIENTED_EDGE ( 'NONE', *, *, #9635, .F. ) ;
#12513 = VECTOR ( 'NONE', #13347, 1000.000000000000000 ) ;
#12514 = EDGE_CURVE ( 'NONE', #9986, #10681, #5076, .T. ) ;
#12515 = VECTOR ( 'NONE', #13503, 1000.000000000000000 ) ;
#12516 = VECTOR ( 'NONE', #6989, 1000.000000000000000 ) ;
#12517 = ADVANCED_FACE ( 'NONE', ( #10419 ), #4164, .T. ) ;
#12518 = VERTEX_POINT ( 'NONE', #3456 ) ;
#12519 = AXIS2_PLACEMENT_3D ( 'NONE', #11109, #8130, #3732 ) ;
#12520 = CARTESIAN_POINT ( 'NONE',  ( 8.275000000000000355, -13.31649999999999956, 3.640000000000000124 ) ) ;
#12521 = ORIENTED_EDGE ( 'NONE', *, *, #7412, .F. ) ;
#12522 = LINE ( 'NONE', #3127, #10497 ) ;
#12523 = CARTESIAN_POINT ( 'NONE',  ( -8.300000000000018474, -3.556499999999997108, 4.500000000000000888 ) ) ;
#12524 = CARTESIAN_POINT ( 'NONE',  ( 0.5100000000000000089, -3.313815743959999782, -3.299999999999999378 ) ) ;
#12525 = CARTESIAN_POINT ( 'NONE',  ( 2.284999999999999698, -17.33328099044999959, -4.500000000000000888 ) ) ;
#12526 = AXIS2_PLACEMENT_3D ( 'NONE', #11896, #4377, #5560 ) ;
#12527 = CARTESIAN_POINT ( 'NONE',  ( 0.000000000000000000, -17.94999999999999929, -6.860000000000000320 ) ) ;
#12528 = AXIS2_PLACEMENT_3D ( 'NONE', #551, #11125, #6820 ) ;
#12529 = EDGE_CURVE ( 'NONE', #13042, #6240, #10516, .T. ) ;
#12530 = PLANE ( 'NONE',  #4003 ) ;
#12531 = EDGE_CURVE ( 'NONE', #5, #2134, #3520, .T. ) ;
#12532 = FACE_OUTER_BOUND ( 'NONE', #53, .T. ) ;
#12533 = VERTEX_POINT ( 'NONE', #5407 ) ;
#12534 = AXIS2_PLACEMENT_3D ( 'NONE', #4341, #3892, #12701 ) ;
#12535 = AXIS2_PLACEMENT_3D ( 'NONE', #7200, #11438, #6151 ) ;
#12536 = EDGE_CURVE ( 'NONE', #2578, #5324, #9643, .T. ) ;
#12537 = AXIS2_PLACEMENT_3D ( 'NONE', #8840, #10165, #3634 ) ;
#12538 = AXIS2_PLACEMENT_3D ( 'NONE', #3591, #3734, #2627 ) ;
#12539 = FACE_OUTER_BOUND ( 'NONE', #6485, .T. ) ;
#12540 = VECTOR ( 'NONE', #8538, 1000.000000000000000 ) ;
#12541 = ORIENTED_EDGE ( 'NONE', *, *, #5282, .F. ) ;
#12542 = LINE ( 'NONE', #1901, #4981 ) ;
#12543 = DIRECTION ( 'NONE',  ( 0.000000000000000000, 0.000000000000000000, -1.000000000000000000 ) ) ;
#12544 = SURFACE_SIDE_STYLE ('',( #4112 ) ) ;
#12545 = ORIENTED_EDGE ( 'NONE', *, *, #5834, .F. ) ;
#12546 = EDGE_CURVE ( 'NONE', #5942, #3390, #6663, .T. ) ;
#12547 = DIRECTION ( 'NONE',  ( 0.000000000000000000, 0.000000000000000000, 1.000000000000000000 ) ) ;
#12548 = EDGE_CURVE ( 'NONE', #2335, #13061, #45, .T. ) ;
#12549 = CARTESIAN_POINT ( 'NONE',  ( 8.320800000000000196, -2.337200000000000166, -0.5000000000000000000 ) ) ;
#12550 = CARTESIAN_POINT ( 'NONE',  ( -1.294999999999999929, -33.95649999999793067, -1.654999999999374527 ) ) ;
#12551 = PRODUCT_DEFINITION_CONTEXT ( 'detailed design', #12304, 'design' ) ;
#12552 = DIRECTION ( 'NONE',  ( 0.000000000000000000, -1.000000000000000000, 0.000000000000000000 ) ) ;
#12553 = EDGE_CURVE ( 'NONE', #11957, #6037, #3265, .T. ) ;
#12554 = CARTESIAN_POINT ( 'NONE',  ( 8.300000000000055778, -3.556499999999982009, -0.1000000000000019068 ) ) ;
#12555 = CARTESIAN_POINT ( 'NONE',  ( -8.800000000000000711, 3.200000000000000178, 4.900000000000000355 ) ) ;
#12556 = CYLINDRICAL_SURFACE ( 'NONE', #1529, 0.9899999999999999911 ) ;
#12557 = EDGE_CURVE ( 'NONE', #7553, #12815, #8519, .T. ) ;
#12558 = VECTOR ( 'NONE', #5861, 1000.000000000000000 ) ;
#12559 = ORIENTED_EDGE ( 'NONE', *, *, #7670, .F. ) ;
#12560 = CARTESIAN_POINT ( 'NONE',  ( -9.228380951166217372, -17.35153820345999875, 4.499999999999924505 ) ) ;
#12561 = VECTOR ( 'NONE', #9369, 1000.000000000000000 ) ;
#12562 = EDGE_LOOP ( 'NONE', ( #2245, #6173, #10191, #7257 ) ) ;
#12563 = ORIENTED_EDGE ( 'NONE', *, *, #7968, .T. ) ;
#12564 = DIRECTION ( 'NONE',  ( 0.000000000000000000, 0.000000000000000000, 1.000000000000000000 ) ) ;
#12565 = ORIENTED_EDGE ( 'NONE', *, *, #7073, .T. ) ;
#12566 = ORIENTED_EDGE ( 'NONE', *, *, #2252, .F. ) ;
#12567 = CARTESIAN_POINT ( 'NONE',  ( 22.15638586528000076, 0.000000000000000000, -4.400000000000000355 ) ) ;
#12568 = DIRECTION ( 'NONE',  ( -0.4775043600801140986, 0.8786293792632253741, 0.000000000000000000 ) ) ;
#12569 = DIRECTION ( 'NONE',  ( 0.000000000000000000, 0.000000000000000000, 1.000000000000000000 ) ) ;
#12570 = EDGE_LOOP ( 'NONE', ( #5999, #11475, #3347, #6539, #1925, #940, #6277, #11297 ) ) ;
#12571 = FACE_OUTER_BOUND ( 'NONE', #12767, .T. ) ;
#12572 = PRESENTATION_LAYER_ASSIGNMENT (  '', '', ( #7242 ) ) ;
#12573 = PLANE ( 'NONE',  #11980 ) ;
#12574 = CARTESIAN_POINT ( 'NONE',  ( -2.415000000000000036, -21.18649999999999878, -4.500000000000000888 ) ) ;
#12575 = EDGE_CURVE ( 'NONE', #7599, #1505, #5341, .T. ) ;
#12576 = VECTOR ( 'NONE', #13334, 1000.000000000000000 ) ;
#12577 = ORIENTED_EDGE ( 'NONE', *, *, #4787, .F. ) ;
#12578 = LINE ( 'NONE', #9228, #3836 ) ;
#12579 = EDGE_LOOP ( 'NONE', ( #9851, #1401, #12763, #10843 ) ) ;
#12580 = ORIENTED_EDGE ( 'NONE', *, *, #4844, .T. ) ;
#12581 = CARTESIAN_POINT ( 'NONE',  ( 0.000000000000000000, -17.37650000000000006, -4.320000000000000284 ) ) ;
#12582 = LINE ( 'NONE', #13542, #9168 ) ;
#12583 = EDGE_CURVE ( 'NONE', #3604, #6097, #8606, .T. ) ;
#12584 = LINE ( 'NONE', #12645, #1369 ) ;
#12585 = VERTEX_POINT ( 'NONE', #1241 ) ;
#12586 = DIRECTION ( 'NONE',  ( -1.000000000000000000, 0.000000000000000000, 0.000000000000000000 ) ) ;
#12587 = EDGE_CURVE ( 'NONE', #8614, #6648, #5475, .T. ) ;
#12588 = CARTESIAN_POINT ( 'NONE',  ( -0.4949999999999999956, -23.77649999999999864, 1.320000000000000062 ) ) ;
#12589 = VERTEX_POINT ( 'NONE', #184 ) ;
#12590 = ORIENTED_EDGE ( 'NONE', *, *, #8406, .F. ) ;
#12591 = EDGE_CURVE ( 'NONE', #13624, #8491, #4426, .T. ) ;
#12592 = VECTOR ( 'NONE', #13312, 1000.000000000000000 ) ;
#12593 = ORIENTED_EDGE ( 'NONE', *, *, #7173, .T. ) ;
#12594 = DIRECTION ( 'NONE',  ( 0.000000000000000000, 1.000000000000000000, 0.000000000000000000 ) ) ;
#12595 = ORIENTED_EDGE ( 'NONE', *, *, #12591, .F. ) ;
#12596 = DIRECTION ( 'NONE',  ( 0.8786293792632253741, 0.4775043600801140986, 0.000000000000000000 ) ) ;
#12597 = CARTESIAN_POINT ( 'NONE',  ( -1.500000000000000000, -17.57000000000000384, -4.500000000000000888 ) ) ;
#12598 = PLANE ( 'NONE',  #10070 ) ;
#12599 = DIRECTION ( 'NONE',  ( 1.000000000000000000, -0.000000000000000000, 0.000000000000000000 ) ) ;
#12600 = CARTESIAN_POINT ( 'NONE',  ( -0.4949999999999999956, -22.96649999999999991, -1.655000000000000027 ) ) ;
#12601 = VECTOR ( 'NONE', #12135, 1000.000000000000000 ) ;
#12602 = CARTESIAN_POINT ( 'NONE',  ( -5.525000000000000355, -17.57000000000000384, 4.850000000000000533 ) ) ;
#12603 = EDGE_CURVE ( 'NONE', #1500, #11644, #3385, .T. ) ;
#12604 = DIRECTION ( 'NONE',  ( 0.000000000000000000, 0.000000000000000000, 1.000000000000000000 ) ) ;
#12605 = FACE_OUTER_BOUND ( 'NONE', #9546, .T. ) ;
#12606 = ORIENTED_EDGE ( 'NONE', *, *, #6445, .F. ) ;
#12607 = DIRECTION ( 'NONE',  ( -1.000000000000000000, 0.000000000000000000, -0.000000000000000000 ) ) ;
#12608 = ORIENTED_EDGE ( 'NONE', *, *, #3681, .T. ) ;
#12609 = ADVANCED_FACE ( 'NONE', ( #10687 ), #7636, .T. ) ;
#12610 = FACE_OUTER_BOUND ( 'NONE', #11403, .T. ) ;
#12611 = PLANE ( 'NONE',  #13617 ) ;
#12612 = EDGE_CURVE ( 'NONE', #12703, #656, #254, .T. ) ;
#12613 = ORIENTED_EDGE ( 'NONE', *, *, #13198, .T. ) ;
#12614 = ADVANCED_FACE ( 'NONE', ( #12165 ), #1582, .F. ) ;
#12615 = SURFACE_STYLE_USAGE ( .BOTH. , #8361 ) ;
#12616 = PRESENTATION_STYLE_ASSIGNMENT (( #3978 ) ) ;
#12617 = EDGE_CURVE ( 'NONE', #8187, #8995, #6872, .T. ) ;
#12618 = DIRECTION ( 'NONE',  ( 0.000000000000000000, 0.000000000000000000, 1.000000000000000000 ) ) ;
#12619 = PLANE ( 'NONE',  #9978 ) ;
#12620 = CARTESIAN_POINT ( 'NONE',  ( 1.473997487421161878, -17.57000000000000384, -4.500000000000000888 ) ) ;
#12621 = ORIENTED_EDGE ( 'NONE', *, *, #4102, .F. ) ;
#12622 = LINE ( 'NONE', #2036, #6201 ) ;
#12623 = VERTEX_POINT ( 'NONE', #3804 ) ;
#12624 = CARTESIAN_POINT ( 'NONE',  ( -8.800000000000000711, 0.000000000000000000, -4.900000000000000355 ) ) ;
#12625 = VERTEX_POINT ( 'NONE', #677 ) ;
#12626 = EDGE_LOOP ( 'NONE', ( #12777, #10172, #10815, #5179, #5505, #1746, #5069, #2681 ) ) ;
#12627 = DIRECTION ( 'NONE',  ( -0.000000000000000000, 1.000000000000000000, 0.000000000000000000 ) ) ;
#12628 = ORIENTED_EDGE ( 'NONE', *, *, #5084, .T. ) ;
#12629 = ORIENTED_EDGE ( 'NONE', *, *, #10668, .T. ) ;
#12630 = CARTESIAN_POINT ( 'NONE',  ( -15.94999999999999929, -2.399999999999999911, 0.000000000000000000 ) ) ;
#12631 = DIRECTION ( 'NONE',  ( -0.8786293792632253741, -0.4775043600801140986, 0.000000000000000000 ) ) ;
#12632 = PRESENTATION_STYLE_ASSIGNMENT (( #870 ) ) ;
#12633 = ORIENTED_EDGE ( 'NONE', *, *, #5466, .F. ) ;
#12634 = LINE ( 'NONE', #7348, #1636 ) ;
#12635 =( NAMED_UNIT ( * ) PLANE_ANGLE_UNIT ( ) SI_UNIT ( $, .RADIAN. ) );
#12636 = CARTESIAN_POINT ( 'NONE',  ( -5.730000000000000426, -2.337200000000000166, 4.500000000000000888 ) ) ;
#12637 = CARTESIAN_POINT ( 'NONE',  ( 0.005000000000000000104, -24.27649999999999864, 1.145000000000000240 ) ) ;
#12638 = VECTOR ( 'NONE', #11768, 1000.000000000000227 ) ;
#12639 = ORIENTED_EDGE ( 'NONE', *, *, #5209, .F. ) ;
#12640 = DIRECTION ( 'NONE',  ( -0.000000000000000000, -1.000000000000000000, -0.000000000000000000 ) ) ;
#12641 = ORIENTED_EDGE ( 'NONE', *, *, #10834, .T. ) ;
#12642 = ORIENTED_EDGE ( 'NONE', *, *, #10558, .T. ) ;
#12643 = CARTESIAN_POINT ( 'NONE',  ( 18.25000000000000000, -8.699999999999999289, 15.80886698680999913 ) ) ;
#12644 = LINE ( 'NONE', #11321, #1856 ) ;
#12645 = CARTESIAN_POINT ( 'NONE',  ( 9.881242789364000245, -2.399999999999999911, -11.50875721064000246 ) ) ;
#12646 = EDGE_LOOP ( 'NONE', ( #10427, #883, #9303, #3869 ) ) ;
#12647 = SURFACE_STYLE_USAGE ( .BOTH. , #8394 ) ;
#12648 = VECTOR ( 'NONE', #11345, 1000.000000000000000 ) ;
#12649 = EDGE_CURVE ( 'NONE', #9108, #5155, #1517, .T. ) ;
#12650 =( LENGTH_UNIT ( ) NAMED_UNIT ( * ) SI_UNIT ( .MILLI., .METRE. ) );
#12651 = ORIENTED_EDGE ( 'NONE', *, *, #11501, .T. ) ;
#12652 = VECTOR ( 'NONE', #12309, 1000.000000000000000 ) ;
#12653 = VECTOR ( 'NONE', #8423, 1000.000000000000000 ) ;
#12654 = AXIS2_PLACEMENT_3D ( 'NONE', #13424, #964, #7100 ) ;
#12655 = ORIENTED_EDGE ( 'NONE', *, *, #13524, .F. ) ;
#12656 = VECTOR ( 'NONE', #1003, 1000.000000000000000 ) ;
#12657 = UNCERTAINTY_MEASURE_WITH_UNIT (LENGTH_MEASURE( 1.000000000000000082E-05 ), #7460, 'distance_accuracy_value', 'NONE');
#12658 = EDGE_CURVE ( 'NONE', #3879, #164, #2700, .T. ) ;
#12659 = VECTOR ( 'NONE', #3474, 1000.000000000000000 ) ;
#12660 = CIRCLE ( 'NONE', #422, 0.2999999999999999334 ) ;
#12661 = ORIENTED_EDGE ( 'NONE', *, *, #9106, .F. ) ;
#12662 = DIRECTION ( 'NONE',  ( 0.000000000000000000, 0.000000000000000000, 1.000000000000000000 ) ) ;
#12663 = ORIENTED_EDGE ( 'NONE', *, *, #11235, .T. ) ;
#12664 = CARTESIAN_POINT ( 'NONE',  ( 0.000000000000000000, -22.96649999999999991, 4.850000000000000533 ) ) ;
#12665 = PLANE ( 'NONE',  #2421 ) ;
#12666 = CARTESIAN_POINT ( 'NONE',  ( -1.294999999999999929, -17.37650000000000006, -3.509999999999999787 ) ) ;
#12667 = CARTESIAN_POINT ( 'NONE',  ( 8.500000000000000000, -17.57000000000000384, 13.40000000000000036 ) ) ;
#12668 = EDGE_CURVE ( 'NONE', #308, #10030, #4918, .T. ) ;
#12669 = CARTESIAN_POINT ( 'NONE',  ( 1.395000000000000018, -23.77649999999999864, 15.74000000000000021 ) ) ;
#12670 = CARTESIAN_POINT ( 'NONE',  ( 8.818927475897094581, -15.34650000000000247, 4.500000000000000888 ) ) ;
#12671 = CARTESIAN_POINT ( 'NONE',  ( 4.714999999999999858, -13.31649999999999956, 4.650000000000000355 ) ) ;
#12672 = DIRECTION ( 'NONE',  ( -1.000000000000000000, 0.000000000000000000, -0.000000000000000000 ) ) ;
#12673 = AXIS2_PLACEMENT_3D ( 'NONE', #6702, #7681, #10931 ) ;
#12674 = ORIENTED_EDGE ( 'NONE', *, *, #11150, .T. ) ;
#12675 = FACE_OUTER_BOUND ( 'NONE', #2695, .T. ) ;
#12676 = ORIENTED_EDGE ( 'NONE', *, *, #3050, .F. ) ;
#12677 = DIRECTION ( 'NONE',  ( 0.000000000000000000, 0.000000000000000000, 1.000000000000000000 ) ) ;
#12679 = VECTOR ( 'NONE', #10841, 1000.000000000000000 ) ;
#12678 = CARTESIAN_POINT ( 'NONE',  ( 0.000000000000000000, -1.376500000000000057, 0.000000000000000000 ) ) ;
#12680 = DIRECTION ( 'NONE',  ( -0.000000000000000000, 1.000000000000000000, -0.000000000000000000 ) ) ;
#12681 = DIRECTION ( 'NONE',  ( 0.000000000000000000, 0.000000000000000000, -1.000000000000000000 ) ) ;
#12682 = DIRECTION ( 'NONE',  ( 0.000000000000000000, -0.000000000000000000, 1.000000000000000000 ) ) ;
#12683 = LINE ( 'NONE', #7465, #305 ) ;
#12684 = VERTEX_POINT ( 'NONE', #4635 ) ;
#12685 = DIRECTION ( 'NONE',  ( 0.000000000000000000, 0.000000000000000000, 1.000000000000000000 ) ) ;
#12686 = EDGE_CURVE ( 'NONE', #8138, #3687, #6936, .T. ) ;
#12687 = VECTOR ( 'NONE', #11690, 1000.000000000000000 ) ;
#12688 = EDGE_CURVE ( 'NONE', #1027, #6007, #5820, .T. ) ;
#12689 = VERTEX_POINT ( 'NONE', #9155 ) ;
#12690 = ORIENTED_EDGE ( 'NONE', *, *, #4002, .T. ) ;
#12691 = ORIENTED_EDGE ( 'NONE', *, *, #6553, .F. ) ;
#12692 = PLANE ( 'NONE',  #8727 ) ;
#12693 = ORIENTED_EDGE ( 'NONE', *, *, #11068, .T. ) ;
#12695 = VERTEX_POINT ( 'NONE', #9089 ) ;
#12694 = CARTESIAN_POINT ( 'NONE',  ( 7.000000000000000000, -17.37650000000000006, 15.50000000000000000 ) ) ;
#12696 = CARTESIAN_POINT ( 'NONE',  ( 7.000000000000000000, -23.77649999999999864, 19.46000000000000085 ) ) ;
#12697 = CARTESIAN_POINT ( 'NONE',  ( 0.000000000000000000, -22.96649999999999991, -3.509999999999999787 ) ) ;
#12698 = VERTEX_POINT ( 'NONE', #10056 ) ;
#12699 = DIRECTION ( 'NONE',  ( 0.000000000000000000, 0.000000000000000000, -1.000000000000000000 ) ) ;
#12700 = CARTESIAN_POINT ( 'NONE',  ( -8.475000000000001421, -16.36152659300000067, 3.640000000036999861 ) ) ;
#12701 = DIRECTION ( 'NONE',  ( -0.7071067811865474617, 0.000000000000000000, 0.7071067811865474617 ) ) ;
#12702 = EDGE_CURVE ( 'NONE', #3192, #10681, #13329, .T. ) ;
#12703 = VERTEX_POINT ( 'NONE', #13400 ) ;
#12704 = DIRECTION ( 'NONE',  ( 0.000000000000000000, 1.000000000000000000, 0.000000000000000000 ) ) ;
#12705 = ORIENTED_EDGE ( 'NONE', *, *, #7839, .T. ) ;
#12706 = ORIENTED_EDGE ( 'NONE', *, *, #1442, .F. ) ;
#12707 = DIRECTION ( 'NONE',  ( -0.000000000000000000, 0.000000000000000000, -1.000000000000000000 ) ) ;
#12708 = CARTESIAN_POINT ( 'NONE',  ( -3.850000000000000089, -17.37650000000000006, 3.840000000000000302 ) ) ;
#12709 = DIRECTION ( 'NONE',  ( 0.000000000000000000, 0.000000000000000000, 1.000000000000000000 ) ) ;
#12710 = ORIENTED_EDGE ( 'NONE', *, *, #12514, .F. ) ;
#12711 = VECTOR ( 'NONE', #9156, 1000.000000000000000 ) ;
#12712 = EDGE_CURVE ( 'NONE', #10659, #11535, #537, .T. ) ;
#12713 = DIRECTION ( 'NONE',  ( 0.000000000000000000, 0.000000000000000000, -1.000000000000000000 ) ) ;
#12714 = SURFACE_STYLE_USAGE ( .BOTH. , #7433 ) ;
#12715 = VERTEX_POINT ( 'NONE', #11251 ) ;
#12716 = ORIENTED_EDGE ( 'NONE', *, *, #6524, .T. ) ;
#12717 = STYLED_ITEM ( 'NONE', ( #2270 ), #6620 ) ;
#12718 = ORIENTED_EDGE ( 'NONE', *, *, #2677, .T. ) ;
#12719 = DIRECTION ( 'NONE',  ( -0.000000000000000000, -1.000000000000000000, 0.000000000000000000 ) ) ;
#12720 = ORIENTED_EDGE ( 'NONE', *, *, #7500, .F. ) ;
#12721 = CARTESIAN_POINT ( 'NONE',  ( 8.394999999999999574, -17.37650000000000006, 15.50000000000000000 ) ) ;
#12722 = LINE ( 'NONE', #9642, #7043 ) ;
#12723 = DIRECTION ( 'NONE',  ( 1.000000000000000000, 0.000000000000000000, -0.000000000000000000 ) ) ;
#12724 = DIRECTION ( 'NONE',  ( -1.000000000000000000, 0.000000000000000000, -0.000000000000000000 ) ) ;
#12725 = DIRECTION ( 'NONE',  ( 0.000000000000000000, 0.000000000000000000, 1.000000000000000000 ) ) ;
#12726 = ADVANCED_FACE ( 'NONE', ( #8132 ), #13202, .T. ) ;
#12727 = VECTOR ( 'NONE', #13426, 1000.000000000000000 ) ;
#12728 = CARTESIAN_POINT ( 'NONE',  ( -1.474999999999999867, -17.57000000000000384, -6.860000000000000320 ) ) ;
#12729 =( NAMED_UNIT ( * ) SI_UNIT ( $, .STERADIAN. ) SOLID_ANGLE_UNIT ( ) );
#12730 = ORIENTED_EDGE ( 'NONE', *, *, #12839, .F. ) ;
#12731 = CIRCLE ( 'NONE', #4952, 6.500000000000000888 ) ;
#12732 = AXIS2_PLACEMENT_3D ( 'NONE', #1080, #10741, #11668 ) ;
#12733 = AXIS2_PLACEMENT_3D ( 'NONE', #13327, #2776, #3802 ) ;
#12734 = EDGE_CURVE ( 'NONE', #8713, #12373, #11422, .T. ) ;
#12735 = CARTESIAN_POINT ( 'NONE',  ( -4.584999999999999964, -22.96649999999999991, 0.000000000000000000 ) ) ;
#12736 = EDGE_LOOP ( 'NONE', ( #12802, #4356, #5123, #318, #11557, #6411, #741, #12082, #11142, #4409 ) ) ;
#12737 = CARTESIAN_POINT ( 'NONE',  ( 0.005000000000000000104, -24.26650000000000063, 54.32361600000000834 ) ) ;
#12738 = LINE ( 'NONE', #6270, #7413 ) ;
#12739 = CARTESIAN_POINT ( 'NONE',  ( -1.395000000000000018, -22.58650000000000091, -4.320000000000000284 ) ) ;
#12740 = VECTOR ( 'NONE', #10214, 1000.000000000000000 ) ;
#12741 = VECTOR ( 'NONE', #7594, 1000.000000000000000 ) ;
#12742 = LINE ( 'NONE', #10642, #8202 ) ;
#12743 = ADVANCED_FACE ( 'NONE', ( #1454 ), #5689, .F. ) ;
#12744 = VECTOR ( 'NONE', #2388, 1000.000000000000000 ) ;
#12745 = LINE ( 'NONE', #5292, #307 ) ;
#12746 = CARTESIAN_POINT ( 'NONE',  ( -1.780000000000000027, -2.673278531665000290, -4.320000000000000284 ) ) ;
#12747 = DIRECTION ( 'NONE',  ( 0.000000000000000000, -0.000000000000000000, -1.000000000000000000 ) ) ;
#12748 = ADVANCED_FACE ( 'NONE', ( #13264 ), #12230, .T. ) ;
#12749 = ORIENTED_EDGE ( 'NONE', *, *, #6009, .T. ) ;
#12750 = DIRECTION ( 'NONE',  ( 1.000000000000000000, 0.000000000000000000, 0.000000000000000000 ) ) ;
#12751 = CIRCLE ( 'NONE', #2986, 1.300000000000000266 ) ;
#12752 = VECTOR ( 'NONE', #11111, 1000.000000000000000 ) ;
#12753 = AXIS2_PLACEMENT_3D ( 'NONE', #272, #12933, #9717 ) ;
#12754 = AXIS2_PLACEMENT_3D ( 'NONE', #10369, #7187, #8483 ) ;
#12755 = VECTOR ( 'NONE', #3033, 1000.000000000000000 ) ;
#12756 = ORIENTED_EDGE ( 'NONE', *, *, #9416, .T. ) ;
#12757 = DIRECTION ( 'NONE',  ( -0.000000000000000000, -1.000000000000000000, -0.000000000000000000 ) ) ;
#12758 = VECTOR ( 'NONE', #5434, 1000.000000000000000 ) ;
#12759 = ORIENTED_EDGE ( 'NONE', *, *, #445, .F. ) ;
#12760 = VERTEX_POINT ( 'NONE', #8870 ) ;
#12761 = LINE ( 'NONE', #6484, #4292 ) ;
#12762 = VERTEX_POINT ( 'NONE', #5752 ) ;
#12763 = ORIENTED_EDGE ( 'NONE', *, *, #616, .F. ) ;
#12764 = VECTOR ( 'NONE', #6845, 1000.000000000000000 ) ;
#12765 = DIRECTION ( 'NONE',  ( -0.000000000000000000, 1.000000000000000000, 0.000000000000000000 ) ) ;
#12766 = DIRECTION ( 'NONE',  ( 0.000000000000000000, 0.000000000000000000, -1.000000000000000000 ) ) ;
#12767 = EDGE_LOOP ( 'NONE', ( #13471, #11503, #7528, #2503, #7560, #6119, #6011, #5546, #1479, #3048, #13521, #12090, #654, #12642, #7756, #11334, #920, #9695, #8504, #2193, #4494, #132, #12847, #2403, #5397, #13654, #1292, #4417 ) ) ;
#12768 = DIRECTION ( 'NONE',  ( -0.000000000000000000, -1.000000000000000000, -0.000000000000000000 ) ) ;
#12769 = VECTOR ( 'NONE', #2841, 1000.000000000000000 ) ;
#12770 = CARTESIAN_POINT ( 'NONE',  ( 9.285000000000000142, -17.94999999999999929, 0.000000000000000000 ) ) ;
#12771 = ADVANCED_FACE ( 'NONE', ( #464 ), #606, .F. ) ;
#12772 = PRESENTATION_LAYER_ASSIGNMENT (  '', '', ( #2328 ) ) ;
#12773 = DIRECTION ( 'NONE',  ( 0.000000000000000000, 0.000000000000000000, 1.000000000000000000 ) ) ;
#12774 = VECTOR ( 'NONE', #13283, 1000.000000000000000 ) ;
#12775 = ORIENTED_EDGE ( 'NONE', *, *, #7704, .T. ) ;
#12776 = AXIS2_PLACEMENT_3D ( 'NONE', #12381, #9094, #6941 ) ;
#12777 = ORIENTED_EDGE ( 'NONE', *, *, #9611, .F. ) ;
#12778 = PRESENTATION_LAYER_ASSIGNMENT (  '', '', ( #7666 ) ) ;
#12779 = ORIENTED_EDGE ( 'NONE', *, *, #12499, .F. ) ;
#12780 = EDGE_CURVE ( 'NONE', #7403, #5065, #4711, .T. ) ;
#12781 = CARTESIAN_POINT ( 'NONE',  ( 13.50000000000000000, -15.40000000000000036, 15.80886698680999913 ) ) ;
#12782 = LINE ( 'NONE', #7618, #6496 ) ;
#12783 = PLANE ( 'NONE',  #1880 ) ;
#12784 = VERTEX_POINT ( 'NONE', #2063 ) ;
#12785 = DIRECTION ( 'NONE',  ( -0.1004120643276970176, -0.9949459368917741298, 0.000000000000000000 ) ) ;
#12786 = DIRECTION ( 'NONE',  ( -0.000000000000000000, -1.000000000000000000, -0.000000000000000000 ) ) ;
#12788 = ORIENTED_EDGE ( 'NONE', *, *, #5767, .F. ) ;
#12787 = EDGE_CURVE ( 'NONE', #3400, #11122, #11596, .T. ) ;
#12789 = ORIENTED_EDGE ( 'NONE', *, *, #10067, .T. ) ;
#12790 = VECTOR ( 'NONE', #4796, 1000.000000000000000 ) ;
#12791 = EDGE_LOOP ( 'NONE', ( #4549, #4668, #1571, #11796, #8354, #2538, #11913, #5044, #10739, #1809, #5947, #3137, #6238, #1545, #60, #11859 ) ) ;
#12792 = CARTESIAN_POINT ( 'NONE',  ( 9.414999999999999147, -22.96649999999999991, 4.649999999999999467 ) ) ;
#12793 = ORIENTED_EDGE ( 'NONE', *, *, #11855, .F. ) ;
#12794 = LINE ( 'NONE', #3196, #3843 ) ;
#12795 = DIRECTION ( 'NONE',  ( 0.000000000000000000, 0.000000000000000000, -1.000000000000000000 ) ) ;
#12796 = CARTESIAN_POINT ( 'NONE',  ( -9.414999999999999147, -20.17650000000000077, 7.519999999999999574 ) ) ;
#12797 = CARTESIAN_POINT ( 'NONE',  ( -4.714999999999999858, -17.37650000000000006, 7.190000000000000391 ) ) ;
#12798 = DIRECTION ( 'NONE',  ( 0.000000000000000000, -0.000000000000000000, -1.000000000000000000 ) ) ;
#12799 = SURFACE_STYLE_FILL_AREA ( #5549 ) ;
#12800 = LINE ( 'NONE', #9446, #3132 ) ;
#12801 = CARTESIAN_POINT ( 'NONE',  ( 3.850000000000000089, -21.18649999999999878, 3.840000000000000302 ) ) ;
#12802 = ORIENTED_EDGE ( 'NONE', *, *, #11381, .T. ) ;
#12803 = VECTOR ( 'NONE', #9291, 1000.000000000000000 ) ;
#12804 = EDGE_CURVE ( 'NONE', #5073, #2065, #9424, .T. ) ;
#12805 = DIRECTION ( 'NONE',  ( -0.000000000000000000, -0.000000000000000000, -1.000000000000000000 ) ) ;
#12806 = ORIENTED_EDGE ( 'NONE', *, *, #2956, .T. ) ;
#12807 = ORIENTED_EDGE ( 'NONE', *, *, #173, .F. ) ;
#12808 = DIRECTION ( 'NONE',  ( 0.000000000000000000, 1.000000000000000000, 0.000000000000000000 ) ) ;
#12809 = DIRECTION ( 'NONE',  ( 0.000000000000000000, 0.000000000000000000, -1.000000000000000000 ) ) ;
#12811 = CIRCLE ( 'NONE', #819, 0.9899999999999999911 ) ;
#12810 = CARTESIAN_POINT ( 'NONE',  ( 15.94999999999999929, -17.94999999999999929, 13.39999999999999858 ) ) ;
#12812 = CARTESIAN_POINT ( 'NONE',  ( 20.00000000000000000, 0.000000000000000000, 1.750000000000000000 ) ) ;
#12813 = CARTESIAN_POINT ( 'NONE',  ( -2.415000000000000036, -20.17650000000000077, -7.519999999999999574 ) ) ;
#12814 = CARTESIAN_POINT ( 'NONE',  ( 1.780000000000000027, -2.673278531665000290, 0.4299999999999998268 ) ) ;
#12815 = VERTEX_POINT ( 'NONE', #9349 ) ;
#12816 = EDGE_CURVE ( 'NONE', #10744, #9043, #8256, .T. ) ;
#12817 = CARTESIAN_POINT ( 'NONE',  ( 10.93500000000000050, -20.17650000000000077, 4.500000000000000888 ) ) ;
#12818 = AXIS2_PLACEMENT_3D ( 'NONE', #13058, #1453, #11110 ) ;
#12819 = EDGE_CURVE ( 'NONE', #9637, #8029, #11464, .T. ) ;
#12820 = ORIENTED_EDGE ( 'NONE', *, *, #362, .F. ) ;
#12821 = PLANE ( 'NONE',  #10715 ) ;
#12822 = ORIENTED_EDGE ( 'NONE', *, *, #6020, .F. ) ;
#12823 = EDGE_CURVE ( 'NONE', #5198, #1461, #1867, .T. ) ;
#12824 = ORIENTED_EDGE ( 'NONE', *, *, #12688, .F. ) ;
#12826 = ORIENTED_EDGE ( 'NONE', *, *, #11312, .T. ) ;
#12825 = DIRECTION ( 'NONE',  ( 0.000000000000000000, -0.000000000000000000, 1.000000000000000000 ) ) ;
#12827 = CARTESIAN_POINT ( 'NONE',  ( -3.365000000000000213, -21.56650000000000134, -4.650000000000000355 ) ) ;
#12828 = FILL_AREA_STYLE_COLOUR ( '', #10555 ) ;
#12829 = CARTESIAN_POINT ( 'NONE',  ( 3.064999999999999947, -17.94999999999999929, 7.519999999999999574 ) ) ;
#12830 = EDGE_CURVE ( 'NONE', #13259, #1675, #8391, .T. ) ;
#12831 = CARTESIAN_POINT ( 'NONE',  ( 6.522485578728000277, -17.94999999999999929, -8.150000000000000355 ) ) ;
#12832 =( LENGTH_UNIT ( ) NAMED_UNIT ( * ) SI_UNIT ( .MILLI., .METRE. ) );
#12833 = LINE ( 'NONE', #4613, #4967 ) ;
#12834 = DIRECTION ( 'NONE',  ( -0.000000000000000000, 1.000000000000000000, 0.000000000000000000 ) ) ;
#12835 = ORIENTED_EDGE ( 'NONE', *, *, #5124, .T. ) ;
#12836 = VERTEX_POINT ( 'NONE', #749 ) ;
#12837 = CARTESIAN_POINT ( 'NONE',  ( 0.000000000000000000, 0.000000000000000000, 14.30000000000000071 ) ) ;
#12838 = ORIENTED_EDGE ( 'NONE', *, *, #2317, .F. ) ;
#12839 = EDGE_CURVE ( 'NONE', #9215, #13287, #11526, .T. ) ;
#12840 = ORIENTED_EDGE ( 'NONE', *, *, #1900, .T. ) ;
#12841 = FACE_OUTER_BOUND ( 'NONE', #7955, .T. ) ;
#12842 = CARTESIAN_POINT ( 'NONE',  ( -4.584999999999999964, -2.337200000000000166, -0.5000000000000000000 ) ) ;
#12843 = DIRECTION ( 'NONE',  ( 0.7071067811865474617, 0.000000000000000000, -0.7071067811865474617 ) ) ;
#12844 = ORIENTED_EDGE ( 'NONE', *, *, #11094, .T. ) ;
#12845 = DIRECTION ( 'NONE',  ( 0.000000000000000000, 1.000000000000000000, 0.000000000000000000 ) ) ;
#12846 =( NAMED_UNIT ( * ) PLANE_ANGLE_UNIT ( ) SI_UNIT ( $, .RADIAN. ) );
#12847 = ORIENTED_EDGE ( 'NONE', *, *, #10209, .T. ) ;
#12848 = EDGE_LOOP ( 'NONE', ( #7383, #3582, #11019, #766 ) ) ;
#12849 = EDGE_CURVE ( 'NONE', #13721, #1266, #12644, .T. ) ;
#12850 = EDGE_CURVE ( 'NONE', #1971, #9540, #12582, .T. ) ;
#12851 = EDGE_LOOP ( 'NONE', ( #10939, #10251, #10635, #6921 ) ) ;
#12852 = CARTESIAN_POINT ( 'NONE',  ( 14.85999999999999943, 3.200000000000000178, 4.960000000000000853 ) ) ;
#12853 = EDGE_CURVE ( 'NONE', #8660, #9215, #3114, .T. ) ;
#12854 = VERTEX_POINT ( 'NONE', #10260 ) ;
#12855 = DIRECTION ( 'NONE',  ( 0.000000000000000000, 0.000000000000000000, 1.000000000000000000 ) ) ;
#12856 = DIRECTION ( 'NONE',  ( 0.000000000000000000, -0.000000000000000000, 1.000000000000000000 ) ) ;
#12857 = CARTESIAN_POINT ( 'NONE',  ( 5.525000000000050093, -13.31650000000000844, 4.650000000000000355 ) ) ;
#12858 = LINE ( 'NONE', #3386, #4699 ) ;
#12859 = VECTOR ( 'NONE', #3285, 1000.000000000000000 ) ;
#12860 = ORIENTED_EDGE ( 'NONE', *, *, #6098, .F. ) ;
#12861 = SURFACE_SIDE_STYLE ('',( #5411 ) ) ;
#12862 = VECTOR ( 'NONE', #605, 1000.000000000000000 ) ;
#12863 = LINE ( 'NONE', #7570, #10540 ) ;
#12864 = ORIENTED_EDGE ( 'NONE', *, *, #10984, .F. ) ;
#12865 = PLANE ( 'NONE',  #1352 ) ;
#12866 =( LENGTH_UNIT ( ) NAMED_UNIT ( * ) SI_UNIT ( .MILLI., .METRE. ) );
#12867 = ORIENTED_EDGE ( 'NONE', *, *, #12536, .F. ) ;
#12868 = EDGE_CURVE ( 'NONE', #2553, #8154, #2734, .T. ) ;
#12869 = COLOUR_RGB ( '',1.000000000000000000, 1.000000000000000000, 1.000000000000000000 ) ;
#12870 = CARTESIAN_POINT ( 'NONE',  ( -4.584999999999999964, -20.17650000000000077, 7.519999999999999574 ) ) ;
#12871 = VERTEX_POINT ( 'NONE', #1795 ) ;
#12872 = ORIENTED_EDGE ( 'NONE', *, *, #4577, .F. ) ;
#12873 = LINE ( 'NONE', #3338, #304 ) ;
#12874 = DIRECTION ( 'NONE',  ( 0.000000000000000000, 0.000000000000000000, 1.000000000000000000 ) ) ;
#12875 = CARTESIAN_POINT ( 'NONE',  ( 3.850000000000000089, -17.37650000000000006, 3.840000000000000302 ) ) ;
#12876 = CARTESIAN_POINT ( 'NONE',  ( 4.584999999999999964, -2.337200000000000166, -0.5000000000000001110 ) ) ;
#12877 = VECTOR ( 'NONE', #4982, 1000.000000000000000 ) ;
#12878 = CARTESIAN_POINT ( 'NONE',  ( -10.55132034355982285, 3.589199999999999946, -3.138679656440320542 ) ) ;
#12879 = LINE ( 'NONE', #9726, #10073 ) ;
#12880 = ORIENTED_EDGE ( 'NONE', *, *, #2389, .F. ) ;
#12881 = LINE ( 'NONE', #4526, #4188 ) ;
#12882 = VECTOR ( 'NONE', #10580, 1000.000000000000000 ) ;
#12883 = ORIENTED_EDGE ( 'NONE', *, *, #4272, .T. ) ;
#12884 = DIRECTION ( 'NONE',  ( 0.000000000000000000, 0.000000000000000000, 1.000000000000000000 ) ) ;
#12885 = CARTESIAN_POINT ( 'NONE',  ( 5.730000000000001315, -15.34650000000000070, 4.500000000000000888 ) ) ;
#12886 = DIRECTION ( 'NONE',  ( -0.000000000000000000, 0.000000000000000000, 1.000000000000000000 ) ) ;
#12887 = ORIENTED_EDGE ( 'NONE', *, *, #3997, .T. ) ;
#12888 = EDGE_LOOP ( 'NONE', ( #10059, #234, #389, #7956, #8033, #11866 ) ) ;
#12889 = DIRECTION ( 'NONE',  ( 0.000000000000000000, -1.000000000000000000, -0.000000000000000000 ) ) ;
#12890 = CARTESIAN_POINT ( 'NONE',  ( -5.700000000000000178, -3.556500000000000217, 4.500000000000000888 ) ) ;
#12891 = DIRECTION ( 'NONE',  ( -0.000000000000000000, 1.000000000000000000, 0.000000000000000000 ) ) ;
#12892 = LINE ( 'NONE', #3356, #11421 ) ;
#12893 = DIRECTION ( 'NONE',  ( -0.000000000000000000, -0.000000000000000000, 1.000000000000000000 ) ) ;
#12894 = SURFACE_STYLE_FILL_AREA ( #8707 ) ;
#12895 = AXIS2_PLACEMENT_3D ( 'NONE', #12671, #2157, #10627 ) ;
#12896 = EDGE_CURVE ( 'NONE', #4365, #6978, #7293, .T. ) ;
#12897 = DIRECTION ( 'NONE',  ( -0.000000000000000000, -1.000000000000000000, 0.000000000000000000 ) ) ;
#12898 = ADVANCED_FACE ( 'NONE', ( #9292 ), #7359, .T. ) ;
#12899 = ORIENTED_EDGE ( 'NONE', *, *, #3208, .T. ) ;
#12900 = ORIENTED_EDGE ( 'NONE', *, *, #9450, .F. ) ;
#12901 = CARTESIAN_POINT ( 'NONE',  ( -14.85999999999999943, 3.200000000000000178, 0.000000000000000000 ) ) ;
#12902 = ORIENTED_EDGE ( 'NONE', *, *, #8318, .F. ) ;
#12903 = ORIENTED_EDGE ( 'NONE', *, *, #11290, .F. ) ;
#12904 = FACE_OUTER_BOUND ( 'NONE', #5956, .T. ) ;
#12905 = FACE_OUTER_BOUND ( 'NONE', #674, .T. ) ;
#12906 = LINE ( 'NONE', #242, #3205 ) ;
#12907 = ORIENTED_EDGE ( 'NONE', *, *, #9240, .T. ) ;
#12908 = CARTESIAN_POINT ( 'NONE',  ( -3.149999999999999911, -22.58650000000000091, -4.320000000000000284 ) ) ;
#12909 = ADVANCED_FACE ( 'NONE', ( #1998 ), #9233, .T. ) ;
#12910 = VERTEX_POINT ( 'NONE', #1022 ) ;
#12911 = ORIENTED_EDGE ( 'NONE', *, *, #11377, .T. ) ;
#12912 = EDGE_CURVE ( 'NONE', #9096, #3165, #5267, .T. ) ;
#12913 = AXIS2_PLACEMENT_3D ( 'NONE', #10655, #9673, #1129 ) ;
#12914 = ORIENTED_EDGE ( 'NONE', *, *, #6890, .F. ) ;
#12915 = CARTESIAN_POINT ( 'NONE',  ( 1.779999999999985372, -2.673278531664992297, 0.4299999999999998268 ) ) ;
#12916 = VECTOR ( 'NONE', #2927, 1000.000000000000000 ) ;
#12917 = ORIENTED_EDGE ( 'NONE', *, *, #10878, .F. ) ;
#12918 = CARTESIAN_POINT ( 'NONE',  ( -2.415000000000000036, -21.18649999999999878, -4.320000000000000284 ) ) ;
#12919 = DIRECTION ( 'NONE',  ( 0.000000000000000000, 1.000000000000000000, 0.000000000000000000 ) ) ;
#12920 = ORIENTED_EDGE ( 'NONE', *, *, #2275, .T. ) ;
#12921 = CARTESIAN_POINT ( 'NONE',  ( 3.149999999999999911, -21.56650000000000134, -4.320000000000000284 ) ) ;
#12922 = CARTESIAN_POINT ( 'NONE',  ( -15.94999999999999929, -17.94999999999999929, 13.40000000000000036 ) ) ;
#12923 = ADVANCED_FACE ( 'NONE', ( #10470 ), #946, .F. ) ;
#12924 = DIRECTION ( 'NONE',  ( 0.000000000000000000, 0.000000000000000000, -1.000000000000000000 ) ) ;
#12925 = VERTEX_POINT ( 'NONE', #8192 ) ;
#12926 = DIRECTION ( 'NONE',  ( 0.000000000000000000, 1.000000000000000000, 0.000000000000000000 ) ) ;
#12927 = CARTESIAN_POINT ( 'NONE',  ( -5.525000000000000355, -19.40650000000000119, 4.650000000000000355 ) ) ;
#12928 = VECTOR ( 'NONE', #646, 1000.000000000000000 ) ;
#12929 = EDGE_CURVE ( 'NONE', #8918, #8523, #12440, .T. ) ;
#12930 = ORIENTED_EDGE ( 'NONE', *, *, #12850, .F. ) ;
#12931 = AXIS2_PLACEMENT_3D ( 'NONE', #8198, #6247, #3889 ) ;
#12932 = EDGE_CURVE ( 'NONE', #1266, #13123, #4475, .T. ) ;
#12933 = DIRECTION ( 'NONE',  ( -0.000000000000000000, 1.000000000000000000, 0.000000000000000000 ) ) ;
#12934 = VERTEX_POINT ( 'NONE', #314 ) ;
#12935 = VERTEX_POINT ( 'NONE', #6436 ) ;
#12936 = DIRECTION ( 'NONE',  ( 0.000000000000000000, 1.000000000000000000, -0.000000000000000000 ) ) ;
#12937 = DIRECTION ( 'NONE',  ( 0.000000000000000000, 0.000000000000000000, -1.000000000000000000 ) ) ;
#12938 = FACE_OUTER_BOUND ( 'NONE', #382, .T. ) ;
#12939 = AXIS2_PLACEMENT_3D ( 'NONE', #7519, #851, #11560 ) ;
#12940 = ADVANCED_FACE ( 'NONE', ( #2196 ), #5390, .T. ) ;
#12941 = EDGE_CURVE ( 'NONE', #11194, #11924, #1359, .T. ) ;
#12942 = CARTESIAN_POINT ( 'NONE',  ( -9.414999999999999147, -21.56650000000000134, 3.840000000000000302 ) ) ;
#12943 = CARTESIAN_POINT ( 'NONE',  ( -8.068310202797002617, -2.286500000000000199, -0.1000000000000002554 ) ) ;
#12944 = CIRCLE ( 'NONE', #9818, 1.300000000000000266 ) ;
#12945 = DIRECTION ( 'NONE',  ( 0.000000000000000000, 0.000000000000000000, 1.000000000000000000 ) ) ;
#12946 = DIRECTION ( 'NONE',  ( -0.000000000000000000, -0.000000000000000000, -1.000000000000000000 ) ) ;
#12947 = ORIENTED_EDGE ( 'NONE', *, *, #377, .T. ) ;
#12948 = AXIS2_PLACEMENT_3D ( 'NONE', #6870, #12228, #1793 ) ;
#12949 = ADVANCED_FACE ( 'NONE', ( #10877 ), #7427, .F. ) ;
#12950 = LINE ( 'NONE', #12817, #1752 ) ;
#12951 = ORIENTED_EDGE ( 'NONE', *, *, #13514, .F. ) ;
#12952 = LINE ( 'NONE', #3288, #6077 ) ;
#12953 = VECTOR ( 'NONE', #12757, 1000.000000000000000 ) ;
#12954 = EDGE_CURVE ( 'NONE', #1222, #1088, #12782, .T. ) ;
#12955 = ORIENTED_EDGE ( 'NONE', *, *, #6067, .F. ) ;
#12956 = CARTESIAN_POINT ( 'NONE',  ( -8.068310202796954655, -2.286500000000087240, 4.500000000000000888 ) ) ;
#12957 = VECTOR ( 'NONE', #8342, 1000.000000000000000 ) ;
#12959 = ORIENTED_EDGE ( 'NONE', *, *, #689, .F. ) ;
#12958 = DIRECTION ( 'NONE',  ( 0.000000000000000000, -0.000000000000000000, -1.000000000000000000 ) ) ;
#12960 = LINE ( 'NONE', #1275, #7696 ) ;
#12961 =( LENGTH_UNIT ( ) NAMED_UNIT ( * ) SI_UNIT ( .MILLI., .METRE. ) );
#12962 = DIRECTION ( 'NONE',  ( -1.000000000000000000, -0.000000000000000000, 0.000000000000000000 ) ) ;
#12963 = EDGE_CURVE ( 'NONE', #11504, #2288, #105, .T. ) ;
#12964 = DIRECTION ( 'NONE',  ( -1.000000000000000000, 0.000000000000000000, 0.000000000000000000 ) ) ;
#12965 = VECTOR ( 'NONE', #9973, 1000.000000000000000 ) ;
#12966 = FACE_OUTER_BOUND ( 'NONE', #9699, .T. ) ;
#12967 = VECTOR ( 'NONE', #4588, 1000.000000000000000 ) ;
#12968 = VECTOR ( 'NONE', #3680, 1000.000000000000000 ) ;
#12969 = FACE_BOUND ( 'NONE', #5482, .T. ) ;
#12970 = CIRCLE ( 'NONE', #6517, 6.000000000000000000 ) ;
#12971 = VECTOR ( 'NONE', #12946, 1000.000000000000000 ) ;
#12972 = MECHANICAL_DESIGN_GEOMETRIC_PRESENTATION_REPRESENTATION (  '', ( #1666 ), #8533 ) ;
#12973 = ORIENTED_EDGE ( 'NONE', *, *, #2670, .T. ) ;
#12974 = ORIENTED_EDGE ( 'NONE', *, *, #8593, .F. ) ;
#12975 = DIRECTION ( 'NONE',  ( -1.000000000000000000, -0.000000000000000000, -0.000000000000000000 ) ) ;
#12976 = EDGE_LOOP ( 'NONE', ( #9473, #10970, #2752, #13590 ) ) ;
#12977 = VECTOR ( 'NONE', #11107, 1000.000000000000000 ) ;
#12978 = ORIENTED_EDGE ( 'NONE', *, *, #11202, .T. ) ;
#12979 = LINE ( 'NONE', #11729, #1251 ) ;
#12980 = CARTESIAN_POINT ( 'NONE',  ( 7.509999999999999787, -3.313815743959999782, -0.1000000000000020040 ) ) ;
#12981 = VECTOR ( 'NONE', #6089, 1000.000000000000000 ) ;
#12982 = DIRECTION ( 'NONE',  ( 0.000000000000000000, 0.000000000000000000, 1.000000000000000000 ) ) ;
#12983 = ORIENTED_EDGE ( 'NONE', *, *, #1873, .F. ) ;
#12984 = DIRECTION ( 'NONE',  ( 0.000000000000000000, 1.000000000000000000, 0.000000000000000000 ) ) ;
#12985 = DIRECTION ( 'NONE',  ( 0.000000000000000000, 0.000000000000000000, -1.000000000000000000 ) ) ;
#12986 = EDGE_CURVE ( 'NONE', #6939, #2008, #8497, .T. ) ;
#12987 = VERTEX_POINT ( 'NONE', #8719 ) ;
#12988 = VECTOR ( 'NONE', #2422, 1000.000000000000000 ) ;
#12989 = ORIENTED_EDGE ( 'NONE', *, *, #8620, .F. ) ;
#12990 = EDGE_CURVE ( 'NONE', #11664, #2132, #31, .T. ) ;
#12991 = AXIS2_PLACEMENT_3D ( 'NONE', #6600, #11882, #1314 ) ;
#12992 = ORIENTED_EDGE ( 'NONE', *, *, #13025, .T. ) ;
#12993 = EDGE_CURVE ( 'NONE', #11979, #10171, #6377, .T. ) ;
#12994 = CARTESIAN_POINT ( 'NONE',  ( -9.414999999999999147, -21.18649999999999878, 3.840000000000000302 ) ) ;
#12995 = VERTEX_POINT ( 'NONE', #4278 ) ;
#12996 = AXIS2_PLACEMENT_3D ( 'NONE', #1891, #11548, #6130 ) ;
#12997 = CARTESIAN_POINT ( 'NONE',  ( -22.15638586528000076, 0.000000000000000000, -4.400000000000000355 ) ) ;
#12998 = EDGE_CURVE ( 'NONE', #11907, #3458, #5462, .T. ) ;
#12999 = LINE ( 'NONE', #7702, #12028 ) ;
#13000 = ORIENTED_EDGE ( 'NONE', *, *, #4372, .F. ) ;
#13001 = ORIENTED_EDGE ( 'NONE', *, *, #6397, .F. ) ;
#13002 =( NAMED_UNIT ( * ) SI_UNIT ( $, .STERADIAN. ) SOLID_ANGLE_UNIT ( ) );
#13003 = LINE ( 'NONE', #3527, #3001 ) ;
#13004 = VECTOR ( 'NONE', #10745, 1000.000000000000000 ) ;
#13005 = EDGE_CURVE ( 'NONE', #9241, #2827, #6646, .T. ) ;
#13006 = CARTESIAN_POINT ( 'NONE',  ( 9.285000000000000142, -13.31649999999999956, 4.650000000000000355 ) ) ;
#13007 = ORIENTED_EDGE ( 'NONE', *, *, #3982, .T. ) ;
#13008 = MECHANICAL_DESIGN_GEOMETRIC_PRESENTATION_REPRESENTATION (  '', ( #7242 ), #5008 ) ;
#13009 = DIRECTION ( 'NONE',  ( 1.000000000000000000, 0.000000000000000000, -0.000000000000000000 ) ) ;
#13010 = ORIENTED_EDGE ( 'NONE', *, *, #993, .F. ) ;
#13011 = DIRECTION ( 'NONE',  ( 0.000000000000000000, -0.000000000000000000, -1.000000000000000000 ) ) ;
#13012 = ORIENTED_EDGE ( 'NONE', *, *, #8409, .T. ) ;
#13013 = ORIENTED_EDGE ( 'NONE', *, *, #7740, .T. ) ;
#13014 = LINE ( 'NONE', #4315, #12659 ) ;
#13015 = CARTESIAN_POINT ( 'NONE',  ( 5.679199999999999804, -2.337200000000000166, 4.500000000000000888 ) ) ;
#13016 = LINE ( 'NONE', #6611, #2501 ) ;
#13017 = ADVANCED_FACE ( 'NONE', ( #5525 ), #5593, .T. ) ;
#13018 = CARTESIAN_POINT ( 'NONE',  ( -7.509999999999999787, -3.313815743959999782, 4.650000000000000355 ) ) ;
#13019 = VERTEX_POINT ( 'NONE', #3180 ) ;
#13020 = CARTESIAN_POINT ( 'NONE',  ( -6.522485578728000277, -17.94999999999999929, -8.150000000000000355 ) ) ;
#13021 = DIRECTION ( 'NONE',  ( 0.000000000000000000, -0.000000000000000000, 1.000000000000000000 ) ) ;
#13022 = CARTESIAN_POINT ( 'NONE',  ( -1.294999999999999929, -17.37650000000000006, -4.320000000000000284 ) ) ;
#13023 = ORIENTED_EDGE ( 'NONE', *, *, #7160, .F. ) ;
#13024 = DIRECTION ( 'NONE',  ( -8.673617379884051249E-15, 0.000000000000000000, 1.000000000000000000 ) ) ;
#13025 = EDGE_CURVE ( 'NONE', #8863, #3305, #241, .T. ) ;
#13026 = VERTEX_POINT ( 'NONE', #2136 ) ;
#13027 = VECTOR ( 'NONE', #5062, 1000.000000000000000 ) ;
#13028 = DIRECTION ( 'NONE',  ( -0.000000000000000000, -1.000000000000000000, -0.000000000000000000 ) ) ;
#13029 = EDGE_CURVE ( 'NONE', #9289, #13031, #5832, .T. ) ;
#13030 = EDGE_CURVE ( 'NONE', #8049, #10956, #12944, .T. ) ;
#13031 = VERTEX_POINT ( 'NONE', #9693 ) ;
#13032 = CARTESIAN_POINT ( 'NONE',  ( 2.284999999999999698, -15.34650000000000070, -3.330000000000000071 ) ) ;
#13033 = ADVANCED_FACE ( 'NONE', ( #12905 ), #3443, .T. ) ;
#13035 = ORIENTED_EDGE ( 'NONE', *, *, #8649, .F. ) ;
#13034 = DIRECTION ( 'NONE',  ( -1.000000000000000000, 0.000000000000000000, 0.000000000000000000 ) ) ;
#13036 = DIRECTION ( 'NONE',  ( 0.000000000000000000, 1.000000000000000000, -0.000000000000000000 ) ) ;
#13037 = LINE ( 'NONE', #2522, #2111 ) ;
#13038 = CARTESIAN_POINT ( 'NONE',  ( 2.285000000000000142, -15.34650000000000070, 0.4299999999999998823 ) ) ;
#13039 =( NAMED_UNIT ( * ) PLANE_ANGLE_UNIT ( ) SI_UNIT ( $, .RADIAN. ) );
#13040 = CARTESIAN_POINT ( 'NONE',  ( 8.269999999999999574, -19.40650000000000119, 4.650000000000000355 ) ) ;
#13041 = LINE ( 'NONE', #5582, #4520 ) ;
#13042 = VERTEX_POINT ( 'NONE', #6919 ) ;
#13043 = VERTEX_POINT ( 'NONE', #10178 ) ;
#13044 = VERTEX_POINT ( 'NONE', #3648 ) ;
#13045 = ORIENTED_EDGE ( 'NONE', *, *, #12990, .F. ) ;
#13046 = CARTESIAN_POINT ( 'NONE',  ( -10.55132034356014437, 3.589199999999999946, -3.138679656440140686 ) ) ;
#13047 = CARTESIAN_POINT ( 'NONE',  ( 5.700000000000000178, -3.556500000000000217, 4.650000000000000355 ) ) ;
#13048 = DIRECTION ( 'NONE',  ( 0.8786293792632253741, -0.4775043600801140986, 0.000000000000000000 ) ) ;
#13049 = ORIENTED_EDGE ( 'NONE', *, *, #5732, .F. ) ;
#13050 = CARTESIAN_POINT ( 'NONE',  ( -8.779999999999999361, -2.673278531664999846, -0.1000000000000000056 ) ) ;
#13051 = LINE ( 'NONE', #6717, #5230 ) ;
#13052 = ORIENTED_EDGE ( 'NONE', *, *, #5027, .F. ) ;
#13053 = ORIENTED_EDGE ( 'NONE', *, *, #7393, .T. ) ;
#13054 = ORIENTED_EDGE ( 'NONE', *, *, #4502, .T. ) ;
#13055 = DIRECTION ( 'NONE',  ( -0.1004120643276970176, 0.9949459368917741298, 0.000000000000000000 ) ) ;
#13056 = ORIENTED_EDGE ( 'NONE', *, *, #8681, .F. ) ;
#13057 = LINE ( 'NONE', #1239, #285 ) ;
#13058 = CARTESIAN_POINT ( 'NONE',  ( 5.605000000000000426, -22.66649999999999920, 4.950000000000000178 ) ) ;
#13059 = CARTESIAN_POINT ( 'NONE',  ( -7.000000000000000000, -17.57000000000000384, 7.190000000000000391 ) ) ;
#13060 = CARTESIAN_POINT ( 'NONE',  ( -5.500000000000000888, -17.94999999999999929, 7.189999999999999503 ) ) ;
#13061 = VERTEX_POINT ( 'NONE', #5806 ) ;
#13062 = EDGE_CURVE ( 'NONE', #2657, #8170, #11024, .T. ) ;
#13063 = ORIENTED_EDGE ( 'NONE', *, *, #2432, .F. ) ;
#13064 =( LENGTH_UNIT ( ) NAMED_UNIT ( * ) SI_UNIT ( .MILLI., .METRE. ) );
#13065 = DIRECTION ( 'NONE',  ( -1.000000000000000000, 0.000000000000000000, 0.000000000000000000 ) ) ;
#13066 = LINE ( 'NONE', #12170, #322 ) ;
#13067 = ORIENTED_EDGE ( 'NONE', *, *, #13357, .F. ) ;
#13068 = CARTESIAN_POINT ( 'NONE',  ( -20.30000000000000071, 0.000000000000000000, -4.400000000000000355 ) ) ;
#13069 = ADVANCED_FACE ( 'NONE', ( #12278 ), #8855, .F. ) ;
#13070 = ORIENTED_EDGE ( 'NONE', *, *, #2322, .T. ) ;
#13071 = VECTOR ( 'NONE', #3551, 1000.000000000000000 ) ;
#13072 = EDGE_CURVE ( 'NONE', #3646, #8834, #5877, .T. ) ;
#13073 = CARTESIAN_POINT ( 'NONE',  ( -5.525000000000000355, -17.57000000000000384, 13.40000000000000036 ) ) ;
#13074 = ORIENTED_EDGE ( 'NONE', *, *, #7989, .F. ) ;
#13075 = VERTEX_POINT ( 'NONE', #13180 ) ;
#13076 = PLANE ( 'NONE',  #7105 ) ;
#13077 = DIRECTION ( 'NONE',  ( 0.000000000000000000, 1.000000000000000000, 0.000000000000000000 ) ) ;
#13078 = DIRECTION ( 'NONE',  ( -0.000000000000000000, 1.000000000000000000, 0.000000000000000000 ) ) ;
#13079 = CARTESIAN_POINT ( 'NONE',  ( -1.068310202796968644, -2.286500000000057486, -4.320000000000000284 ) ) ;
#13080 = ORIENTED_EDGE ( 'NONE', *, *, #5466, .T. ) ;
#13081 = CYLINDRICAL_SURFACE ( 'NONE', #9415, 0.5000000000000000000 ) ;
#13082 = PLANE ( 'NONE',  #2007 ) ;
#13083 = CARTESIAN_POINT ( 'NONE',  ( -5.605000000000000426, -22.67650000000000077, 3.840000000000000302 ) ) ;
#13084 = ORIENTED_EDGE ( 'NONE', *, *, #8998, .F. ) ;
#13085 = AXIS2_PLACEMENT_3D ( 'NONE', #8782, #4463, #3564 ) ;
#13086 = COLOUR_RGB ( '',1.000000000000000000, 1.000000000000000000, 1.000000000000000000 ) ;
#13087 = CARTESIAN_POINT ( 'NONE',  ( 1.320799999999999974, -2.337200000000000166, 0.5000000000000000000 ) ) ;
#13088 = VECTOR ( 'NONE', #8273, 1000.000000000000114 ) ;
#13089 = ORIENTED_EDGE ( 'NONE', *, *, #3697, .T. ) ;
#13090 = CARTESIAN_POINT ( 'NONE',  ( 20.00000000000000000, -8.699999999999999289, 15.80886698680999913 ) ) ;
#13091 = VECTOR ( 'NONE', #12033, 1000.000000000000000 ) ;
#13092 = VECTOR ( 'NONE', #8210, 1000.000000000000000 ) ;
#13093 = EDGE_LOOP ( 'NONE', ( #6715, #12716, #4392, #7838 ) ) ;
#13094 = AXIS2_PLACEMENT_3D ( 'NONE', #1493, #6983, #8987 ) ;
#13095 = PLANE ( 'NONE',  #9184 ) ;
#13097 = VERTEX_POINT ( 'NONE', #10115 ) ;
#13096 = FACE_OUTER_BOUND ( 'NONE', #9558, .T. ) ;
#13098 = CARTESIAN_POINT ( 'NONE',  ( -7.000000000000000000, -17.94999999999999929, 7.190000000000000391 ) ) ;
#13099 = PLANE ( 'NONE',  #9434 ) ;
#13100 = DIRECTION ( 'NONE',  ( 0.000000000000000000, 0.000000000000000000, 1.000000000000000000 ) ) ;
#13101 = DIRECTION ( 'NONE',  ( -0.000000000000000000, -1.000000000000000000, -0.000000000000000000 ) ) ;
#13102 = CARTESIAN_POINT ( 'NONE',  ( 9.285000000000000142, -17.37650000000000006, 7.190000000000000391 ) ) ;
#13103 = DIRECTION ( 'NONE',  ( 0.000000000000000000, 0.000000000000000000, -1.000000000000000000 ) ) ;
#13104 = EDGE_CURVE ( 'NONE', #8569, #6925, #2466, .T. ) ;
#13105 = CARTESIAN_POINT ( 'NONE',  ( -9.414999999999999147, -2.337200000000000166, -0.5000000000000000000 ) ) ;
#13106 = EDGE_CURVE ( 'NONE', #10133, #10753, #9970, .T. ) ;
#13107 = VECTOR ( 'NONE', #9941, 1000.000000000000000 ) ;
#13108 = EDGE_CURVE ( 'NONE', #13421, #10774, #7754, .T. ) ;
#13109 = ORIENTED_EDGE ( 'NONE', *, *, #12060, .F. ) ;
#13110 = ORIENTED_EDGE ( 'NONE', *, *, #3696, .F. ) ;
#13111 = VERTEX_POINT ( 'NONE', #451 ) ;
#13112 = FACE_OUTER_BOUND ( 'NONE', #11653, .T. ) ;
#13113 = VERTEX_POINT ( 'NONE', #9903 ) ;
#13114 = LINE ( 'NONE', #7817, #8358 ) ;
#13115 = ADVANCED_FACE ( 'NONE', ( #1568 ), #9001, .T. ) ;
#13116 = PLANE ( 'NONE',  #7398 ) ;
#13117 = VECTOR ( 'NONE', #12025, 1000.000000000000000 ) ;
#13118 = LINE ( 'NONE', #11163, #5641 ) ;
#13119 = ORIENTED_EDGE ( 'NONE', *, *, #7994, .T. ) ;
#13120 = EDGE_CURVE ( 'NONE', #7409, #11680, #4691, .T. ) ;
#13121 = CARTESIAN_POINT ( 'NONE',  ( -8.818927475897002211, -2.337200000000000166, 4.500000000000000888 ) ) ;
#13122 = VERTEX_POINT ( 'NONE', #13313 ) ;
#13123 = VERTEX_POINT ( 'NONE', #8031 ) ;
#13124 = VERTEX_POINT ( 'NONE', #1711 ) ;
#13125 = CARTESIAN_POINT ( 'NONE',  ( -4.584999999999999964, -2.337200000000000166, -0.5000000000000000000 ) ) ;
#13126 = ORIENTED_EDGE ( 'NONE', *, *, #4065, .T. ) ;
#13127 = EDGE_CURVE ( 'NONE', #2684, #1205, #1436, .T. ) ;
#13128 = LINE ( 'NONE', #4362, #1630 ) ;
#13129 = DIRECTION ( 'NONE',  ( 0.000000000000000000, 0.000000000000000000, 1.000000000000000000 ) ) ;
#13130 = CARTESIAN_POINT ( 'NONE',  ( -6.207611844575000148, 3.200000000000000178, -4.460000000000000853 ) ) ;
#13131 = DIRECTION ( 'NONE',  ( -0.000000000000000000, 1.000000000000000000, 0.000000000000000000 ) ) ;
#13132 = ORIENTED_EDGE ( 'NONE', *, *, #10467, .F. ) ;
#13133 = ORIENTED_EDGE ( 'NONE', *, *, #2801, .T. ) ;
#13134 = LINE ( 'NONE', #8874, #1234 ) ;
#13135 = DIRECTION ( 'NONE',  ( 0.09602825923645796902, -0.9953786080823796567, -0.000000000000000000 ) ) ;
#13136 = CARTESIAN_POINT ( 'NONE',  ( -7.000000000000000000, -19.40650000000000119, 3.840000000000000302 ) ) ;
#13137 = ORIENTED_EDGE ( 'NONE', *, *, #7321, .T. ) ;
#13138 = FACE_OUTER_BOUND ( 'NONE', #6562, .T. ) ;
#13139 = DIRECTION ( 'NONE',  ( 0.000000000000000000, -0.000000000000000000, 1.000000000000000000 ) ) ;
#13140 = ORIENTED_EDGE ( 'NONE', *, *, #6236, .F. ) ;
#13141 = VECTOR ( 'NONE', #13476, 1000.000000000000000 ) ;
#13142 = CARTESIAN_POINT ( 'NONE',  ( 5.205000000000000071, -22.96649999999999991, -1.879999999999999893 ) ) ;
#13143 = VERTEX_POINT ( 'NONE', #4621 ) ;
#13144 = ADVANCED_FACE ( 'NONE', ( #384 ), #13116, .T. ) ;
#13145 = DIRECTION ( 'NONE',  ( 0.000000000000000000, -0.000000000000000000, -1.000000000000000000 ) ) ;
#13146 = CARTESIAN_POINT ( 'NONE',  ( -0.6350000000000000089, -23.77649999999999864, 15.74000000000000021 ) ) ;
#13147 = DIRECTION ( 'NONE',  ( 0.000000000000000000, -1.000000000000000000, 0.000000000000000000 ) ) ;
#13148 = CARTESIAN_POINT ( 'NONE',  ( -1.500000000000000000, -17.57000000000000384, -12.90000000000000036 ) ) ;
#13149 = PRESENTATION_LAYER_ASSIGNMENT (  '', '', ( #30 ) ) ;
#13150 = ORIENTED_EDGE ( 'NONE', *, *, #615, .F. ) ;
#13151 = VECTOR ( 'NONE', #4053, 1000.000000000000000 ) ;
#13152 = LINE ( 'NONE', #10005, #2995 ) ;
#13153 = CARTESIAN_POINT ( 'NONE',  ( 5.525000000000000355, -19.40650000000000119, 4.850000000000000533 ) ) ;
#13154 = DIRECTION ( 'NONE',  ( -1.000000000000000000, -0.000000000000000000, 0.000000000000000000 ) ) ;
#13155 = ORIENTED_EDGE ( 'NONE', *, *, #5455, .T. ) ;
#13156 = EDGE_CURVE ( 'NONE', #862, #3400, #3861, .T. ) ;
#13157 = DIRECTION ( 'NONE',  ( -0.000000000000000000, 1.000000000000000000, -0.000000000000000000 ) ) ;
#13158 = VERTEX_POINT ( 'NONE', #4132 ) ;
#13159 = DIRECTION ( 'NONE',  ( 0.000000000000000000, 0.000000000000000000, 1.000000000000000000 ) ) ;
#13160 = VECTOR ( 'NONE', #12392, 1000.000000000000000 ) ;
#13161 = CARTESIAN_POINT ( 'NONE',  ( 0.005000000000000000104, -24.26650000000000063, 1.145000000000000240 ) ) ;
#13162 = EDGE_CURVE ( 'NONE', #9033, #5198, #7282, .T. ) ;
#13163 = FACE_OUTER_BOUND ( 'NONE', #8930, .T. ) ;
#13164 = VECTOR ( 'NONE', #3248, 1000.000000000000000 ) ;
#13166 = ORIENTED_EDGE ( 'NONE', *, *, #8062, .F. ) ;
#13165 = PLANE ( 'NONE',  #1147 ) ;
#13167 = ADVANCED_FACE ( 'NONE', ( #3032 ), #6290, .F. ) ;
#13168 = LINE ( 'NONE', #9055, #3214 ) ;
#13169 = DIRECTION ( 'NONE',  ( -0.4775043600801140986, 0.8786293792632253741, 0.000000000000000000 ) ) ;
#13170 = COLOUR_RGB ( '',1.000000000000000000, 1.000000000000000000, 1.000000000000000000 ) ;
#13171 = CARTESIAN_POINT ( 'NONE',  ( -13.50000000000000000, -2.399999999999999911, 14.30000000000000071 ) ) ;
#13172 = COLOUR_RGB ( '',0.1019607843137254888, 0.1019607843137254888, 0.1019607843137254888 ) ;
#13173 = AXIS2_PLACEMENT_3D ( 'NONE', #8568, #12884, #3555 ) ;
#13174 = VECTOR ( 'NONE', #6387, 1000.000000000000000 ) ;
#13175 = ORIENTED_EDGE ( 'NONE', *, *, #12548, .F. ) ;
#13176 = VERTEX_POINT ( 'NONE', #2829 ) ;
#13177 = EDGE_LOOP ( 'NONE', ( #12706, #3558, #848, #6854 ) ) ;
#13178 = VERTEX_POINT ( 'NONE', #11300 ) ;
#13179 = CARTESIAN_POINT ( 'NONE',  ( 6.207611844575000148, 3.200000000000000178, -10.96000000000000085 ) ) ;
#13180 = CARTESIAN_POINT ( 'NONE',  ( 9.414999999999999147, -22.96649999999999991, -0.5000000000000000000 ) ) ;
#13181 = EDGE_CURVE ( 'NONE', #1233, #3797, #4903, .T. ) ;
#13182 = DIRECTION ( 'NONE',  ( -0.000000000000000000, 0.000000000000000000, 1.000000000000000000 ) ) ;
#13183 = ORIENTED_EDGE ( 'NONE', *, *, #6700, .F. ) ;
#13184 = CIRCLE ( 'NONE', #1184, 0.9899999999999999911 ) ;
#13185 = CARTESIAN_POINT ( 'NONE',  ( -1.270000000000000018, -17.37650000000000006, -4.320000000000000284 ) ) ;
#13186 = VECTOR ( 'NONE', #4932, 1000.000000000000000 ) ;
#13187 = DIRECTION ( 'NONE',  ( 1.000000000000000000, 0.000000000000000000, -0.000000000000000000 ) ) ;
#13188 = ORIENTED_EDGE ( 'NONE', *, *, #10261, .T. ) ;
#13189 = VECTOR ( 'NONE', #7810, 1000.000000000000000 ) ;
#13190 = ORIENTED_EDGE ( 'NONE', *, *, #7935, .F. ) ;
#13191 = AXIS2_PLACEMENT_3D ( 'NONE', #10457, #3996, #3166 ) ;
#13192 = AXIS2_PLACEMENT_3D ( 'NONE', #1306, #11877, #2350 ) ;
#13193 = VECTOR ( 'NONE', #9451, 1000.000000000000000 ) ;
#13194 = EDGE_CURVE ( 'NONE', #10598, #8679, #4543, .T. ) ;
#13195 = VERTEX_POINT ( 'NONE', #10325 ) ;
#13196 = AXIS2_PLACEMENT_3D ( 'NONE', #4838, #453, #9971 ) ;
#13197 = DIRECTION ( 'NONE',  ( 0.000000000000000000, 0.000000000000000000, 1.000000000000000000 ) ) ;
#13198 = EDGE_CURVE ( 'NONE', #12715, #9968, #6164, .T. ) ;
#13199 = ORIENTED_EDGE ( 'NONE', *, *, #6383, .T. ) ;
#13200 = CARTESIAN_POINT ( 'NONE',  ( 2.284999999999999698, -17.33328099044999959, -4.500000000000000888 ) ) ;
#13201 = CARTESIAN_POINT ( 'NONE',  ( 0.000000000000000000, 0.000000000000000000, 15.80886698680999913 ) ) ;
#13202 = CYLINDRICAL_SURFACE ( 'NONE', #3638, 0.9899999999999995470 ) ;
#13203 = CARTESIAN_POINT ( 'NONE',  ( -1.274999999999999911, -19.40650000000000119, -4.320000000000000284 ) ) ;
#13204 = ORIENTED_EDGE ( 'NONE', *, *, #6826, .T. ) ;
#13205 = ORIENTED_EDGE ( 'NONE', *, *, #874, .F. ) ;
#13206 = ADVANCED_FACE ( 'NONE', ( #7346 ), #659, .T. ) ;
#13207 = LINE ( 'NONE', #4797, #2796 ) ;
#13208 = CARTESIAN_POINT ( 'NONE',  ( -4.714999999999999858, -13.31649999999999956, 4.650000000000000355 ) ) ;
#13209 = ORIENTED_EDGE ( 'NONE', *, *, #4282, .F. ) ;
#13210 = CARTESIAN_POINT ( 'NONE',  ( -5.724999999999999645, -15.34650000000000070, 3.640000000000000124 ) ) ;
#13211 = LINE ( 'NONE', #1670, #5306 ) ;
#13212 = VECTOR ( 'NONE', #9853, 1000.000000000000000 ) ;
#13213 = ORIENTED_EDGE ( 'NONE', *, *, #3333, .T. ) ;
#13214 = CIRCLE ( 'NONE', #3435, 0.1999999999999996503 ) ;
#13215 = CARTESIAN_POINT ( 'NONE',  ( 12.20500000000000007, -22.96649999999999991, 7.519999999999999574 ) ) ;
#13216 = ORIENTED_EDGE ( 'NONE', *, *, #2621, .F. ) ;
#13217 = CARTESIAN_POINT ( 'NONE',  ( 10.47035354437000088, 0.000000000000000000, -14.30000000000000071 ) ) ;
#13218 = DIRECTION ( 'NONE',  ( 0.000000000000000000, 0.000000000000000000, 1.000000000000000000 ) ) ;
#13219 = FACE_OUTER_BOUND ( 'NONE', #9535, .T. ) ;
#13220 = FACE_OUTER_BOUND ( 'NONE', #9965, .T. ) ;
#13221 = VERTEX_POINT ( 'NONE', #12488 ) ;
#13222 = CARTESIAN_POINT ( 'NONE',  ( 4.584999999999999964, -2.337200000000000166, -0.5000000000000004441 ) ) ;
#13223 = CARTESIAN_POINT ( 'NONE',  ( -0.4949999999999999956, -22.96649999999999991, -1.655000000000000027 ) ) ;
#13224 = CARTESIAN_POINT ( 'NONE',  ( 8.275000000000000355, -17.57000000000000384, 4.649999999999999467 ) ) ;
#13225 = EDGE_LOOP ( 'NONE', ( #4698, #7072, #11738, #11521, #12128, #2858, #4647, #5388 ) ) ;
#13226 = DIRECTION ( 'NONE',  ( 0.000000000000000000, 0.000000000000000000, -1.000000000000000000 ) ) ;
#13227 = ORIENTED_EDGE ( 'NONE', *, *, #13062, .T. ) ;
#13228 = CARTESIAN_POINT ( 'NONE',  ( 24.89999999999999858, -2.399999999999999911, -1.500192328955507931E-16 ) ) ;
#13229 = CARTESIAN_POINT ( 'NONE',  ( -13.50000000000000000, 0.000000000000000000, 15.80886698680999913 ) ) ;
#13230 = DIRECTION ( 'NONE',  ( 0.000000000000000000, -1.000000000000000000, 0.000000000000000000 ) ) ;
#13232 = ORIENTED_EDGE ( 'NONE', *, *, #10062, .T. ) ;
#13231 = DIRECTION ( 'NONE',  ( -0.000000000000000000, -1.000000000000000000, -0.000000000000000000 ) ) ;
#13233 =( LENGTH_UNIT ( ) NAMED_UNIT ( * ) SI_UNIT ( .MILLI., .METRE. ) );
#13234 = FACE_OUTER_BOUND ( 'NONE', #3938, .T. ) ;
#13235 = CARTESIAN_POINT ( 'NONE',  ( -13.50000000000000000, -15.40000000000000036, 14.30000000000000071 ) ) ;
#13236 = EDGE_CURVE ( 'NONE', #1205, #6133, #7065, .T. ) ;
#13237 = LINE ( 'NONE', #4678, #12764 ) ;
#13238 = PLANE ( 'NONE',  #7336 ) ;
#13239 =( NAMED_UNIT ( * ) SI_UNIT ( $, .STERADIAN. ) SOLID_ANGLE_UNIT ( ) );
#13240 = DIRECTION ( 'NONE',  ( 1.000000000000000000, -0.000000000000000000, 0.000000000000000000 ) ) ;
#13241 = ADVANCED_FACE ( 'NONE', ( #13523 ), #9338, .F. ) ;
#13242 = AXIS2_PLACEMENT_3D ( 'NONE', #3505, #7617, #8790 ) ;
#13243 = LINE ( 'NONE', #1562, #11121 ) ;
#13244 = VERTEX_POINT ( 'NONE', #13380 ) ;
#13245 = VERTEX_POINT ( 'NONE', #13462 ) ;
#13246 = EDGE_CURVE ( 'NONE', #5770, #12341, #7215, .T. ) ;
#13247 = ORIENTED_EDGE ( 'NONE', *, *, #12315, .T. ) ;
#13248 = ORIENTED_EDGE ( 'NONE', *, *, #12702, .F. ) ;
#13249 = CARTESIAN_POINT ( 'NONE',  ( -8.394999999999999574, -17.37650000000000006, 3.840000000000000302 ) ) ;
#13250 = DIRECTION ( 'NONE',  ( 0.000000000000000000, 1.000000000000000000, 0.000000000000000000 ) ) ;
#13251 = CARTESIAN_POINT ( 'NONE',  ( -2.156828893442878758, -12.04650000000001420, -3.299999999999999378 ) ) ;
#13252 = VECTOR ( 'NONE', #12765, 1000.000000000000000 ) ;
#13253 = VERTEX_POINT ( 'NONE', #10245 ) ;
#13254 = LINE ( 'NONE', #2833, #13410 ) ;
#13255 = PLANE ( 'NONE',  #11003 ) ;
#13256 = ORIENTED_EDGE ( 'NONE', *, *, #6833, .T. ) ;
#13257 = ORIENTED_EDGE ( 'NONE', *, *, #142, .F. ) ;
#13258 = ADVANCED_FACE ( 'NONE', ( #4975 ), #13592, .T. ) ;
#13259 = VERTEX_POINT ( 'NONE', #12422 ) ;
#13260 = DIRECTION ( 'NONE',  ( -0.000000000000000000, -0.000000000000000000, -1.000000000000000000 ) ) ;
#13261 = ORIENTED_EDGE ( 'NONE', *, *, #5970, .T. ) ;
#13262 = CARTESIAN_POINT ( 'NONE',  ( -5.724999999999999645, -17.37650000000000006, 4.650000000000000355 ) ) ;
#13263 = CARTESIAN_POINT ( 'NONE',  ( -1.270000000000000018, -17.37650000000000006, -3.509999999999999787 ) ) ;
#13264 = FACE_OUTER_BOUND ( 'NONE', #5173, .T. ) ;
#13265 = FACE_BOUND ( 'NONE', #3670, .T. ) ;
#13266 = ORIENTED_EDGE ( 'NONE', *, *, #977, .T. ) ;
#13267 = VERTEX_POINT ( 'NONE', #7137 ) ;
#13268 = DIRECTION ( 'NONE',  ( 0.000000000000000000, 0.000000000000000000, 1.000000000000000000 ) ) ;
#13269 = DIRECTION ( 'NONE',  ( -1.000000000000000000, 0.000000000000000000, -0.000000000000000000 ) ) ;
#13270 = LINE ( 'NONE', #3741, #3887 ) ;
#13271 = ORIENTED_EDGE ( 'NONE', *, *, #12400, .T. ) ;
#13272 = PLANE ( 'NONE',  #9119 ) ;
#13273 = ADVANCED_FACE ( 'NONE', ( #11371 ), #1849, .T. ) ;
#13274 = EDGE_LOOP ( 'NONE', ( #10996, #13074, #7435, #11873 ) ) ;
#13275 = EDGE_CURVE ( 'NONE', #3315, #1449, #13664, .T. ) ;
#13276 = DIRECTION ( 'NONE',  ( -1.000000000000000000, -0.000000000000000000, -0.000000000000000000 ) ) ;
#13277 = ORIENTED_EDGE ( 'NONE', *, *, #8609, .T. ) ;
#13278 = DIRECTION ( 'NONE',  ( 0.000000000000000000, -1.000000000000000000, 0.000000000000000000 ) ) ;
#13279 = DIRECTION ( 'NONE',  ( -1.000000000000000000, 0.000000000000000000, -0.000000000000000000 ) ) ;
#13280 = CARTESIAN_POINT ( 'NONE',  ( 3.634999999999999787, -22.96649999999999991, 0.000000000000000000 ) ) ;
#13281 = PLANE ( 'NONE',  #11967 ) ;
#13282 = ORIENTED_EDGE ( 'NONE', *, *, #13357, .T. ) ;
#13283 = DIRECTION ( 'NONE',  ( 1.000000000000000000, 0.000000000000000000, 0.000000000000000000 ) ) ;
#13284 = DIRECTION ( 'NONE',  ( -0.8786293792632253741, -0.4775043600801141541, 0.000000000000000000 ) ) ;
#13285 = EDGE_CURVE ( 'NONE', #4084, #6792, #8377, .T. ) ;
#13286 = CARTESIAN_POINT ( 'NONE',  ( 0.000000000000000000, -21.56650000000000134, 0.000000000000000000 ) ) ;
#13287 = VERTEX_POINT ( 'NONE', #1006 ) ;
#13288 = FACE_OUTER_BOUND ( 'NONE', #10708, .T. ) ;
#13289 = AXIS2_PLACEMENT_3D ( 'NONE', #11289, #8991, #720 ) ;
#13290 = DIRECTION ( 'NONE',  ( 1.000000000000000000, 0.000000000000000000, 0.000000000000000000 ) ) ;
#13291 = DIRECTION ( 'NONE',  ( -1.000000000000000000, 0.000000000000000000, 0.000000000000000000 ) ) ;
#13292 = DIRECTION ( 'NONE',  ( 0.000000000000000000, 0.000000000000000000, -1.000000000000000000 ) ) ;
#13294 = ORIENTED_EDGE ( 'NONE', *, *, #1288, .F. ) ;
#13293 = LINE ( 'NONE', #12260, #12037 ) ;
#13295 = PRESENTATION_STYLE_ASSIGNMENT (( #3559 ) ) ;
#13296 = CARTESIAN_POINT ( 'NONE',  ( -2.285000000000000142, -13.31649999999999956, -4.320000000000000284 ) ) ;
#13297 = DIRECTION ( 'NONE',  ( -0.000000000000000000, 1.000000000000000000, 0.000000000000000000 ) ) ;
#13298 = VECTOR ( 'NONE', #374, 1000.000000000000000 ) ;
#13299 = DIRECTION ( 'NONE',  ( 0.000000000000000000, 0.000000000000000000, 1.000000000000000000 ) ) ;
#13300 = DIRECTION ( 'NONE',  ( 0.000000000000000000, -0.000000000000000000, 1.000000000000000000 ) ) ;
#13301 = LINE ( 'NONE', #8096, #10026 ) ;
#13302 = CIRCLE ( 'NONE', #3102, 4.900000000000000355 ) ;
#13303 = EDGE_CURVE ( 'NONE', #2335, #5024, #7478, .T. ) ;
#13304 = LINE ( 'NONE', #13513, #7309 ) ;
#13305 = VECTOR ( 'NONE', #9456, 1000.000000000000000 ) ;
#13306 = DIRECTION ( 'NONE',  ( 1.000000000000000000, 0.000000000000000000, 0.000000000000000000 ) ) ;
#13307 = ORIENTED_EDGE ( 'NONE', *, *, #2524, .T. ) ;
#13308 = ORIENTED_EDGE ( 'NONE', *, *, #4179, .T. ) ;
#13309 = ORIENTED_EDGE ( 'NONE', *, *, #9948, .F. ) ;
#13310 = ORIENTED_EDGE ( 'NONE', *, *, #7388, .T. ) ;
#13311 = EDGE_CURVE ( 'NONE', #8056, #3657, #4783, .T. ) ;
#13312 = DIRECTION ( 'NONE',  ( -0.000000000000000000, 0.000000000000000000, 1.000000000000000000 ) ) ;
#13313 = CARTESIAN_POINT ( 'NONE',  ( -7.510000000000003340, -3.313815743960002447, 4.500000000000000888 ) ) ;
#13314 = ADVANCED_FACE ( 'NONE', ( #3296 ), #2384, .T. ) ;
#13315 = DIRECTION ( 'NONE',  ( -0.7071067811865474617, 0.000000000000000000, 0.7071067811865474617 ) ) ;
#13316 = ORIENTED_EDGE ( 'NONE', *, *, #13029, .T. ) ;
#13317 = CARTESIAN_POINT ( 'NONE',  ( -9.285000000000001918, -13.31650000000004752, -0.1000000000000007827 ) ) ;
#13318 = CIRCLE ( 'NONE', #13094, 1.100000000000000311 ) ;
#13319 = ORIENTED_EDGE ( 'NONE', *, *, #1294, .F. ) ;
#13320 = VERTEX_POINT ( 'NONE', #9475 ) ;
#13321 = ADVANCED_FACE ( 'NONE', ( #10723 ), #11915, .F. ) ;
#13322 = VECTOR ( 'NONE', #139, 1000.000000000000000 ) ;
#13323 = ORIENTED_EDGE ( 'NONE', *, *, #6322, .F. ) ;
#13324 = CARTESIAN_POINT ( 'NONE',  ( -9.414999999999999147, -2.337200000000000166, -0.5000000000000000000 ) ) ;
#13325 = ORIENTED_EDGE ( 'NONE', *, *, #4182, .T. ) ;
#13326 = ORIENTED_EDGE ( 'NONE', *, *, #10308, .F. ) ;
#13327 = CARTESIAN_POINT ( 'NONE',  ( -1.294999999999999929, -19.40650000000000119, -4.500000000000000888 ) ) ;
#13328 = CARTESIAN_POINT ( 'NONE',  ( -10.47035354437000088, -57.58451052000000203, -14.30000000000000071 ) ) ;
#13329 = LINE ( 'NONE', #1729, #6091 ) ;
#13330 = ADVANCED_FACE ( 'NONE', ( #6488 ), #4394, .F. ) ;
#13331 = DIRECTION ( 'NONE',  ( -1.000000000000000000, -0.000000000000000000, -0.000000000000000000 ) ) ;
#13332 = ORIENTED_EDGE ( 'NONE', *, *, #11379, .F. ) ;
#13333 = ORIENTED_EDGE ( 'NONE', *, *, #1815, .T. ) ;
#13334 = DIRECTION ( 'NONE',  ( -0.000000000000000000, -1.000000000000000000, 0.000000000000000000 ) ) ;
#13335 = CARTESIAN_POINT ( 'NONE',  ( -8.269999999999999574, -19.40650000000000119, 7.190000000000000391 ) ) ;
#13336 = EDGE_CURVE ( 'NONE', #12191, #7599, #5889, .T. ) ;
#13337 = LINE ( 'NONE', #9355, #8765 ) ;
#13338 = ORIENTED_EDGE ( 'NONE', *, *, #567, .F. ) ;
#13339 = CARTESIAN_POINT ( 'NONE',  ( 7.635000000000000675, -23.77649999999999864, 19.46000000000000085 ) ) ;
#13340 = VECTOR ( 'NONE', #7313, 1000.000000000000000 ) ;
#13341 = ORIENTED_EDGE ( 'NONE', *, *, #5398, .T. ) ;
#13342 = EDGE_CURVE ( 'NONE', #2132, #9939, #3163, .T. ) ;
#13343 = LINE ( 'NONE', #2791, #7204 ) ;
#13344 = ORIENTED_EDGE ( 'NONE', *, *, #13530, .F. ) ;
#13345 = DIRECTION ( 'NONE',  ( 0.000000000000000000, 0.000000000000000000, -1.000000000000000000 ) ) ;
#13346 = LINE ( 'NONE', #8067, #5193 ) ;
#13347 = DIRECTION ( 'NONE',  ( -1.000000000000000000, -0.000000000000000000, -0.000000000000000000 ) ) ;
#13348 = DIRECTION ( 'NONE',  ( -0.000000000000000000, 1.000000000000000000, 0.000000000000000000 ) ) ;
#13350 = EDGE_LOOP ( 'NONE', ( #3101, #6475, #2543, #6519 ) ) ;
#13349 = EDGE_CURVE ( 'NONE', #9033, #3211, #2181, .T. ) ;
#13351 = DIRECTION ( 'NONE',  ( -0.000000000000000000, 0.000000000000000000, -1.000000000000000000 ) ) ;
#13352 = CARTESIAN_POINT ( 'NONE',  ( 3.365000000000000213, -21.56650000000000134, -3.509999999999999787 ) ) ;
#13353 = DIRECTION ( 'NONE',  ( -1.000000000000000000, 0.000000000000000000, -0.000000000000000000 ) ) ;
#13354 = ORIENTED_EDGE ( 'NONE', *, *, #12575, .F. ) ;
#13355 = LINE ( 'NONE', #3828, #4194 ) ;
#13356 = CARTESIAN_POINT ( 'NONE',  ( -9.285000000000000142, -13.31649999999999956, 4.650000000000000355 ) ) ;
#13357 = EDGE_CURVE ( 'NONE', #863, #13253, #13669, .T. ) ;
#13358 = VECTOR ( 'NONE', #2447, 1000.000000000000000 ) ;
#13359 = LINE ( 'NONE', #4883, #6638 ) ;
#13360 = LINE ( 'NONE', #4950, #13393 ) ;
#13361 = CARTESIAN_POINT ( 'NONE',  ( 8.294999999999999929, -19.40650000000000119, 3.840000000000000302 ) ) ;
#13362 = VECTOR ( 'NONE', #7154, 1000.000000000000000 ) ;
#13364 = ORIENTED_EDGE ( 'NONE', *, *, #11585, .T. ) ;
#13363 = LINE ( 'NONE', #1616, #935 ) ;
#13365 = DIRECTION ( 'NONE',  ( 0.000000000000000000, 0.000000000000000000, 1.000000000000000000 ) ) ;
#13366 = DIRECTION ( 'NONE',  ( 0.000000000000000000, 0.000000000000000000, 1.000000000000000000 ) ) ;
#13367 = EDGE_CURVE ( 'NONE', #4423, #4593, #11841, .T. ) ;
#13368 = LINE ( 'NONE', #439, #4092 ) ;
#13369 = DIRECTION ( 'NONE',  ( -0.000000000000000000, -0.000000000000000000, 1.000000000000000000 ) ) ;
#13370 = DIRECTION ( 'NONE',  ( 0.000000000000000000, 1.000000000000000000, 0.000000000000000000 ) ) ;
#13371 = DIRECTION ( 'NONE',  ( 0.000000000000000000, -0.000000000000000000, 1.000000000000000000 ) ) ;
#13372 = CARTESIAN_POINT ( 'NONE',  ( 10.93500000000000050, -20.17650000000000077, 13.40000000000000036 ) ) ;
#13373 = EDGE_LOOP ( 'NONE', ( #11772, #7284, #4361, #7333 ) ) ;
#13374 = ORIENTED_EDGE ( 'NONE', *, *, #6786, .T. ) ;
#13375 = LINE ( 'NONE', #8110, #8914 ) ;
#13376 = ORIENTED_EDGE ( 'NONE', *, *, #8201, .T. ) ;
#13377 = EDGE_CURVE ( 'NONE', #9223, #752, #558, .T. ) ;
#13378 = ORIENTED_EDGE ( 'NONE', *, *, #8808, .T. ) ;
#13379 = DIRECTION ( 'NONE',  ( -0.000000000000000000, -1.000000000000000000, -0.000000000000000000 ) ) ;
#13380 = CARTESIAN_POINT ( 'NONE',  ( -8.779999999999994031, -2.673278531664997182, 4.500000000000000888 ) ) ;
#13381 = DIRECTION ( 'NONE',  ( 0.000000000000000000, -0.000000000000000000, -1.000000000000000000 ) ) ;
#13382 = ORIENTED_EDGE ( 'NONE', *, *, #357, .T. ) ;
#13383 = AXIS2_PLACEMENT_3D ( 'NONE', #8689, #622, #5838 ) ;
#13384 = CARTESIAN_POINT ( 'NONE',  ( -7.635000000000000675, -23.77649999999999864, 19.46000000000000085 ) ) ;
#13385 = DIRECTION ( 'NONE',  ( 0.000000000000000000, -0.000000000000000000, 1.000000000000000000 ) ) ;
#13386 = VECTOR ( 'NONE', #10560, 1000.000000000000000 ) ;
#13387 = ORIENTED_EDGE ( 'NONE', *, *, #1153, .F. ) ;
#13388 = VECTOR ( 'NONE', #3720, 1000.000000000000000 ) ;
#13389 = ORIENTED_EDGE ( 'NONE', *, *, #1069, .T. ) ;
#13390 = AXIS2_PLACEMENT_3D ( 'NONE', #4633, #8868, #331 ) ;
#13391 = STYLED_ITEM ( 'NONE', ( #6625 ), #1117 ) ;
#13392 = EDGE_LOOP ( 'NONE', ( #4329, #11044, #4428, #7421, #2442, #8465, #6810, #9553, #6176, #7703, #6964, #2781, #11601, #5375, #4713, #3255, #3737, #8044, #3651, #2041, #4019, #5233, #4307, #8040 ) ) ;
#13394 = LINE ( 'NONE', #6239, #13640 ) ;
#13393 = VECTOR ( 'NONE', #2595, 1000.000000000000000 ) ;
#13395 = EDGE_LOOP ( 'NONE', ( #9335, #11868, #2076, #11425 ) ) ;
#13396 = VECTOR ( 'NONE', #11137, 1000.000000000000000 ) ;
#13397 = ORIENTED_EDGE ( 'NONE', *, *, #7559, .F. ) ;
#13398 = LINE ( 'NONE', #10193, #5177 ) ;
#13399 = DIRECTION ( 'NONE',  ( -0.000000000000000000, -0.000000000000000000, -1.000000000000000000 ) ) ;
#13400 = CARTESIAN_POINT ( 'NONE',  ( 4.584999999999999964, -2.337200000000000166, 4.500000000000000888 ) ) ;
#13401 = DIRECTION ( 'NONE',  ( 0.000000000000000000, 0.000000000000000000, 1.000000000000000000 ) ) ;
#13402 = AXIS2_PLACEMENT_3D ( 'NONE', #4533, #13423, #291 ) ;
#13403 = ORIENTED_EDGE ( 'NONE', *, *, #11824, .F. ) ;
#13404 = ADVANCED_FACE ( 'NONE', ( #1276 ), #5507, .T. ) ;
#13405 = ORIENTED_EDGE ( 'NONE', *, *, #933, .T. ) ;
#13406 = CARTESIAN_POINT ( 'NONE',  ( 3.634999999999999787, -21.56650000000000134, 3.509999999999999787 ) ) ;
#13407 = EDGE_CURVE ( 'NONE', #6952, #8478, #7879, .T. ) ;
#13408 = CARTESIAN_POINT ( 'NONE',  ( -3.850000000000000089, -22.58650000000000091, 4.650000000000000355 ) ) ;
#13409 = ORIENTED_EDGE ( 'NONE', *, *, #8831, .T. ) ;
#13410 = VECTOR ( 'NONE', #2549, 1000.000000000000000 ) ;
#13411 = DIRECTION ( 'NONE',  ( 0.000000000000000000, 0.000000000000000000, 1.000000000000000000 ) ) ;
#13412 = ORIENTED_EDGE ( 'NONE', *, *, #2972, .F. ) ;
#13413 = AXIS2_PLACEMENT_3D ( 'NONE', #2297, #2499, #12937 ) ;
#13414 = VECTOR ( 'NONE', #9786, 1000.000000000000000 ) ;
#13415 = VECTOR ( 'NONE', #6541, 1000.000000000000000 ) ;
#13416 = AXIS2_PLACEMENT_3D ( 'NONE', #5678, #5807, #10036 ) ;
#13417 = EDGE_CURVE ( 'NONE', #3187, #2001, #10100, .T. ) ;
#13418 = VECTOR ( 'NONE', #11272, 1000.000000000000000 ) ;
#13419 = EDGE_CURVE ( 'NONE', #12689, #1917, #6698, .T. ) ;
#13420 = DIRECTION ( 'NONE',  ( -0.000000000000000000, 1.000000000000000000, -0.000000000000000000 ) ) ;
#13421 = VERTEX_POINT ( 'NONE', #296 ) ;
#13422 = AXIS2_PLACEMENT_3D ( 'NONE', #9794, #280, #7722 ) ;
#13423 = DIRECTION ( 'NONE',  ( -1.000000000000000000, 0.000000000000000000, 0.000000000000000000 ) ) ;
#13424 = CARTESIAN_POINT ( 'NONE',  ( -8.800000000000000711, 3.200000000000000178, -4.900000000000000355 ) ) ;
#13425 = CARTESIAN_POINT ( 'NONE',  ( 5.525000000000000355, -16.36152659300000067, 3.640000000036999861 ) ) ;
#13426 = DIRECTION ( 'NONE',  ( -0.000000000000000000, 0.000000000000000000, 1.000000000000000000 ) ) ;
#13427 = ADVANCED_FACE ( 'NONE', ( #1619 ), #13099, .T. ) ;
#13428 = LINE ( 'NONE', #5020, #6428 ) ;
#13429 = AXIS2_PLACEMENT_3D ( 'NONE', #10020, #371, #4610 ) ;
#13430 = CARTESIAN_POINT ( 'NONE',  ( -2.285000000000000142, -17.94999999999999929, 0.000000000000000000 ) ) ;
#13431 = DIRECTION ( 'NONE',  ( -0.8786293792632253741, 0.4775043600801141541, -0.000000000000000000 ) ) ;
#13432 = DIRECTION ( 'NONE',  ( -0.000000000000000000, 1.000000000000000000, 0.000000000000000000 ) ) ;
#13433 = ORIENTED_EDGE ( 'NONE', *, *, #2677, .F. ) ;
#13434 = VECTOR ( 'NONE', #10975, 1000.000000000000000 ) ;
#13435 = AXIS2_PLACEMENT_3D ( 'NONE', #11806, #2285, #1245 ) ;
#13436 = DIRECTION ( 'NONE',  ( -0.000000000000000000, -1.000000000000000000, -0.000000000000000000 ) ) ;
#13437 = VECTOR ( 'NONE', #6907, 1000.000000000000000 ) ;
#13438 = EDGE_CURVE ( 'NONE', #12306, #8583, #9054, .T. ) ;
#13439 = DIRECTION ( 'NONE',  ( 0.000000000000000000, 0.000000000000000000, 1.000000000000000000 ) ) ;
#13440 = FACE_OUTER_BOUND ( 'NONE', #6905, .T. ) ;
#13442 = ORIENTED_EDGE ( 'NONE', *, *, #13618, .T. ) ;
#13441 = DIRECTION ( 'NONE',  ( -0.000000000000000000, 1.000000000000000000, 0.000000000000000000 ) ) ;
#13443 = SURFACE_STYLE_FILL_AREA ( #5162 ) ;
#13444 = FACE_OUTER_BOUND ( 'NONE', #5444, .T. ) ;
#13445 = SURFACE_STYLE_FILL_AREA ( #8297 ) ;
#13446 = SURFACE_STYLE_FILL_AREA ( #11223 ) ;
#13447 = AXIS2_PLACEMENT_3D ( 'NONE', #109, #5530, #4353 ) ;
#13448 = CIRCLE ( 'NONE', #6127, 0.9899999999999999911 ) ;
#13449 = LINE ( 'NONE', #10108, #865 ) ;
#13450 = EDGE_CURVE ( 'NONE', #12209, #11091, #4676, .T. ) ;
#13451 = EDGE_CURVE ( 'NONE', #1009, #12910, #10862, .T. ) ;
#13452 = EDGE_CURVE ( 'NONE', #8399, #3722, #11985, .T. ) ;
#13453 = ORIENTED_EDGE ( 'NONE', *, *, #269, .F. ) ;
#13454 = PLANE ( 'NONE',  #10854 ) ;
#13455 = EDGE_CURVE ( 'NONE', #10276, #1850, #13037, .T. ) ;
#13456 = EDGE_LOOP ( 'NONE', ( #7781, #6354, #4253, #467 ) ) ;
#13457 = EDGE_LOOP ( 'NONE', ( #11927, #11816, #3570, #1774 ) ) ;
#13458 = CARTESIAN_POINT ( 'NONE',  ( -1.294999999999999929, -32.60964151460999716, 0.5831999999999998296 ) ) ;
#13459 = EDGE_LOOP ( 'NONE', ( #572, #11022, #13248, #5903, #3839, #6160 ) ) ;
#13460 = EDGE_LOOP ( 'NONE', ( #1528, #5138, #4617, #5140 ) ) ;
#13461 = CARTESIAN_POINT ( 'NONE',  ( 2.415000000000000036, -21.56650000000000134, -4.500000000000000888 ) ) ;
#13462 = CARTESIAN_POINT ( 'NONE',  ( 10.36500000000000021, -21.56650000000000134, 3.509999999999999787 ) ) ;
#13463 = EDGE_LOOP ( 'NONE', ( #3726, #5671, #1405, #5058, #9977, #9003 ) ) ;
#13464 = DIRECTION ( 'NONE',  ( -0.000000000000000000, 1.000000000000000000, 0.000000000000000000 ) ) ;
#13465 = CYLINDRICAL_SURFACE ( 'NONE', #5766, 2.240210137476000174 ) ;
#13466 = ORIENTED_EDGE ( 'NONE', *, *, #10700, .T. ) ;
#13467 = ORIENTED_EDGE ( 'NONE', *, *, #1282, .T. ) ;
#13468 = ORIENTED_EDGE ( 'NONE', *, *, #3167, .F. ) ;
#13469 = AXIS2_PLACEMENT_3D ( 'NONE', #1021, #10608, #7231 ) ;
#13470 = LINE ( 'NONE', #5121, #9817 ) ;
#13471 = ORIENTED_EDGE ( 'NONE', *, *, #8189, .T. ) ;
#13472 = VERTEX_POINT ( 'NONE', #5659 ) ;
#13473 = LINE ( 'NONE', #9087, #8942 ) ;
#13474 = DIRECTION ( 'NONE',  ( 1.000000000000000000, 0.000000000000000000, 0.000000000000000000 ) ) ;
#13475 = DIRECTION ( 'NONE',  ( -0.000000000000000000, -1.000000000000000000, 0.000000000000000000 ) ) ;
#13476 = DIRECTION ( 'NONE',  ( -0.000000000000000000, -1.000000000000000000, -0.000000000000000000 ) ) ;
#13477 = ORIENTED_EDGE ( 'NONE', *, *, #8009, .T. ) ;
#13478 = VERTEX_POINT ( 'NONE', #1415 ) ;
#13479 = SURFACE_STYLE_FILL_AREA ( #9237 ) ;
#13480 = UNCERTAINTY_MEASURE_WITH_UNIT (LENGTH_MEASURE( 1.000000000000000082E-05 ), #4570, 'distance_accuracy_value', 'NONE');
#13481 = CARTESIAN_POINT ( 'NONE',  ( -3.365000000000000213, -22.96649999999999991, -3.509999999999999787 ) ) ;
#13482 = ORIENTED_EDGE ( 'NONE', *, *, #8847, .T. ) ;
#13483 = EDGE_LOOP ( 'NONE', ( #4077, #9461, #1192, #6223, #3231, #5567 ) ) ;
#13484 = VECTOR ( 'NONE', #1240, 1000.000000000000000 ) ;
#13485 = DIRECTION ( 'NONE',  ( 0.000000000000000000, -1.000000000000000000, 0.000000000000000000 ) ) ;
#13486 = EDGE_CURVE ( 'NONE', #7476, #7932, #7946, .T. ) ;
#13487 = VERTEX_POINT ( 'NONE', #11011 ) ;
#13488 = DIRECTION ( 'NONE',  ( 1.000000000000000000, 0.000000000000000000, -0.000000000000000000 ) ) ;
#13489 = DIRECTION ( 'NONE',  ( 0.000000000000000000, 0.000000000000000000, -1.000000000000000000 ) ) ;
#13490 = DIRECTION ( 'NONE',  ( 0.4775043600801353039, 0.8786293792632138278, 0.000000000000000000 ) ) ;
#13491 = CARTESIAN_POINT ( 'NONE',  ( 9.414999999999999147, -22.96649999999999991, 7.519999999999999574 ) ) ;
#13492 = CARTESIAN_POINT ( 'NONE',  ( -8.818927475897094581, -15.34650000000000247, 4.500000000000000888 ) ) ;
#13493 = EDGE_CURVE ( 'NONE', #1498, #6607, #1490, .T. ) ;
#13494 = CARTESIAN_POINT ( 'NONE',  ( -1.270000000000000018, -17.37650000000000006, -4.320000000000000284 ) ) ;
#13495 = LINE ( 'NONE', #12460, #10218 ) ;
#13496 = CARTESIAN_POINT ( 'NONE',  ( -5.724999999999999645, -13.31649999999999956, 3.840000000000000302 ) ) ;
#13497 = ORIENTED_EDGE ( 'NONE', *, *, #11487, .T. ) ;
#13498 = LINE ( 'NONE', #11420, #425 ) ;
#13499 = ADVANCED_FACE ( 'NONE', ( #502, #4754, #8983, #13234 ), #3706, .F. ) ;
#13500 = EDGE_CURVE ( 'NONE', #13267, #8049, #11433, .T. ) ;
#13501 = DIRECTION ( 'NONE',  ( 1.000000000000000000, -0.000000000000000000, 0.000000000000000000 ) ) ;
#13502 = CARTESIAN_POINT ( 'NONE',  ( 5.724999999999999645, -19.40650000000000119, 4.650000000000000355 ) ) ;
#13503 = DIRECTION ( 'NONE',  ( -0.000000000000000000, 0.000000000000000000, 1.000000000000000000 ) ) ;
#13504 = CARTESIAN_POINT ( 'NONE',  ( -3.064999999999999947, -20.17650000000000077, 7.519999999999999574 ) ) ;
#13506 = VERTEX_POINT ( 'NONE', #3976 ) ;
#13505 = CARTESIAN_POINT ( 'NONE',  ( -4.584999999999999964, -22.96649999999999991, 3.509999999999999787 ) ) ;
#13507 = CYLINDRICAL_SURFACE ( 'NONE', #3762, 4.750000000000000000 ) ;
#13508 = CARTESIAN_POINT ( 'NONE',  ( 4.714999999999999858, -13.31649999999999956, 3.629999999999999893 ) ) ;
#13509 = CARTESIAN_POINT ( 'NONE',  ( -8.294999999999999929, -19.40650000000000119, 3.840000000000000302 ) ) ;
#13510 = CARTESIAN_POINT ( 'NONE',  ( 1.395000000000000018, -22.96649999999999991, -3.509999999999999787 ) ) ;
#13511 = DIRECTION ( 'NONE',  ( -1.000000000000000000, 0.000000000000000000, -0.000000000000000000 ) ) ;
#13512 = CARTESIAN_POINT ( 'NONE',  ( -20.30000000000000071, -2.399999999999999911, 0.000000000000000000 ) ) ;
#13513 = CARTESIAN_POINT ( 'NONE',  ( 0.000000000000000000, -21.56650000000000134, 3.840000000000000302 ) ) ;
#13514 = EDGE_CURVE ( 'NONE', #10141, #12481, #1833, .T. ) ;
#13515 = LINE ( 'NONE', #12560, #12078 ) ;
#13516 = ORIENTED_EDGE ( 'NONE', *, *, #7079, .T. ) ;
#13517 = ORIENTED_EDGE ( 'NONE', *, *, #10557, .F. ) ;
#13518 = LINE ( 'NONE', #7342, #1603 ) ;
#13519 = VECTOR ( 'NONE', #1559, 1000.000000000000000 ) ;
#13520 = ORIENTED_EDGE ( 'NONE', *, *, #11507, .F. ) ;
#13521 = ORIENTED_EDGE ( 'NONE', *, *, #13419, .T. ) ;
#13522 = CARTESIAN_POINT ( 'NONE',  ( 10.47035354437000088, -57.58451052000000203, -14.30000000000000071 ) ) ;
#13523 = FACE_OUTER_BOUND ( 'NONE', #9976, .T. ) ;
#13524 = EDGE_CURVE ( 'NONE', #4325, #8029, #12118, .T. ) ;
#13525 = VERTEX_POINT ( 'NONE', #5344 ) ;
#13526 = DIRECTION ( 'NONE',  ( 1.000000000000000000, 0.000000000000000000, -0.000000000000000000 ) ) ;
#13527 = DIRECTION ( 'NONE',  ( -0.8786293792632253741, -0.4775043600801140986, -0.000000000000000000 ) ) ;
#13528 = EDGE_CURVE ( 'NONE', #10774, #2958, #1761, .T. ) ;
#13529 = DIRECTION ( 'NONE',  ( 0.000000000000000000, -0.000000000000000000, -1.000000000000000000 ) ) ;
#13530 = EDGE_CURVE ( 'NONE', #4209, #12462, #715, .T. ) ;
#13531 = AXIS2_PLACEMENT_3D ( 'NONE', #1965, #9384, #13647 ) ;
#13532 = ORIENTED_EDGE ( 'NONE', *, *, #9770, .T. ) ;
#13533 = EDGE_CURVE ( 'NONE', #1525, #5913, #8544, .T. ) ;
#13534 = ORIENTED_EDGE ( 'NONE', *, *, #12998, .T. ) ;
#13535 = DIRECTION ( 'NONE',  ( 0.000000000000000000, 0.000000000000000000, 1.000000000000000000 ) ) ;
#13536 = VERTEX_POINT ( 'NONE', #7195 ) ;
#13537 = VERTEX_POINT ( 'NONE', #10162 ) ;
#13538 = EDGE_CURVE ( 'NONE', #1123, #8863, #9574, .T. ) ;
#13539 = EDGE_CURVE ( 'NONE', #12108, #4700, #6069, .T. ) ;
#13540 = VECTOR ( 'NONE', #7373, 1000.000000000000000 ) ;
#13541 = DIRECTION ( 'NONE',  ( 0.4775043600801140986, 0.8786293792632253741, 0.000000000000000000 ) ) ;
#13542 = CARTESIAN_POINT ( 'NONE',  ( -13.50000000000000000, -2.399999999999999911, 13.40886698681000055 ) ) ;
#13543 = VECTOR ( 'NONE', #4541, 1000.000000000000000 ) ;
#13544 = DIRECTION ( 'NONE',  ( 0.000000000000000000, 0.000000000000000000, 1.000000000000000000 ) ) ;
#13545 = EDGE_LOOP ( 'NONE', ( #1575, #13675, #12730, #11945 ) ) ;
#13546 = PLANE ( 'NONE',  #10326 ) ;
#13547 = DIRECTION ( 'NONE',  ( 1.000000000000000000, 0.000000000000000000, -0.000000000000000000 ) ) ;
#13549 = EDGE_LOOP ( 'NONE', ( #490, #4853, #11804, #9912, #5195, #12789 ) ) ;
#13548 = ADVANCED_FACE ( 'NONE', ( #4299 ), #9127, .T. ) ;
#13550 = ORIENTED_EDGE ( 'NONE', *, *, #6538, .T. ) ;
#13551 = VECTOR ( 'NONE', #2373, 1000.000000000000000 ) ;
#13552 = EDGE_CURVE ( 'NONE', #5105, #10387, #13448, .T. ) ;
#13553 = EDGE_CURVE ( 'NONE', #8330, #8638, #8293, .T. ) ;
#13554 = ORIENTED_EDGE ( 'NONE', *, *, #1611, .F. ) ;
#13555 = DIRECTION ( 'NONE',  ( 0.000000000000000000, 0.000000000000000000, 1.000000000000000000 ) ) ;
#13556 = ORIENTED_EDGE ( 'NONE', *, *, #6688, .F. ) ;
#13557 = DIRECTION ( 'NONE',  ( 0.000000000000000000, 0.000000000000000000, -1.000000000000000000 ) ) ;
#13558 = DIRECTION ( 'NONE',  ( 0.000000000000000000, 0.000000000000000000, 1.000000000000000000 ) ) ;
#13559 = FACE_OUTER_BOUND ( 'NONE', #9597, .T. ) ;
#13560 = DIRECTION ( 'NONE',  ( -1.000000000000000000, 0.000000000000000000, -0.000000000000000000 ) ) ;
#13561 = EDGE_CURVE ( 'NONE', #1943, #9777, #9656, .T. ) ;
#13562 = VECTOR ( 'NONE', #6297, 1000.000000000000000 ) ;
#13563 = CARTESIAN_POINT ( 'NONE',  ( 7.635000000000000675, -17.37650000000000006, 15.50000000000000000 ) ) ;
#13564 = CARTESIAN_POINT ( 'NONE',  ( 6.207611844575000148, 3.200000000000000178, -10.96000000000000085 ) ) ;
#13565 = DIRECTION ( 'NONE',  ( 0.000000000000000000, 0.000000000000000000, 1.000000000000000000 ) ) ;
#13566 = ORIENTED_EDGE ( 'NONE', *, *, #9489, .F. ) ;
#13567 = EDGE_CURVE ( 'NONE', #12935, #7945, #7051, .T. ) ;
#13568 = DIRECTION ( 'NONE',  ( 0.000000000000000000, 1.000000000000000000, -0.000000000000000000 ) ) ;
#13569 = ORIENTED_EDGE ( 'NONE', *, *, #2143, .T. ) ;
#13570 = CARTESIAN_POINT ( 'NONE',  ( 2.285000000000000142, -13.31649999999999956, -3.299999999999999822 ) ) ;
#13571 = LINE ( 'NONE', #13770, #1854 ) ;
#13572 = FACE_OUTER_BOUND ( 'NONE', #9157, .T. ) ;
#13573 = ORIENTED_EDGE ( 'NONE', *, *, #13342, .F. ) ;
#13574 = LINE ( 'NONE', #8292, #13305 ) ;
#13575 = SURFACE_STYLE_USAGE ( .BOTH. , #1697 ) ;
#13576 = CARTESIAN_POINT ( 'NONE',  ( -8.474999999999999645, -19.40650000000000119, 4.850000000000000533 ) ) ;
#13577 = ADVANCED_FACE ( 'NONE', ( #2154 ), #2943, .T. ) ;
#13578 = DIRECTION ( 'NONE',  ( -0.8786293792632253741, 0.4775043600801140986, 0.000000000000000000 ) ) ;
#13579 = LINE ( 'NONE', #9459, #1560 ) ;
#13580 = FACE_OUTER_BOUND ( 'NONE', #5477, .T. ) ;
#13581 =( NAMED_UNIT ( * ) PLANE_ANGLE_UNIT ( ) SI_UNIT ( $, .RADIAN. ) );
#13582 = ADVANCED_FACE ( 'NONE', ( #2216 ), #11946, .F. ) ;
#13583 = SURFACE_SIDE_STYLE ('',( #861 ) ) ;
#13584 = VECTOR ( 'NONE', #11744, 1000.000000000000000 ) ;
#13585 = VERTEX_POINT ( 'NONE', #402 ) ;
#13586 = EDGE_LOOP ( 'NONE', ( #7870, #1845, #3244, #9075 ) ) ;
#13587 = EDGE_CURVE ( 'NONE', #8655, #4280, #1312, .T. ) ;
#13588 = DIRECTION ( 'NONE',  ( -1.000000000000000000, 0.000000000000000000, -0.000000000000000000 ) ) ;
#13589 = ORIENTED_EDGE ( 'NONE', *, *, #8712, .T. ) ;
#13590 = ORIENTED_EDGE ( 'NONE', *, *, #206, .T. ) ;
#13591 = CARTESIAN_POINT ( 'NONE',  ( 8.394999999999999574, -22.67650000000000077, 3.840000000000000302 ) ) ;
#13592 = PLANE ( 'NONE',  #6120 ) ;
#13593 = CARTESIAN_POINT ( 'NONE',  ( -2.285000000000000142, -12.04649999999999999, -3.299999999999999822 ) ) ;
#13594 = ORIENTED_EDGE ( 'NONE', *, *, #8683, .T. ) ;
#13595 = DIRECTION ( 'NONE',  ( 1.000000000000000000, -0.000000000000000000, 0.000000000000000000 ) ) ;
#13596 = CARTESIAN_POINT ( 'NONE',  ( -2.285000000000000142, -15.34650000000000070, -4.320000000000000284 ) ) ;
#13597 = AXIS2_PLACEMENT_3D ( 'NONE', #3629, #5998, #7875 ) ;
#13599 = STYLED_ITEM ( 'NONE', ( #6380 ), #6589 ) ;
#13598 = FACE_OUTER_BOUND ( 'NONE', #4247, .T. ) ;
#13600 = CIRCLE ( 'NONE', #10072, 2.240210137476000174 ) ;
#13601 = VERTEX_POINT ( 'NONE', #9709 ) ;
#13602 = FACE_OUTER_BOUND ( 'NONE', #419, .T. ) ;
#13603 = ORIENTED_EDGE ( 'NONE', *, *, #6198, .T. ) ;
#13604 = AXIS2_PLACEMENT_3D ( 'NONE', #3772, #9261, #4951 ) ;
#13605 = ORIENTED_EDGE ( 'NONE', *, *, #1445, .F. ) ;
#13606 = CARTESIAN_POINT ( 'NONE',  ( 0.000000000000000000, -19.40650000000000119, -3.509999999999999787 ) ) ;
#13607 = DIRECTION ( 'NONE',  ( 0.000000000000000000, 0.000000000000000000, -1.000000000000000000 ) ) ;
#13608 = CARTESIAN_POINT ( 'NONE',  ( -4.584999999999999964, -22.96649999999999991, 0.000000000000000000 ) ) ;
#13609 = ORIENTED_EDGE ( 'NONE', *, *, #6103, .T. ) ;
#13610 =( GEOMETRIC_REPRESENTATION_CONTEXT ( 3 ) GLOBAL_UNCERTAINTY_ASSIGNED_CONTEXT ( ( #6115 ) ) GLOBAL_UNIT_ASSIGNED_CONTEXT ( ( #11096, #7897, #5739 ) ) REPRESENTATION_CONTEXT ( 'NONE', 'WORKASPACE' ) );
#13611 = CARTESIAN_POINT ( 'NONE',  ( 1.270000000000000018, -21.18649999999999878, -3.509999999999999787 ) ) ;
#13612 = PLANE ( 'NONE',  #2114 ) ;
#13613 = ORIENTED_EDGE ( 'NONE', *, *, #12083, .T. ) ;
#13614 = ORIENTED_EDGE ( 'NONE', *, *, #2836, .T. ) ;
#13615 = UNCERTAINTY_MEASURE_WITH_UNIT (LENGTH_MEASURE( 1.000000000000000082E-05 ), #11600, 'distance_accuracy_value', 'NONE');
#13616 = EDGE_CURVE ( 'NONE', #13176, #3112, #6342, .T. ) ;
#13617 = AXIS2_PLACEMENT_3D ( 'NONE', #3074, #8221, #7324 ) ;
#13618 = EDGE_CURVE ( 'NONE', #2842, #10211, #11805, .T. ) ;
#13619 = AXIS2_PLACEMENT_3D ( 'NONE', #3228, #8300, #6218 ) ;
#13620 = ORIENTED_EDGE ( 'NONE', *, *, #9839, .F. ) ;
#13621 = AXIS2_PLACEMENT_3D ( 'NONE', #12664, #5687, #9704 ) ;
#13622 = CARTESIAN_POINT ( 'NONE',  ( 5.219999999999999751, -2.673278531665000290, -0.1000000000000002554 ) ) ;
#13623 = EDGE_CURVE ( 'NONE', #12518, #2287, #10691, .T. ) ;
#13624 = VERTEX_POINT ( 'NONE', #9852 ) ;
#13625 = CARTESIAN_POINT ( 'NONE',  ( -8.320800000000000196, -2.337200000000000166, -0.5000000000000001110 ) ) ;
#13626 = FACE_OUTER_BOUND ( 'NONE', #11594, .T. ) ;
#13627 = LINE ( 'NONE', #4095, #7847 ) ;
#13628 = DIRECTION ( 'NONE',  ( 0.000000000000000000, 0.000000000000000000, 1.000000000000000000 ) ) ;
#13629 = LINE ( 'NONE', #7104, #12437 ) ;
#13630 = AXIS2_PLACEMENT_3D ( 'NONE', #8822, #13077, #554 ) ;
#13631 = PLANE ( 'NONE',  #9640 ) ;
#13632 = AXIS2_PLACEMENT_3D ( 'NONE', #3009, #11488, #1959 ) ;
#13633 = DIRECTION ( 'NONE',  ( 0.000000000000000000, -0.000000000000000000, 1.000000000000000000 ) ) ;
#13634 = DIRECTION ( 'NONE',  ( 0.000000000000000000, 0.000000000000000000, 1.000000000000000000 ) ) ;
#13635 = ORIENTED_EDGE ( 'NONE', *, *, #742, .F. ) ;
#13636 = VECTOR ( 'NONE', #3300, 1000.000000000000000 ) ;
#13637 = VECTOR ( 'NONE', #9797, 1000.000000000000000 ) ;
#13638 = AXIS2_PLACEMENT_3D ( 'NONE', #7536, #2525, #7948 ) ;
#13639 = PLANE ( 'NONE',  #1408 ) ;
#13640 = VECTOR ( 'NONE', #13535, 1000.000000000000000 ) ;
#13641 = ORIENTED_EDGE ( 'NONE', *, *, #7643, .T. ) ;
#13642 = CYLINDRICAL_SURFACE ( 'NONE', #3867, 0.2000000000000000944 ) ;
#13643 = CYLINDRICAL_SURFACE ( 'NONE', #5186, 1.750000000000001554 ) ;
#13644 = AXIS2_PLACEMENT_3D ( 'NONE', #11652, #3429, #7678 ) ;
#13645 = FILL_AREA_STYLE_COLOUR ( '', #6721 ) ;
#13646 = VERTEX_POINT ( 'NONE', #7508 ) ;
#13647 = DIRECTION ( 'NONE',  ( 1.000000000000000000, 0.000000000000000000, 0.000000000000000000 ) ) ;
#13648 = FACE_OUTER_BOUND ( 'NONE', #6709, .T. ) ;
#13649 = PLANE ( 'NONE',  #8745 ) ;
#13650 = VECTOR ( 'NONE', #2439, 1000.000000000000000 ) ;
#13651 = DIRECTION ( 'NONE',  ( -1.000000000000000000, 0.000000000000000000, 0.000000000000000000 ) ) ;
#13652 = LINE ( 'NONE', #8367, #2188 ) ;
#13653 = VECTOR ( 'NONE', #8136, 1000.000000000000000 ) ;
#13654 = ORIENTED_EDGE ( 'NONE', *, *, #4174, .T. ) ;
#13655 = CYLINDRICAL_SURFACE ( 'NONE', #4290, 0.1999999999999996503 ) ;
#13656 = VECTOR ( 'NONE', #4497, 1000.000000000000000 ) ;
#13657 = ORIENTED_EDGE ( 'NONE', *, *, #7046, .F. ) ;
#13658 = ORIENTED_EDGE ( 'NONE', *, *, #1626, .T. ) ;
#13659 = FACE_OUTER_BOUND ( 'NONE', #13691, .T. ) ;
#13660 = EDGE_CURVE ( 'NONE', #10940, #3671, #5478, .T. ) ;
#13661 = VERTEX_POINT ( 'NONE', #11881 ) ;
#13662 = ORIENTED_EDGE ( 'NONE', *, *, #2792, .T. ) ;
#13663 = CARTESIAN_POINT ( 'NONE',  ( 5.220000000000005969, -2.673278531664997182, -0.1000000000000001998 ) ) ;
#13664 = LINE ( 'NONE', #11449, #10994 ) ;
#13665 = AXIS2_PLACEMENT_3D ( 'NONE', #3510, #1362, #9697 ) ;
#13666 = LINE ( 'NONE', #13593, #12755 ) ;
#13667 = ORIENTED_EDGE ( 'NONE', *, *, #4773, .T. ) ;
#13668 = DIRECTION ( 'NONE',  ( 0.000000000000000000, 0.000000000000000000, 1.000000000000000000 ) ) ;
#13669 = CIRCLE ( 'NONE', #6334, 4.750000000000000000 ) ;
#13670 = LINE ( 'NONE', #6168, #8215 ) ;
#13671 = ADVANCED_FACE ( 'NONE', ( #6599 ), #10898, .F. ) ;
#13672 = DIRECTION ( 'NONE',  ( 1.000000000000000000, 0.000000000000000000, 0.000000000000000000 ) ) ;
#13673 = CARTESIAN_POINT ( 'NONE',  ( -8.859999999999999432, -15.22000000000000242, 4.959999999999999964 ) ) ;
#13674 = ADVANCED_FACE ( 'NONE', ( #4429 ), #6526, .F. ) ;
#13675 = ORIENTED_EDGE ( 'NONE', *, *, #3833, .T. ) ;
#13676 = LINE ( 'NONE', #4005, #12322 ) ;
#13677 = VERTEX_POINT ( 'NONE', #12921 ) ;
#13678 = ORIENTED_EDGE ( 'NONE', *, *, #4269, .F. ) ;
#13679 = DIRECTION ( 'NONE',  ( 0.000000000000000000, -1.000000000000000000, 0.000000000000000000 ) ) ;
#13680 = CARTESIAN_POINT ( 'NONE',  ( 8.394999999999999574, -23.77649999999999864, 4.650000000000000355 ) ) ;
#13681 = FACE_OUTER_BOUND ( 'NONE', #10253, .T. ) ;
#13682 = EDGE_LOOP ( 'NONE', ( #867, #9135, #9563, #79, #7238, #256, #7356, #114, #6851, #5272, #401, #7644, #5082, #7472, #7766, #1150, #1995, #10111, #7343, #5332, #5538, #1882, #1446, #8126 ) ) ;
#13683 = CARTESIAN_POINT ( 'NONE',  ( 21.75000000000000355, -8.699999999999999289, 13.40886698681000055 ) ) ;
#13684 = CARTESIAN_POINT ( 'NONE',  ( 4.612359312880999873, 3.589199999999999946, -7.834999999999999964 ) ) ;
#13685 = ORIENTED_EDGE ( 'NONE', *, *, #6353, .T. ) ;
#13686 = ORIENTED_EDGE ( 'NONE', *, *, #13377, .F. ) ;
#13687 = EDGE_CURVE ( 'NONE', #6604, #9125, #8743, .T. ) ;
#13688 = VECTOR ( 'NONE', #7896, 1000.000000000000000 ) ;
#13689 = EDGE_LOOP ( 'NONE', ( #1857, #2765, #4212, #8402, #7890, #5881 ) ) ;
#13690 = DIRECTION ( 'NONE',  ( -1.000000000000000000, -0.000000000000000000, 0.000000000000000000 ) ) ;
#13691 = EDGE_LOOP ( 'NONE', ( #1574, #12485, #9896, #9932, #11169, #2337 ) ) ;
#13692 = DIRECTION ( 'NONE',  ( 0.000000000000000000, 1.000000000000000000, 0.000000000000000000 ) ) ;
#13693 = CARTESIAN_POINT ( 'NONE',  ( -1.475000000000000089, -15.34650000000000070, -3.310000000000000053 ) ) ;
#13694 = DIRECTION ( 'NONE',  ( 0.000000000000000000, 0.000000000000000000, -1.000000000000000000 ) ) ;
#13695 = LINE ( 'NONE', #2014, #4730 ) ;
#13696 = CARTESIAN_POINT ( 'NONE',  ( 5.605000000000001315, -23.77649999999999508, 15.50000000000000000 ) ) ;
#13697 = EDGE_CURVE ( 'NONE', #6708, #3863, #6735, .T. ) ;
#13698 = VECTOR ( 'NONE', #4974, 1000.000000000000000 ) ;
#13699 = CARTESIAN_POINT ( 'NONE',  ( 6.207611844575000148, -15.22000000000000242, -4.460000000000000853 ) ) ;
#13700 = LINE ( 'NONE', #7451, #12687 ) ;
#13701 = DIRECTION ( 'NONE',  ( 0.000000000000000000, 0.000000000000000000, 1.000000000000000000 ) ) ;
#13702 = ORIENTED_EDGE ( 'NONE', *, *, #7006, .T. ) ;
#13703 = EDGE_CURVE ( 'NONE', #10543, #4313, #8945, .T. ) ;
#13704 = CARTESIAN_POINT ( 'NONE',  ( -7.000000000000000000, -22.58650000000000091, 3.840000000000000302 ) ) ;
#13705 = ORIENTED_EDGE ( 'NONE', *, *, #1195, .F. ) ;
#13706 = DIRECTION ( 'NONE',  ( 0.000000000000000000, 1.000000000000000000, 0.000000000000000000 ) ) ;
#13707 = DIRECTION ( 'NONE',  ( 0.000000000000000000, 1.000000000000000000, 0.000000000000000000 ) ) ;
#13708 = CARTESIAN_POINT ( 'NONE',  ( -8.800000000000000711, 0.000000000000000000, -12.90000000000000036 ) ) ;
#13709 = EDGE_CURVE ( 'NONE', #4197, #9906, #11255, .T. ) ;
#13710 =( LENGTH_UNIT ( ) NAMED_UNIT ( * ) SI_UNIT ( .MILLI., .METRE. ) );
#13711 = DIRECTION ( 'NONE',  ( -1.000000000000000000, -0.000000000000000000, -0.000000000000000000 ) ) ;
#13712 = FACE_OUTER_BOUND ( 'NONE', #101, .T. ) ;
#13713 = PRESENTATION_STYLE_ASSIGNMENT (( #7270 ) ) ;
#13714 = CARTESIAN_POINT ( 'NONE',  ( 11.42999999999999972, -15.22000000000000064, -1.017359312880999900 ) ) ;
#13715 = ORIENTED_EDGE ( 'NONE', *, *, #2112, .F. ) ;
#13716 = CARTESIAN_POINT ( 'NONE',  ( -3.634999999999999787, -21.56650000000000134, 3.509999999999999787 ) ) ;
#13717 = ORIENTED_EDGE ( 'NONE', *, *, #8054, .T. ) ;
#13718 = FILL_AREA_STYLE_COLOUR ( '', #1628 ) ;
#13719 = EDGE_CURVE ( 'NONE', #862, #12287, #2782, .T. ) ;
#13720 = VERTEX_POINT ( 'NONE', #9159 ) ;
#13721 = VERTEX_POINT ( 'NONE', #541 ) ;
#13722 = CARTESIAN_POINT ( 'NONE',  ( 10.80380592229198200, 3.200000000000000178, -9.056194077709578849 ) ) ;
#13723 = ORIENTED_EDGE ( 'NONE', *, *, #2685, .T. ) ;
#13725 = ORIENTED_EDGE ( 'NONE', *, *, #9447, .F. ) ;
#13724 = DIRECTION ( 'NONE',  ( 0.000000000000000000, -0.000000000000000000, -1.000000000000000000 ) ) ;
#13726 = CARTESIAN_POINT ( 'NONE',  ( -0.4949999999999999956, -23.77649999999999864, -1.830000000000000071 ) ) ;
#13727 = SURFACE_STYLE_FILL_AREA ( #10455 ) ;
#13728 = ORIENTED_EDGE ( 'NONE', *, *, #3459, .F. ) ;
#13729 = LINE ( 'NONE', #6167, #2086 ) ;
#13730 = DIRECTION ( 'NONE',  ( 0.000000000000000000, 0.000000000000000000, -1.000000000000000000 ) ) ;
#13731 = CARTESIAN_POINT ( 'NONE',  ( 2.415000000000000036, -21.18649999999999878, -4.500000000000000888 ) ) ;
#13732 = VECTOR ( 'NONE', #4385, 1000.000000000000000 ) ;
#13733 = EDGE_CURVE ( 'NONE', #6081, #11957, #13134, .T. ) ;
#13734 = ORIENTED_EDGE ( 'NONE', *, *, #2556, .F. ) ;
#13735 = DIRECTION ( 'NONE',  ( -1.000000000000000000, 0.000000000000000000, -0.000000000000000000 ) ) ;
#13736 = VERTEX_POINT ( 'NONE', #11182 ) ;
#13737 = ORIENTED_EDGE ( 'NONE', *, *, #2269, .F. ) ;
#13738 = PLANE ( 'NONE',  #5030 ) ;
#13739 = DIRECTION ( 'NONE',  ( 0.000000000000000000, 1.000000000000000000, 0.000000000000000000 ) ) ;
#13740 = CARTESIAN_POINT ( 'NONE',  ( 0.000000000000000000, -22.96649999999999991, 0.5000000000000000000 ) ) ;
#13741 = ORIENTED_EDGE ( 'NONE', *, *, #2807, .F. ) ;
#13742 = AXIS2_PLACEMENT_3D ( 'NONE', #2649, #7787, #279 ) ;
#13743 = CIRCLE ( 'NONE', #12429, 0.9899999999999995470 ) ;
#13744 = EDGE_CURVE ( 'NONE', #40, #5617, #4923, .T. ) ;
#13745 = CARTESIAN_POINT ( 'NONE',  ( -0.4949999999999999956, -24.27649999999999864, 1.145000000000000240 ) ) ;
#13746 = ORIENTED_EDGE ( 'NONE', *, *, #3272, .T. ) ;
#13747 = VECTOR ( 'NONE', #4235, 1000.000000000000000 ) ;
#13748 = VECTOR ( 'NONE', #10356, 1000.000000000000000 ) ;
#13749 = ORIENTED_EDGE ( 'NONE', *, *, #4591, .T. ) ;
#13750 = VECTOR ( 'NONE', #10000, 1000.000000000000000 ) ;
#13751 = COLOUR_RGB ( '',1.000000000000000000, 1.000000000000000000, 1.000000000000000000 ) ;
#13752 = VECTOR ( 'NONE', #6631, 1000.000000000000000 ) ;
#13753 = ORIENTED_EDGE ( 'NONE', *, *, #10758, .T. ) ;
#13754 = EDGE_CURVE ( 'NONE', #13421, #13075, #7983, .T. ) ;
#13755 = CARTESIAN_POINT ( 'NONE',  ( 1.499999999999999556, 0.000000000000000000, -12.90000000000000036 ) ) ;
#13756 = ORIENTED_EDGE ( 'NONE', *, *, #3093, .T. ) ;
#13757 = CARTESIAN_POINT ( 'NONE',  ( -10.36500000000000021, -22.96649999999999991, 4.650000000000000355 ) ) ;
#13758 = CARTESIAN_POINT ( 'NONE',  ( 5.724999999999999645, -16.36152659300000067, 3.640000000000000124 ) ) ;
#13759 = PLANE ( 'NONE',  #65 ) ;
#13760 = EDGE_CURVE ( 'NONE', #5057, #7295, #12358, .T. ) ;
#13761 =( NAMED_UNIT ( * ) SI_UNIT ( $, .STERADIAN. ) SOLID_ANGLE_UNIT ( ) );
#13762 = EDGE_CURVE ( 'NONE', #10416, #9675, #7840, .T. ) ;
#13763 = CARTESIAN_POINT ( 'NONE',  ( -6.489999999999998437, -3.313815743960000226, -0.1000000000000007827 ) ) ;
#13764 = AXIS2_PLACEMENT_3D ( 'NONE', #4043, #12474, #793 ) ;
#13765 = VERTEX_POINT ( 'NONE', #12169 ) ;
#13766 = PLANE ( 'NONE',  #3866 ) ;
#13767 = EDGE_LOOP ( 'NONE', ( #7344, #7914, #1057, #8820 ) ) ;
#13768 = CARTESIAN_POINT ( 'NONE',  ( 5.931689797203047121, -2.286500000000086352, 4.500000000000000888 ) ) ;
#13769 = EDGE_CURVE ( 'NONE', #10123, #9821, #6876, .T. ) ;
#13771 = PRESENTATION_LAYER_ASSIGNMENT (  '', '', ( #10225 ) ) ;
#13770 = CARTESIAN_POINT ( 'NONE',  ( 3.064999999999999947, -17.94999999999999929, 0.000000000000000000 ) ) ;
#13772 = DIRECTION ( 'NONE',  ( 0.000000000000000000, 0.000000000000000000, 1.000000000000000000 ) ) ;
ENDSEC;
END-ISO-10303-21;
